din_instante,irradiancia_wm2,temperatura_c,vento_ms,nuvens_pct,regiao,latitude,longitude,hora,mes
2024-01-01 00:00:00,0.0,25.65,1.72,98.82,Nordeste,-8.0,-40.0,0,1
2024-01-01 01:00:00,0.0,25.28,1.66,93.09,Nordeste,-8.0,-40.0,1,1
2024-01-01 02:00:00,0.0,24.84,1.75,97.17,Nordeste,-8.0,-40.0,2,1
2024-01-01 03:00:00,0.0,24.46,1.86,99.24,Nordeste,-8.0,-40.0,3,1
2024-01-01 04:00:00,0.0,24.21,1.88,99.61,Nordeste,-8.0,-40.0,4,1
2024-01-01 05:00:00,6.4,24.11,1.75,100.0,Nordeste,-8.0,-40.0,5,1
2024-01-01 06:00:00,65.3,24.44,1.97,100.0,Nordeste,-8.0,-40.0,6,1
2024-01-01 07:00:00,144.45,25.16,2.56,100.0,Nordeste,-8.0,-40.0,7,1
2024-01-01 08:00:00,223.02,26.1,2.87,99.35,Nordeste,-8.0,-40.0,8,1
2024-01-01 09:00:00,449.85,27.09,2.86,97.88,Nordeste,-8.0,-40.0,9,1
2024-01-01 10:00:00,606.35,27.97,2.99,96.39,Nordeste,-8.0,-40.0,10,1
2024-01-01 11:00:00,616.33,28.54,3.02,91.15,Nordeste,-8.0,-40.0,11,1
2024-01-01 12:00:00,664.8,28.87,2.69,93.93,Nordeste,-8.0,-40.0,12,1
2024-01-01 13:00:00,668.3,29.09,2.3,84.15,Nordeste,-8.0,-40.0,13,1
2024-01-01 14:00:00,455.73,29.12,2.3,86.95,Nordeste,-8.0,-40.0,14,1
2024-01-01 15:00:00,260.88,29.26,2.5,94.46,Nordeste,-8.0,-40.0,15,1
2024-01-01 16:00:00,135.35,28.92,2.61,93.4,Nordeste,-8.0,-40.0,16,1
2024-01-01 17:00:00,29.1,27.64,1.74,92.91,Nordeste,-8.0,-40.0,17,1
2024-01-01 18:00:00,0.0,26.32,1.46,89.18,Nordeste,-8.0,-40.0,18,1
2024-01-01 19:00:00,0.0,25.89,1.4,94.25,Nordeste,-8.0,-40.0,19,1
2024-01-01 20:00:00,0.0,25.52,1.44,95.14,Nordeste,-8.0,-40.0,20,1
2024-01-01 21:00:00,0.0,25.13,1.53,84.53,Nordeste,-8.0,-40.0,21,1
2024-01-01 22:00:00,0.0,24.77,1.68,83.59,Nordeste,-8.0,-40.0,22,1
2024-01-01 23:00:00,0.0,24.46,1.82,68.25,Nordeste,-8.0,-40.0,23,1
2024-01-02 00:00:00,0.0,24.15,1.99,64.94,Nordeste,-8.0,-40.0,0,1
2024-01-02 01:00:00,0.0,23.85,2.09,78.17,Nordeste,-8.0,-40.0,1,1
2024-01-02 02:00:00,0.0,23.53,2.12,75.89,Nordeste,-8.0,-40.0,2,1
2024-01-02 03:00:00,0.0,23.28,2.2,59.87,Nordeste,-8.0,-40.0,3,1
2024-01-02 04:00:00,0.0,23.11,2.39,53.02,Nordeste,-8.0,-40.0,4,1
2024-01-02 05:00:00,9.38,23.09,2.68,59.21,Nordeste,-8.0,-40.0,5,1
2024-01-02 06:00:00,112.72,23.93,3.47,65.46,Nordeste,-8.0,-40.0,6,1
2024-01-02 07:00:00,253.93,25.55,3.8,71.58,Nordeste,-8.0,-40.0,7,1
2024-01-02 08:00:00,448.08,28.1,3.56,76.92,Nordeste,-8.0,-40.0,8,1
2024-01-02 09:00:00,586.72,30.29,2.97,83.11,Nordeste,-8.0,-40.0,9,1
2024-01-02 10:00:00,705.15,32.02,2.4,89.4,Nordeste,-8.0,-40.0,10,1
2024-01-02 11:00:00,727.08,33.24,1.91,91.41,Nordeste,-8.0,-40.0,11,1
2024-01-02 12:00:00,749.33,33.95,1.47,60.5,Nordeste,-8.0,-40.0,12,1
2024-01-02 13:00:00,643.95,34.22,1.17,90.02,Nordeste,-8.0,-40.0,13,1
2024-01-02 14:00:00,485.45,33.99,1.05,83.19,Nordeste,-8.0,-40.0,14,1
2024-01-02 15:00:00,341.77,33.34,1.18,85.67,Nordeste,-8.0,-40.0,15,1
2024-01-02 16:00:00,176.4,31.93,1.67,82.06,Nordeste,-8.0,-40.0,16,1
2024-01-02 17:00:00,37.17,29.76,2.02,79.13,Nordeste,-8.0,-40.0,17,1
2024-01-02 18:00:00,0.0,27.74,2.3,72.55,Nordeste,-8.0,-40.0,18,1
2024-01-02 19:00:00,0.0,26.67,2.89,88.52,Nordeste,-8.0,-40.0,19,1
2024-01-02 20:00:00,0.0,25.9,2.98,95.3,Nordeste,-8.0,-40.0,20,1
2024-01-02 21:00:00,0.0,25.41,2.89,98.16,Nordeste,-8.0,-40.0,21,1
2024-01-02 22:00:00,0.0,24.99,2.77,98.97,Nordeste,-8.0,-40.0,22,1
2024-01-02 23:00:00,0.0,24.6,2.65,99.37,Nordeste,-8.0,-40.0,23,1
2024-01-03 00:00:00,0.0,24.26,2.53,99.18,Nordeste,-8.0,-40.0,0,1
2024-01-03 01:00:00,0.0,23.98,2.32,98.76,Nordeste,-8.0,-40.0,1,1
2024-01-03 02:00:00,0.0,23.76,1.93,99.27,Nordeste,-8.0,-40.0,2,1
2024-01-03 03:00:00,0.0,23.58,1.73,99.18,Nordeste,-8.0,-40.0,3,1
2024-01-03 04:00:00,0.0,23.37,1.69,99.35,Nordeste,-8.0,-40.0,4,1
2024-01-03 05:00:00,8.07,23.25,1.77,98.89,Nordeste,-8.0,-40.0,5,1
2024-01-03 06:00:00,93.0,24.64,2.81,99.07,Nordeste,-8.0,-40.0,6,1
2024-01-03 07:00:00,232.38,26.76,3.03,98.37,Nordeste,-8.0,-40.0,7,1
2024-01-03 08:00:00,390.77,29.12,2.57,98.49,Nordeste,-8.0,-40.0,8,1
2024-01-03 09:00:00,582.15,31.29,2.17,98.53,Nordeste,-8.0,-40.0,9,1
2024-01-03 10:00:00,768.08,33.09,1.97,88.56,Nordeste,-8.0,-40.0,10,1
2024-01-03 11:00:00,829.7,34.47,1.97,83.1,Nordeste,-8.0,-40.0,11,1
2024-01-03 12:00:00,786.83,35.33,2.03,68.12,Nordeste,-8.0,-40.0,12,1
2024-01-03 13:00:00,745.03,35.64,2.12,74.52,Nordeste,-8.0,-40.0,13,1
2024-01-03 14:00:00,610.08,35.42,2.11,68.41,Nordeste,-8.0,-40.0,14,1
2024-01-03 15:00:00,422.83,34.28,1.93,62.77,Nordeste,-8.0,-40.0,15,1
2024-01-03 16:00:00,219.8,33.05,1.75,72.83,Nordeste,-8.0,-40.0,16,1
2024-01-03 17:00:00,44.2,31.36,1.37,83.62,Nordeste,-8.0,-40.0,17,1
2024-01-03 18:00:00,0.0,29.59,1.09,94.89,Nordeste,-8.0,-40.0,18,1
2024-01-03 19:00:00,0.0,28.77,1.27,80.34,Nordeste,-8.0,-40.0,19,1
2024-01-03 20:00:00,0.0,28.0,1.45,83.69,Nordeste,-8.0,-40.0,20,1
2024-01-03 21:00:00,0.0,27.33,1.56,91.7,Nordeste,-8.0,-40.0,21,1
2024-01-03 22:00:00,0.0,26.6,1.63,94.24,Nordeste,-8.0,-40.0,22,1
2024-01-03 23:00:00,0.0,25.86,1.71,98.96,Nordeste,-8.0,-40.0,23,1
2024-01-04 00:00:00,0.0,25.25,1.73,98.63,Nordeste,-8.0,-40.0,0,1
2024-01-04 01:00:00,0.0,24.72,1.77,99.23,Nordeste,-8.0,-40.0,1,1
2024-01-04 02:00:00,0.0,24.28,1.93,98.15,Nordeste,-8.0,-40.0,2,1
2024-01-04 03:00:00,0.0,23.9,2.3,88.37,Nordeste,-8.0,-40.0,3,1
2024-01-04 04:00:00,0.0,23.48,2.44,72.61,Nordeste,-8.0,-40.0,4,1
2024-01-04 05:00:00,10.27,23.32,2.69,70.87,Nordeste,-8.0,-40.0,5,1
2024-01-04 06:00:00,132.02,25.05,4.39,69.32,Nordeste,-8.0,-40.0,6,1
2024-01-04 07:00:00,302.65,27.56,4.73,67.04,Nordeste,-8.0,-40.0,7,1
2024-01-04 08:00:00,512.25,30.13,3.99,64.91,Nordeste,-8.0,-40.0,8,1
2024-01-04 09:00:00,722.53,32.38,3.4,58.69,Nordeste,-8.0,-40.0,9,1
2024-01-04 10:00:00,856.6,34.16,3.09,70.15,Nordeste,-8.0,-40.0,10,1
2024-01-04 11:00:00,885.05,35.55,2.81,73.07,Nordeste,-8.0,-40.0,11,1
2024-01-04 12:00:00,925.97,36.47,2.62,46.53,Nordeste,-8.0,-40.0,12,1
2024-01-04 13:00:00,733.85,36.89,2.51,48.75,Nordeste,-8.0,-40.0,13,1
2024-01-04 14:00:00,690.35,36.71,2.36,30.19,Nordeste,-8.0,-40.0,14,1
2024-01-04 15:00:00,481.25,36.07,2.26,29.23,Nordeste,-8.0,-40.0,15,1
2024-01-04 16:00:00,262.62,34.61,2.17,23.61,Nordeste,-8.0,-40.0,16,1
2024-01-04 17:00:00,57.85,32.54,1.55,14.34,Nordeste,-8.0,-40.0,17,1
2024-01-04 18:00:00,0.0,30.55,1.35,6.06,Nordeste,-8.0,-40.0,18,1
2024-01-04 19:00:00,0.0,29.84,1.41,1.3,Nordeste,-8.0,-40.0,19,1
2024-01-04 20:00:00,0.0,29.1,1.47,1.74,Nordeste,-8.0,-40.0,20,1
2024-01-04 21:00:00,0.0,28.4,1.55,0.87,Nordeste,-8.0,-40.0,21,1
2024-01-04 22:00:00,0.0,27.63,1.7,16.56,Nordeste,-8.0,-40.0,22,1
2024-01-04 23:00:00,0.0,26.88,1.84,52.28,Nordeste,-8.0,-40.0,23,1
2024-01-05 00:00:00,0.0,25.94,1.98,40.93,Nordeste,-8.0,-40.0,0,1
2024-01-05 01:00:00,0.0,25.22,1.93,22.34,Nordeste,-8.0,-40.0,1,1
2024-01-05 02:00:00,0.0,24.56,1.83,31.21,Nordeste,-8.0,-40.0,2,1
2024-01-05 03:00:00,0.0,24.01,2.25,53.37,Nordeste,-8.0,-40.0,3,1
2024-01-05 04:00:00,0.0,23.55,3.04,75.09,Nordeste,-8.0,-40.0,4,1
2024-01-05 05:00:00,9.05,23.31,3.41,74.06,Nordeste,-8.0,-40.0,5,1
2024-01-05 06:00:00,130.2,25.12,4.72,71.71,Nordeste,-8.0,-40.0,6,1
2024-01-05 07:00:00,298.05,27.89,4.89,70.69,Nordeste,-8.0,-40.0,7,1
2024-01-05 08:00:00,546.6,30.87,3.83,69.39,Nordeste,-8.0,-40.0,8,1
2024-01-05 09:00:00,706.6,33.49,2.65,93.97,Nordeste,-8.0,-40.0,9,1
2024-01-05 10:00:00,859.72,35.44,1.97,92.57,Nordeste,-8.0,-40.0,10,1
2024-01-05 11:00:00,914.4,36.94,1.56,93.12,Nordeste,-8.0,-40.0,11,1
2024-01-05 12:00:00,917.72,37.98,1.19,80.01,Nordeste,-8.0,-40.0,12,1
2024-01-05 13:00:00,738.6,38.49,0.87,88.22,Nordeste,-8.0,-40.0,13,1
2024-01-05 14:00:00,661.88,38.49,0.73,71.56,Nordeste,-8.0,-40.0,14,1
2024-01-05 15:00:00,463.1,37.96,0.8,74.58,Nordeste,-8.0,-40.0,15,1
2024-01-05 16:00:00,247.35,36.79,0.94,62.33,Nordeste,-8.0,-40.0,16,1
2024-01-05 17:00:00,53.47,34.6,0.79,50.03,Nordeste,-8.0,-40.0,17,1
2024-01-05 18:00:00,0.0,32.53,0.55,37.69,Nordeste,-8.0,-40.0,18,1
2024-01-05 19:00:00,0.0,32.08,0.48,34.97,Nordeste,-8.0,-40.0,19,1
2024-01-05 20:00:00,0.0,30.77,1.25,19.91,Nordeste,-8.0,-40.0,20,1
2024-01-05 21:00:00,0.0,29.68,1.79,26.54,Nordeste,-8.0,-40.0,21,1
2024-01-05 22:00:00,0.0,28.91,2.38,39.34,Nordeste,-8.0,-40.0,22,1
2024-01-05 23:00:00,0.0,28.2,2.84,55.05,Nordeste,-8.0,-40.0,23,1
2024-01-06 00:00:00,0.0,27.36,2.88,34.34,Nordeste,-8.0,-40.0,0,1
2024-01-06 01:00:00,0.0,26.74,2.77,75.39,Nordeste,-8.0,-40.0,1,1
2024-01-06 02:00:00,0.0,26.2,2.42,79.26,Nordeste,-8.0,-40.0,2,1
2024-01-06 03:00:00,0.0,25.71,1.95,82.33,Nordeste,-8.0,-40.0,3,1
2024-01-06 04:00:00,0.0,25.04,1.35,94.42,Nordeste,-8.0,-40.0,4,1
2024-01-06 05:00:00,9.3,25.09,0.57,94.2,Nordeste,-8.0,-40.0,5,1
2024-01-06 06:00:00,126.43,26.89,0.32,92.47,Nordeste,-8.0,-40.0,6,1
2024-01-06 07:00:00,302.75,29.16,0.79,92.64,Nordeste,-8.0,-40.0,7,1
2024-01-06 08:00:00,522.7,31.44,0.72,92.51,Nordeste,-8.0,-40.0,8,1
2024-01-06 09:00:00,673.78,33.26,0.55,92.98,Nordeste,-8.0,-40.0,9,1
2024-01-06 10:00:00,826.75,34.57,0.73,86.33,Nordeste,-8.0,-40.0,10,1
2024-01-06 11:00:00,863.85,35.64,0.97,81.47,Nordeste,-8.0,-40.0,11,1
2024-01-06 12:00:00,880.58,36.29,1.46,58.87,Nordeste,-8.0,-40.0,12,1
2024-01-06 13:00:00,775.08,36.47,2.01,46.65,Nordeste,-8.0,-40.0,13,1
2024-01-06 14:00:00,642.65,35.92,2.48,48.77,Nordeste,-8.0,-40.0,14,1
2024-01-06 15:00:00,447.45,35.02,2.76,41.68,Nordeste,-8.0,-40.0,15,1
2024-01-06 16:00:00,233.43,33.88,2.74,41.45,Nordeste,-8.0,-40.0,16,1
2024-01-06 17:00:00,47.22,31.94,1.93,42.96,Nordeste,-8.0,-40.0,17,1
2024-01-06 18:00:00,0.0,30.09,1.36,42.39,Nordeste,-8.0,-40.0,18,1
2024-01-06 19:00:00,0.0,29.7,1.06,39.48,Nordeste,-8.0,-40.0,19,1
2024-01-06 20:00:00,0.0,29.66,0.64,25.43,Nordeste,-8.0,-40.0,20,1
2024-01-06 21:00:00,0.0,29.26,0.61,12.59,Nordeste,-8.0,-40.0,21,1
2024-01-06 22:00:00,0.0,28.36,0.97,8.07,Nordeste,-8.0,-40.0,22,1
2024-01-06 23:00:00,0.0,27.46,1.24,30.78,Nordeste,-8.0,-40.0,23,1
2024-01-07 00:00:00,0.0,26.73,1.18,51.14,Nordeste,-8.0,-40.0,0,1
2024-01-07 01:00:00,0.0,26.39,0.87,27.79,Nordeste,-8.0,-40.0,1,1
2024-01-07 02:00:00,0.0,26.01,0.92,48.62,Nordeste,-8.0,-40.0,2,1
2024-01-07 03:00:00,0.0,25.3,1.36,54.25,Nordeste,-8.0,-40.0,3,1
2024-01-07 04:00:00,0.0,24.6,1.56,50.32,Nordeste,-8.0,-40.0,4,1
2024-01-07 05:00:00,9.25,24.25,1.61,53.78,Nordeste,-8.0,-40.0,5,1
2024-01-07 06:00:00,129.23,25.8,2.83,59.23,Nordeste,-8.0,-40.0,6,1
2024-01-07 07:00:00,304.52,28.31,3.38,61.33,Nordeste,-8.0,-40.0,7,1
2024-01-07 08:00:00,512.88,30.94,2.71,63.89,Nordeste,-8.0,-40.0,8,1
2024-01-07 09:00:00,711.33,33.02,2.25,60.78,Nordeste,-8.0,-40.0,9,1
2024-01-07 10:00:00,874.75,34.81,2.37,46.15,Nordeste,-8.0,-40.0,10,1
2024-01-07 11:00:00,925.38,36.24,2.75,45.85,Nordeste,-8.0,-40.0,11,1
2024-01-07 12:00:00,914.78,37.19,3.23,51.86,Nordeste,-8.0,-40.0,12,1
2024-01-07 13:00:00,778.2,37.59,3.69,36.46,Nordeste,-8.0,-40.0,13,1
2024-01-07 14:00:00,670.25,37.5,4.1,40.22,Nordeste,-8.0,-40.0,14,1
2024-01-07 15:00:00,488.4,36.73,4.4,28.28,Nordeste,-8.0,-40.0,15,1
2024-01-07 16:00:00,263.3,35.59,4.42,25.65,Nordeste,-8.0,-40.0,16,1
2024-01-07 17:00:00,58.35,32.92,2.65,21.37,Nordeste,-8.0,-40.0,17,1
2024-01-07 18:00:00,0.0,30.66,2.18,16.96,Nordeste,-8.0,-40.0,18,1
2024-01-07 19:00:00,0.0,29.97,1.9,17.09,Nordeste,-8.0,-40.0,19,1
2024-01-07 20:00:00,0.0,29.32,1.67,14.81,Nordeste,-8.0,-40.0,20,1
2024-01-07 21:00:00,0.0,28.29,1.75,4.78,Nordeste,-8.0,-40.0,21,1
2024-01-07 22:00:00,0.0,27.17,1.96,14.13,Nordeste,-8.0,-40.0,22,1
2024-01-07 23:00:00,0.0,25.75,2.55,0.43,Nordeste,-8.0,-40.0,23,1
2024-01-08 00:00:00,0.0,24.51,2.67,3.91,Nordeste,-8.0,-40.0,0,1
2024-01-08 01:00:00,0.0,23.63,3.25,36.21,Nordeste,-8.0,-40.0,1,1
2024-01-08 02:00:00,0.0,23.06,4.26,9.49,Nordeste,-8.0,-40.0,2,1
2024-01-08 03:00:00,0.0,22.44,4.0,27.18,Nordeste,-8.0,-40.0,3,1
2024-01-08 04:00:00,0.0,22.1,3.18,50.19,Nordeste,-8.0,-40.0,4,1
2024-01-08 05:00:00,9.35,22.08,2.76,52.31,Nordeste,-8.0,-40.0,5,1
2024-01-08 06:00:00,144.57,23.83,4.39,53.01,Nordeste,-8.0,-40.0,6,1
2024-01-08 07:00:00,331.95,26.49,5.4,54.93,Nordeste,-8.0,-40.0,7,1
2024-01-08 08:00:00,553.83,29.13,4.79,55.29,Nordeste,-8.0,-40.0,8,1
2024-01-08 09:00:00,753.65,31.52,3.83,40.9,Nordeste,-8.0,-40.0,9,1
2024-01-08 10:00:00,930.72,33.42,3.02,26.64,Nordeste,-8.0,-40.0,10,1
2024-01-08 11:00:00,985.05,34.64,2.62,29.16,Nordeste,-8.0,-40.0,11,1
2024-01-08 12:00:00,974.97,35.25,2.63,23.15,Nordeste,-8.0,-40.0,12,1
2024-01-08 13:00:00,880.97,35.45,2.75,24.72,Nordeste,-8.0,-40.0,13,1
2024-01-08 14:00:00,732.42,35.43,2.84,23.82,Nordeste,-8.0,-40.0,14,1
2024-01-08 15:00:00,522.05,34.51,2.87,19.74,Nordeste,-8.0,-40.0,15,1
2024-01-08 16:00:00,284.12,33.49,2.76,20.57,Nordeste,-8.0,-40.0,16,1
2024-01-08 17:00:00,64.68,31.25,1.84,20.86,Nordeste,-8.0,-40.0,17,1
2024-01-08 18:00:00,0.0,29.07,1.9,21.39,Nordeste,-8.0,-40.0,18,1
2024-01-08 19:00:00,0.0,28.45,1.88,44.78,Nordeste,-8.0,-40.0,19,1
2024-01-08 20:00:00,0.0,28.05,1.66,71.4,Nordeste,-8.0,-40.0,20,1
2024-01-08 21:00:00,0.0,27.73,1.31,29.77,Nordeste,-8.0,-40.0,21,1
2024-01-08 22:00:00,0.0,27.1,1.11,17.8,Nordeste,-8.0,-40.0,22,1
2024-01-08 23:00:00,0.0,25.91,1.43,3.48,Nordeste,-8.0,-40.0,23,1
2024-01-09 00:00:00,0.0,24.98,1.68,4.35,Nordeste,-8.0,-40.0,0,1
2024-01-09 01:00:00,0.0,24.65,1.78,27.31,Nordeste,-8.0,-40.0,1,1
2024-01-09 02:00:00,0.0,24.1,2.09,8.63,Nordeste,-8.0,-40.0,2,1
2024-01-09 03:00:00,0.0,23.18,2.23,30.03,Nordeste,-8.0,-40.0,3,1
2024-01-09 04:00:00,0.0,22.71,2.06,42.88,Nordeste,-8.0,-40.0,4,1
2024-01-09 05:00:00,8.93,22.5,2.27,45.78,Nordeste,-8.0,-40.0,5,1
2024-01-09 06:00:00,139.55,24.39,3.35,50.21,Nordeste,-8.0,-40.0,6,1
2024-01-09 07:00:00,334.3,27.32,3.27,52.73,Nordeste,-8.0,-40.0,7,1
2024-01-09 08:00:00,535.78,30.19,2.56,54.74,Nordeste,-8.0,-40.0,8,1
2024-01-09 09:00:00,722.0,32.58,1.93,53.64,Nordeste,-8.0,-40.0,9,1
2024-01-09 10:00:00,882.7,34.23,1.65,43.4,Nordeste,-8.0,-40.0,10,1
2024-01-09 11:00:00,930.25,35.31,1.68,38.0,Nordeste,-8.0,-40.0,11,1
2024-01-09 12:00:00,888.35,36.0,1.9,57.64,Nordeste,-8.0,-40.0,12,1
2024-01-09 13:00:00,819.12,36.37,2.28,50.38,Nordeste,-8.0,-40.0,13,1
2024-01-09 14:00:00,678.42,35.83,2.76,38.24,Nordeste,-8.0,-40.0,14,1
2024-01-09 15:00:00,481.75,35.18,3.18,29.84,Nordeste,-8.0,-40.0,15,1
2024-01-09 16:00:00,256.88,34.11,3.39,31.24,Nordeste,-8.0,-40.0,16,1
2024-01-09 17:00:00,57.5,31.96,2.37,30.87,Nordeste,-8.0,-40.0,17,1
2024-01-09 18:00:00,0.0,29.62,2.16,29.59,Nordeste,-8.0,-40.0,18,1
2024-01-09 19:00:00,0.0,28.82,2.22,28.52,Nordeste,-8.0,-40.0,19,1
2024-01-09 20:00:00,0.0,28.14,2.24,13.73,Nordeste,-8.0,-40.0,20,1
2024-01-09 21:00:00,0.0,27.58,2.3,20.53,Nordeste,-8.0,-40.0,21,1
2024-01-09 22:00:00,0.0,27.09,2.6,53.34,Nordeste,-8.0,-40.0,22,1
2024-01-09 23:00:00,0.0,26.62,3.09,45.58,Nordeste,-8.0,-40.0,23,1
2024-01-10 00:00:00,0.0,26.09,3.34,51.34,Nordeste,-8.0,-40.0,0,1
2024-01-10 01:00:00,0.0,25.46,2.94,72.85,Nordeste,-8.0,-40.0,1,1
2024-01-10 02:00:00,0.0,24.94,2.76,70.78,Nordeste,-8.0,-40.0,2,1
2024-01-10 03:00:00,0.0,24.5,2.5,55.31,Nordeste,-8.0,-40.0,3,1
2024-01-10 04:00:00,0.0,24.11,2.15,63.99,Nordeste,-8.0,-40.0,4,1
2024-01-10 05:00:00,7.2,23.91,2.23,72.45,Nordeste,-8.0,-40.0,5,1
2024-01-10 06:00:00,97.22,24.51,2.91,81.39,Nordeste,-8.0,-40.0,6,1
2024-01-10 07:00:00,225.7,25.74,3.28,88.27,Nordeste,-8.0,-40.0,7,1
2024-01-10 08:00:00,358.42,27.55,2.96,96.17,Nordeste,-8.0,-40.0,8,1
2024-01-10 09:00:00,542.55,29.4,2.57,94.8,Nordeste,-8.0,-40.0,9,1
2024-01-10 10:00:00,618.83,31.11,2.77,93.07,Nordeste,-8.0,-40.0,10,1
2024-01-10 11:00:00,597.0,32.43,3.13,97.37,Nordeste,-8.0,-40.0,11,1
2024-01-10 12:00:00,568.75,33.85,3.46,96.83,Nordeste,-8.0,-40.0,12,1
2024-01-10 13:00:00,447.55,34.32,3.73,92.19,Nordeste,-8.0,-40.0,13,1
2024-01-10 14:00:00,451.35,34.24,3.83,88.17,Nordeste,-8.0,-40.0,14,1
2024-01-10 15:00:00,348.25,33.45,3.73,73.69,Nordeste,-8.0,-40.0,15,1
2024-01-10 16:00:00,179.18,32.33,3.46,64.22,Nordeste,-8.0,-40.0,16,1
2024-01-10 17:00:00,43.35,30.09,2.24,53.91,Nordeste,-8.0,-40.0,17,1
2024-01-10 18:00:00,0.0,27.94,1.9,40.78,Nordeste,-8.0,-40.0,18,1
2024-01-10 19:00:00,0.0,27.41,1.85,65.99,Nordeste,-8.0,-40.0,19,1
2024-01-10 20:00:00,0.0,27.04,1.8,94.57,Nordeste,-8.0,-40.0,20,1
2024-01-10 21:00:00,0.0,26.56,1.76,90.7,Nordeste,-8.0,-40.0,21,1
2024-01-10 22:00:00,0.0,25.78,1.95,99.7,Nordeste,-8.0,-40.0,22,1
2024-01-10 23:00:00,0.0,25.02,2.42,98.44,Nordeste,-8.0,-40.0,23,1
2024-01-11 00:00:00,0.0,24.49,2.84,85.92,Nordeste,-8.0,-40.0,0,1
2024-01-11 01:00:00,0.0,23.87,3.16,99.45,Nordeste,-8.0,-40.0,1,1
2024-01-11 02:00:00,0.0,23.33,3.5,97.75,Nordeste,-8.0,-40.0,2,1
2024-01-11 03:00:00,0.0,22.91,3.56,99.11,Nordeste,-8.0,-40.0,3,1
2024-01-11 04:00:00,0.0,22.61,3.45,99.62,Nordeste,-8.0,-40.0,4,1
2024-01-11 05:00:00,2.95,22.52,3.55,100.0,Nordeste,-8.0,-40.0,5,1
2024-01-11 06:00:00,57.78,23.18,4.55,100.0,Nordeste,-8.0,-40.0,6,1
2024-01-11 07:00:00,147.6,24.52,5.42,100.0,Nordeste,-8.0,-40.0,7,1
2024-01-11 08:00:00,244.57,26.33,5.79,99.18,Nordeste,-8.0,-40.0,8,1
2024-01-11 09:00:00,466.23,27.98,5.95,95.96,Nordeste,-8.0,-40.0,9,1
2024-01-11 10:00:00,622.7,29.22,6.12,75.32,Nordeste,-8.0,-40.0,10,1
2024-01-11 11:00:00,749.42,30.19,6.24,69.51,Nordeste,-8.0,-40.0,11,1
2024-01-11 12:00:00,622.78,31.04,6.04,71.48,Nordeste,-8.0,-40.0,12,1
2024-01-11 13:00:00,433.0,31.63,5.38,91.79,Nordeste,-8.0,-40.0,13,1
2024-01-11 14:00:00,471.08,32.12,4.75,89.4,Nordeste,-8.0,-40.0,14,1
2024-01-11 15:00:00,434.45,31.84,4.26,51.82,Nordeste,-8.0,-40.0,15,1
2024-01-11 16:00:00,221.27,30.71,3.8,65.81,Nordeste,-8.0,-40.0,16,1
2024-01-11 17:00:00,50.25,28.81,2.35,79.51,Nordeste,-8.0,-40.0,17,1
2024-01-11 18:00:00,0.0,26.9,1.86,94.29,Nordeste,-8.0,-40.0,18,1
2024-01-11 19:00:00,0.0,26.34,1.84,78.23,Nordeste,-8.0,-40.0,19,1
2024-01-11 20:00:00,0.0,25.73,1.98,43.21,Nordeste,-8.0,-40.0,20,1
2024-01-11 21:00:00,0.0,25.18,2.11,44.99,Nordeste,-8.0,-40.0,21,1
2024-01-11 22:00:00,0.0,24.69,2.13,55.14,Nordeste,-8.0,-40.0,22,1
2024-01-11 23:00:00,0.0,24.19,2.02,38.18,Nordeste,-8.0,-40.0,23,1
2024-01-12 00:00:00,0.0,23.81,1.97,63.9,Nordeste,-8.0,-40.0,0,1
2024-01-12 01:00:00,0.0,23.41,2.42,61.04,Nordeste,-8.0,-40.0,1,1
2024-01-12 02:00:00,0.0,22.84,2.94,62.7,Nordeste,-8.0,-40.0,2,1
2024-01-12 03:00:00,0.0,22.14,3.09,72.56,Nordeste,-8.0,-40.0,3,1
2024-01-12 04:00:00,0.0,21.47,3.0,79.75,Nordeste,-8.0,-40.0,4,1
2024-01-12 05:00:00,6.1,21.09,3.18,84.97,Nordeste,-8.0,-40.0,5,1
2024-01-12 06:00:00,89.35,22.21,4.27,90.35,Nordeste,-8.0,-40.0,6,1
2024-01-12 07:00:00,222.82,24.76,5.04,94.48,Nordeste,-8.0,-40.0,7,1
2024-01-12 08:00:00,355.42,27.67,4.91,98.55,Nordeste,-8.0,-40.0,8,1
2024-01-12 09:00:00,501.02,29.81,4.62,95.61,Nordeste,-8.0,-40.0,9,1
2024-01-12 10:00:00,678.2,31.55,4.49,87.39,Nordeste,-8.0,-40.0,10,1
2024-01-12 11:00:00,750.92,32.9,4.45,89.7,Nordeste,-8.0,-40.0,11,1
2024-01-12 12:00:00,755.25,33.79,4.39,93.54,Nordeste,-8.0,-40.0,12,1
2024-01-12 13:00:00,603.1,34.12,4.31,77.33,Nordeste,-8.0,-40.0,13,1
2024-01-12 14:00:00,601.88,34.02,4.06,69.87,Nordeste,-8.0,-40.0,14,1
2024-01-12 15:00:00,447.6,33.37,3.64,46.91,Nordeste,-8.0,-40.0,15,1
2024-01-12 16:00:00,242.45,32.17,3.12,50.76,Nordeste,-8.0,-40.0,16,1
2024-01-12 17:00:00,57.9,29.64,1.97,52.89,Nordeste,-8.0,-40.0,17,1
2024-01-12 18:00:00,0.0,27.37,1.89,54.7,Nordeste,-8.0,-40.0,18,1
2024-01-12 19:00:00,0.0,26.49,2.1,46.81,Nordeste,-8.0,-40.0,19,1
2024-01-12 20:00:00,0.0,25.62,2.34,65.2,Nordeste,-8.0,-40.0,20,1
2024-01-12 21:00:00,0.0,24.86,2.47,43.44,Nordeste,-8.0,-40.0,21,1
2024-01-12 22:00:00,0.0,24.18,2.45,65.02,Nordeste,-8.0,-40.0,22,1
2024-01-12 23:00:00,0.0,23.56,2.3,80.5,Nordeste,-8.0,-40.0,23,1
2024-01-13 00:00:00,0.0,22.86,2.13,72.7,Nordeste,-8.0,-40.0,0,1
2024-01-13 01:00:00,0.0,22.14,2.24,87.05,Nordeste,-8.0,-40.0,1,1
2024-01-13 02:00:00,0.0,21.44,2.35,90.81,Nordeste,-8.0,-40.0,2,1
2024-01-13 03:00:00,0.0,20.79,2.27,91.4,Nordeste,-8.0,-40.0,3,1
2024-01-13 04:00:00,0.0,20.4,2.36,86.85,Nordeste,-8.0,-40.0,4,1
2024-01-13 05:00:00,6.3,20.47,2.47,85.65,Nordeste,-8.0,-40.0,5,1
2024-01-13 06:00:00,111.5,23.03,3.84,83.38,Nordeste,-8.0,-40.0,6,1
2024-01-13 07:00:00,293.52,26.21,4.2,83.52,Nordeste,-8.0,-40.0,7,1
2024-01-13 08:00:00,484.67,28.9,3.76,83.89,Nordeste,-8.0,-40.0,8,1
2024-01-13 09:00:00,659.05,31.2,3.19,89.45,Nordeste,-8.0,-40.0,9,1
2024-01-13 10:00:00,817.25,32.95,2.84,81.23,Nordeste,-8.0,-40.0,10,1
2024-01-13 11:00:00,819.9,34.11,2.64,87.04,Nordeste,-8.0,-40.0,11,1
2024-01-13 12:00:00,769.9,34.65,2.48,92.82,Nordeste,-8.0,-40.0,12,1
2024-01-13 13:00:00,678.12,34.81,2.3,95.99,Nordeste,-8.0,-40.0,13,1
2024-01-13 14:00:00,525.53,34.58,2.26,94.25,Nordeste,-8.0,-40.0,14,1
2024-01-13 15:00:00,313.67,33.78,2.39,98.56,Nordeste,-8.0,-40.0,15,1
2024-01-13 16:00:00,166.55,32.36,2.7,99.44,Nordeste,-8.0,-40.0,16,1
2024-01-13 17:00:00,37.78,30.08,2.08,100.0,Nordeste,-8.0,-40.0,17,1
2024-01-13 18:00:00,0.0,27.9,2.2,99.61,Nordeste,-8.0,-40.0,18,1
2024-01-13 19:00:00,0.0,27.0,2.63,91.17,Nordeste,-8.0,-40.0,19,1
2024-01-13 20:00:00,0.0,26.26,3.16,99.78,Nordeste,-8.0,-40.0,20,1
2024-01-13 21:00:00,0.0,25.61,3.97,99.73,Nordeste,-8.0,-40.0,21,1
2024-01-13 22:00:00,0.0,24.95,4.31,99.78,Nordeste,-8.0,-40.0,22,1
2024-01-13 23:00:00,0.0,24.38,4.08,99.78,Nordeste,-8.0,-40.0,23,1
2024-01-14 00:00:00,0.0,23.94,3.51,99.8,Nordeste,-8.0,-40.0,0,1
2024-01-14 01:00:00,0.0,23.56,2.86,99.44,Nordeste,-8.0,-40.0,1,1
2024-01-14 02:00:00,0.0,23.24,2.52,98.65,Nordeste,-8.0,-40.0,2,1
2024-01-14 03:00:00,0.0,22.94,2.28,98.51,Nordeste,-8.0,-40.0,3,1
2024-01-14 04:00:00,0.0,22.67,1.9,99.28,Nordeste,-8.0,-40.0,4,1
2024-01-14 05:00:00,5.18,22.59,1.91,98.09,Nordeste,-8.0,-40.0,5,1
2024-01-14 06:00:00,102.75,23.85,3.3,95.43,Nordeste,-8.0,-40.0,6,1
2024-01-14 07:00:00,266.35,25.67,4.28,95.89,Nordeste,-8.0,-40.0,7,1
2024-01-14 08:00:00,457.33,27.49,4.17,95.65,Nordeste,-8.0,-40.0,8,1
2024-01-14 09:00:00,598.17,28.76,4.13,95.21,Nordeste,-8.0,-40.0,9,1
2024-01-14 10:00:00,744.2,29.59,4.3,96.25,Nordeste,-8.0,-40.0,10,1
2024-01-14 11:00:00,805.35,30.01,4.38,92.72,Nordeste,-8.0,-40.0,11,1
2024-01-14 12:00:00,789.65,30.35,4.31,95.51,Nordeste,-8.0,-40.0,12,1
2024-01-14 13:00:00,660.03,30.2,4.2,98.59,Nordeste,-8.0,-40.0,13,1
2024-01-14 14:00:00,562.45,29.92,4.09,93.92,Nordeste,-8.0,-40.0,14,1
2024-01-14 15:00:00,415.15,29.58,3.91,86.31,Nordeste,-8.0,-40.0,15,1
2024-01-14 16:00:00,227.32,28.88,3.39,77.52,Nordeste,-8.0,-40.0,16,1
2024-01-14 17:00:00,55.95,27.26,2.23,69.29,Nordeste,-8.0,-40.0,17,1
2024-01-14 18:00:00,0.0,25.89,2.12,59.65,Nordeste,-8.0,-40.0,18,1
2024-01-14 19:00:00,0.0,25.3,2.11,37.85,Nordeste,-8.0,-40.0,19,1
2024-01-14 20:00:00,0.0,24.78,2.08,25.48,Nordeste,-8.0,-40.0,20,1
2024-01-14 21:00:00,0.0,24.41,2.03,35.34,Nordeste,-8.0,-40.0,21,1
2024-01-14 22:00:00,0.0,24.11,1.97,36.92,Nordeste,-8.0,-40.0,22,1
2024-01-14 23:00:00,0.0,23.75,1.97,27.5,Nordeste,-8.0,-40.0,23,1
2024-01-15 00:00:00,0.0,23.27,2.08,9.42,Nordeste,-8.0,-40.0,0,1
2024-01-15 01:00:00,0.0,22.86,2.23,20.69,Nordeste,-8.0,-40.0,1,1
2024-01-15 02:00:00,0.0,22.72,2.47,27.65,Nordeste,-8.0,-40.0,2,1
2024-01-15 03:00:00,0.0,22.43,2.54,43.79,Nordeste,-8.0,-40.0,3,1
2024-01-15 04:00:00,0.0,22.0,2.32,37.58,Nordeste,-8.0,-40.0,4,1
2024-01-15 05:00:00,6.72,21.88,2.2,32.96,Nordeste,-8.0,-40.0,5,1
2024-01-15 06:00:00,138.1,24.08,3.56,29.91,Nordeste,-8.0,-40.0,6,1
2024-01-15 07:00:00,351.23,26.84,4.14,27.54,Nordeste,-8.0,-40.0,7,1
2024-01-15 08:00:00,582.72,29.32,4.09,23.25,Nordeste,-8.0,-40.0,8,1
2024-01-15 09:00:00,715.95,31.25,4.25,37.16,Nordeste,-8.0,-40.0,9,1
2024-01-15 10:00:00,878.62,32.72,4.58,34.7,Nordeste,-8.0,-40.0,10,1
2024-01-15 11:00:00,923.3,33.85,4.89,39.54,Nordeste,-8.0,-40.0,11,1
2024-01-15 12:00:00,903.55,34.43,5.1,43.5,Nordeste,-8.0,-40.0,12,1
2024-01-15 13:00:00,810.22,34.58,5.18,41.46,Nordeste,-8.0,-40.0,13,1
2024-01-15 14:00:00,693.65,34.33,5.11,29.69,Nordeste,-8.0,-40.0,14,1
2024-01-15 15:00:00,510.67,33.59,4.9,19.04,Nordeste,-8.0,-40.0,15,1
2024-01-15 16:00:00,277.42,32.36,4.55,17.63,Nordeste,-8.0,-40.0,16,1
2024-01-15 17:00:00,64.5,29.88,2.95,13.59,Nordeste,-8.0,-40.0,17,1
2024-01-15 18:00:00,0.0,27.39,2.52,10.73,Nordeste,-8.0,-40.0,18,1
2024-01-15 19:00:00,0.0,26.65,2.47,3.91,Nordeste,-8.0,-40.0,19,1
2024-01-15 20:00:00,0.0,26.04,2.29,2.17,Nordeste,-8.0,-40.0,20,1
2024-01-15 21:00:00,0.0,25.56,2.19,0.43,Nordeste,-8.0,-40.0,21,1
2024-01-15 22:00:00,0.0,25.02,2.25,0.43,Nordeste,-8.0,-40.0,22,1
2024-01-15 23:00:00,0.0,24.57,2.47,17.33,Nordeste,-8.0,-40.0,23,1
2024-01-16 00:00:00,0.0,24.38,3.13,59.73,Nordeste,-8.0,-40.0,0,1
2024-01-16 01:00:00,0.0,24.02,3.93,78.78,Nordeste,-8.0,-40.0,1,1
2024-01-16 02:00:00,0.0,23.51,4.3,47.26,Nordeste,-8.0,-40.0,2,1
2024-01-16 03:00:00,0.0,22.79,3.76,46.22,Nordeste,-8.0,-40.0,3,1
2024-01-16 04:00:00,0.0,22.29,3.62,36.51,Nordeste,-8.0,-40.0,4,1
2024-01-16 05:00:00,6.6,22.19,4.01,37.14,Nordeste,-8.0,-40.0,5,1
2024-01-16 06:00:00,130.82,23.92,4.92,39.78,Nordeste,-8.0,-40.0,6,1
2024-01-16 07:00:00,323.95,26.59,5.46,40.81,Nordeste,-8.0,-40.0,7,1
2024-01-16 08:00:00,539.7,28.96,5.65,40.1,Nordeste,-8.0,-40.0,8,1
2024-01-16 09:00:00,723.97,30.67,5.69,40.61,Nordeste,-8.0,-40.0,9,1
2024-01-16 10:00:00,865.58,32.32,5.62,38.21,Nordeste,-8.0,-40.0,10,1
2024-01-16 11:00:00,875.25,33.75,5.52,56.4,Nordeste,-8.0,-40.0,11,1
2024-01-16 12:00:00,867.47,34.71,5.45,61.36,Nordeste,-8.0,-40.0,12,1
2024-01-16 13:00:00,754.62,35.15,5.24,65.68,Nordeste,-8.0,-40.0,13,1
2024-01-16 14:00:00,670.22,35.21,5.03,53.87,Nordeste,-8.0,-40.0,14,1
2024-01-16 15:00:00,506.65,34.63,4.84,37.46,Nordeste,-8.0,-40.0,15,1
2024-01-16 16:00:00,275.83,33.49,4.56,39.62,Nordeste,-8.0,-40.0,16,1
2024-01-16 17:00:00,64.85,30.61,2.8,41.64,Nordeste,-8.0,-40.0,17,1
2024-01-16 18:00:00,0.0,27.99,2.48,46.79,Nordeste,-8.0,-40.0,18,1
2024-01-16 19:00:00,0.0,27.26,2.5,65.48,Nordeste,-8.0,-40.0,19,1
2024-01-16 20:00:00,0.0,26.54,2.61,44.27,Nordeste,-8.0,-40.0,20,1
2024-01-16 21:00:00,0.0,26.03,3.03,44.47,Nordeste,-8.0,-40.0,21,1
2024-01-16 22:00:00,0.0,26.25,4.67,45.2,Nordeste,-8.0,-40.0,22,1
2024-01-16 23:00:00,0.0,25.61,5.88,28.4,Nordeste,-8.0,-40.0,23,1
2024-01-17 00:00:00,0.0,24.43,5.21,34.34,Nordeste,-8.0,-40.0,0,1
2024-01-17 01:00:00,0.0,23.46,4.23,61.26,Nordeste,-8.0,-40.0,1,1
2024-01-17 02:00:00,0.0,22.83,3.52,46.95,Nordeste,-8.0,-40.0,2,1
2024-01-17 03:00:00,0.0,22.34,2.75,34.84,Nordeste,-8.0,-40.0,3,1
2024-01-17 04:00:00,0.0,21.99,2.34,47.19,Nordeste,-8.0,-40.0,4,1
2024-01-17 05:00:00,6.55,21.82,2.4,45.69,Nordeste,-8.0,-40.0,5,1
2024-01-17 06:00:00,138.6,23.5,3.97,43.77,Nordeste,-8.0,-40.0,6,1
2024-01-17 07:00:00,344.55,26.02,4.98,43.03,Nordeste,-8.0,-40.0,7,1
2024-01-17 08:00:00,566.97,28.59,5.32,41.05,Nordeste,-8.0,-40.0,8,1
2024-01-17 09:00:00,756.6,30.89,5.4,42.53,Nordeste,-8.0,-40.0,9,1
2024-01-17 10:00:00,896.47,32.85,5.38,27.82,Nordeste,-8.0,-40.0,10,1
2024-01-17 11:00:00,995.42,34.35,5.36,24.77,Nordeste,-8.0,-40.0,11,1
2024-01-17 12:00:00,967.4,35.24,5.32,26.04,Nordeste,-8.0,-40.0,12,1
2024-01-17 13:00:00,893.9,35.66,5.22,21.25,Nordeste,-8.0,-40.0,13,1
2024-01-17 14:00:00,724.97,35.43,5.03,26.51,Nordeste,-8.0,-40.0,14,1
2024-01-17 15:00:00,527.7,34.57,4.67,24.77,Nordeste,-8.0,-40.0,15,1
2024-01-17 16:00:00,287.98,33.07,4.05,18.35,Nordeste,-8.0,-40.0,16,1
2024-01-17 17:00:00,69.8,29.77,2.28,7.98,Nordeste,-8.0,-40.0,17,1
2024-01-17 18:00:00,0.0,27.58,2.28,0.87,Nordeste,-8.0,-40.0,18,1
2024-01-17 19:00:00,0.0,27.19,2.05,0.43,Nordeste,-8.0,-40.0,19,1
2024-01-17 20:00:00,0.0,27.2,1.7,0.87,Nordeste,-8.0,-40.0,20,1
2024-01-17 21:00:00,0.0,27.45,1.29,0.43,Nordeste,-8.0,-40.0,21,1
2024-01-17 22:00:00,0.0,27.4,0.97,2.83,Nordeste,-8.0,-40.0,22,1
2024-01-17 23:00:00,0.0,26.35,1.2,5.16,Nordeste,-8.0,-40.0,23,1
2024-01-18 00:00:00,0.0,24.73,1.88,34.51,Nordeste,-8.0,-40.0,0,1
2024-01-18 01:00:00,0.0,23.34,2.55,18.57,Nordeste,-8.0,-40.0,1,1
2024-01-18 02:00:00,0.0,22.5,2.72,27.86,Nordeste,-8.0,-40.0,2,1
2024-01-18 03:00:00,0.0,21.85,2.6,32.54,Nordeste,-8.0,-40.0,3,1
2024-01-18 04:00:00,0.0,21.32,2.51,27.29,Nordeste,-8.0,-40.0,4,1
2024-01-18 05:00:00,6.5,21.04,2.57,35.83,Nordeste,-8.0,-40.0,5,1
2024-01-18 06:00:00,137.62,22.91,4.19,45.74,Nordeste,-8.0,-40.0,6,1
2024-01-18 07:00:00,343.08,26.07,4.87,54.62,Nordeste,-8.0,-40.0,7,1
2024-01-18 08:00:00,547.05,29.09,4.13,62.72,Nordeste,-8.0,-40.0,8,1
2024-01-18 09:00:00,752.85,31.77,3.51,37.18,Nordeste,-8.0,-40.0,9,1
2024-01-18 10:00:00,874.88,33.87,3.22,39.98,Nordeste,-8.0,-40.0,10,1
2024-01-18 11:00:00,958.97,35.39,3.12,35.44,Nordeste,-8.0,-40.0,11,1
2024-01-18 12:00:00,887.65,36.32,3.11,32.82,Nordeste,-8.0,-40.0,12,1
2024-01-18 13:00:00,843.6,36.77,3.02,39.72,Nordeste,-8.0,-40.0,13,1
2024-01-18 14:00:00,706.42,36.6,2.9,35.82,Nordeste,-8.0,-40.0,14,1
2024-01-18 15:00:00,513.67,36.03,2.87,24.01,Nordeste,-8.0,-40.0,15,1
2024-01-18 16:00:00,290.15,34.78,2.85,20.7,Nordeste,-8.0,-40.0,16,1
2024-01-18 17:00:00,73.45,32.08,1.93,15.99,Nordeste,-8.0,-40.0,17,1
2024-01-18 18:00:00,0.0,29.71,2.12,12.11,Nordeste,-8.0,-40.0,18,1
2024-01-18 19:00:00,0.0,29.1,2.19,3.91,Nordeste,-8.0,-40.0,19,1
2024-01-18 20:00:00,0.0,28.42,2.23,1.74,Nordeste,-8.0,-40.0,20,1
2024-01-18 21:00:00,0.0,27.36,2.36,3.91,Nordeste,-8.0,-40.0,21,1
2024-01-18 22:00:00,0.0,26.48,2.48,4.35,Nordeste,-8.0,-40.0,22,1
2024-01-18 23:00:00,0.0,25.79,2.62,2.17,Nordeste,-8.0,-40.0,23,1
2024-01-19 00:00:00,0.0,25.14,2.59,10.94,Nordeste,-8.0,-40.0,0,1
2024-01-19 01:00:00,0.0,25.07,2.72,27.51,Nordeste,-8.0,-40.0,1,1
2024-01-19 02:00:00,0.0,24.95,3.61,30.11,Nordeste,-8.0,-40.0,2,1
2024-01-19 03:00:00,0.0,24.57,4.49,21.41,Nordeste,-8.0,-40.0,3,1
2024-01-19 04:00:00,0.0,23.9,4.34,16.19,Nordeste,-8.0,-40.0,4,1
2024-01-19 05:00:00,6.4,23.27,3.56,20.68,Nordeste,-8.0,-40.0,5,1
2024-01-19 06:00:00,143.0,25.02,4.65,27.9,Nordeste,-8.0,-40.0,6,1
2024-01-19 07:00:00,355.92,27.76,5.02,32.43,Nordeste,-8.0,-40.0,7,1
2024-01-19 08:00:00,574.47,30.49,4.12,35.42,Nordeste,-8.0,-40.0,8,1
2024-01-19 09:00:00,771.67,32.89,3.22,24.15,Nordeste,-8.0,-40.0,9,1
2024-01-19 10:00:00,900.15,34.69,2.77,28.52,Nordeste,-8.0,-40.0,10,1
2024-01-19 11:00:00,973.72,35.91,2.78,25.89,Nordeste,-8.0,-40.0,11,1
2024-01-19 12:00:00,938.05,36.67,3.01,37.74,Nordeste,-8.0,-40.0,12,1
2024-01-19 13:00:00,828.6,36.94,3.19,37.81,Nordeste,-8.0,-40.0,13,1
2024-01-19 14:00:00,605.9,36.54,3.31,48.88,Nordeste,-8.0,-40.0,14,1
2024-01-19 15:00:00,418.95,35.66,3.33,48.91,Nordeste,-8.0,-40.0,15,1
2024-01-19 16:00:00,214.57,34.44,3.28,54.5,Nordeste,-8.0,-40.0,16,1
2024-01-19 17:00:00,47.42,32.3,2.38,62.01,Nordeste,-8.0,-40.0,17,1
2024-01-19 18:00:00,0.0,29.82,1.99,68.23,Nordeste,-8.0,-40.0,18,1
2024-01-19 19:00:00,0.0,29.07,1.94,34.81,Nordeste,-8.0,-40.0,19,1
2024-01-19 20:00:00,0.0,28.58,1.82,35.07,Nordeste,-8.0,-40.0,20,1
2024-01-19 21:00:00,0.0,28.19,1.76,51.52,Nordeste,-8.0,-40.0,21,1
2024-01-19 22:00:00,0.0,27.52,1.89,13.19,Nordeste,-8.0,-40.0,22,1
2024-01-19 23:00:00,0.0,26.68,2.09,15.22,Nordeste,-8.0,-40.0,23,1
2024-01-20 00:00:00,0.0,25.93,2.15,40.01,Nordeste,-8.0,-40.0,0,1
2024-01-20 01:00:00,0.0,25.35,2.22,61.66,Nordeste,-8.0,-40.0,1,1
2024-01-20 02:00:00,0.0,24.67,2.67,70.61,Nordeste,-8.0,-40.0,2,1
2024-01-20 03:00:00,0.0,23.98,3.0,85.85,Nordeste,-8.0,-40.0,3,1
2024-01-20 04:00:00,0.0,23.38,3.12,89.26,Nordeste,-8.0,-40.0,4,1
2024-01-20 05:00:00,4.45,22.99,3.09,87.35,Nordeste,-8.0,-40.0,5,1
2024-01-20 06:00:00,99.3,24.43,4.0,82.84,Nordeste,-8.0,-40.0,6,1
2024-01-20 07:00:00,264.3,27.54,3.87,81.38,Nordeste,-8.0,-40.0,7,1
2024-01-20 08:00:00,449.5,30.66,2.59,78.96,Nordeste,-8.0,-40.0,8,1
2024-01-20 09:00:00,595.22,33.17,1.33,77.61,Nordeste,-8.0,-40.0,9,1
2024-01-20 10:00:00,797.97,35.13,0.64,60.37,Nordeste,-8.0,-40.0,10,1
2024-01-20 11:00:00,892.17,36.56,0.32,45.52,Nordeste,-8.0,-40.0,11,1
2024-01-20 12:00:00,830.22,37.45,0.11,57.48,Nordeste,-8.0,-40.0,12,1
2024-01-20 13:00:00,652.97,37.76,0.07,72.03,Nordeste,-8.0,-40.0,13,1
2024-01-20 14:00:00,524.55,37.44,0.19,70.08,Nordeste,-8.0,-40.0,14,1
2024-01-20 15:00:00,317.62,36.55,0.72,91.0,Nordeste,-8.0,-40.0,15,1
2024-01-20 16:00:00,175.43,35.07,1.45,90.87,Nordeste,-8.0,-40.0,16,1
2024-01-20 17:00:00,43.0,33.26,1.54,92.7,Nordeste,-8.0,-40.0,17,1
2024-01-20 18:00:00,0.0,31.49,1.76,89.88,Nordeste,-8.0,-40.0,18,1
2024-01-20 19:00:00,0.0,30.8,2.33,83.06,Nordeste,-8.0,-40.0,19,1
2024-01-20 20:00:00,0.0,30.15,2.81,69.37,Nordeste,-8.0,-40.0,20,1
2024-01-20 21:00:00,0.0,29.48,2.98,39.12,Nordeste,-8.0,-40.0,21,1
2024-01-20 22:00:00,0.0,28.76,2.97,34.52,Nordeste,-8.0,-40.0,22,1
2024-01-20 23:00:00,0.0,28.0,2.82,49.28,Nordeste,-8.0,-40.0,23,1
2024-01-21 00:00:00,0.0,27.27,2.73,46.2,Nordeste,-8.0,-40.0,0,1
2024-01-21 01:00:00,0.0,26.57,2.86,42.29,Nordeste,-8.0,-40.0,1,1
2024-01-21 02:00:00,0.0,25.89,3.17,24.9,Nordeste,-8.0,-40.0,2,1
2024-01-21 03:00:00,0.0,25.28,3.35,20.27,Nordeste,-8.0,-40.0,3,1
2024-01-21 04:00:00,0.0,24.82,3.16,21.16,Nordeste,-8.0,-40.0,4,1
2024-01-21 05:00:00,5.5,24.51,2.84,26.17,Nordeste,-8.0,-40.0,5,1
2024-01-21 06:00:00,128.8,24.92,3.17,34.55,Nordeste,-8.0,-40.0,6,1
2024-01-21 07:00:00,327.95,26.16,3.48,39.39,Nordeste,-8.0,-40.0,7,1
2024-01-21 08:00:00,529.67,28.13,3.44,42.92,Nordeste,-8.0,-40.0,8,1
2024-01-21 09:00:00,643.4,30.56,3.15,76.75,Nordeste,-8.0,-40.0,9,1
2024-01-21 10:00:00,805.08,32.16,2.92,60.94,Nordeste,-8.0,-40.0,10,1
2024-01-21 11:00:00,887.38,33.4,2.87,65.35,Nordeste,-8.0,-40.0,11,1
2024-01-21 12:00:00,869.88,34.23,2.82,62.12,Nordeste,-8.0,-40.0,12,1
2024-01-21 13:00:00,769.9,34.62,2.74,55.82,Nordeste,-8.0,-40.0,13,1
2024-01-21 14:00:00,657.6,34.26,2.64,48.53,Nordeste,-8.0,-40.0,14,1
2024-01-21 15:00:00,476.17,33.54,2.26,44.48,Nordeste,-8.0,-40.0,15,1
2024-01-21 16:00:00,255.82,32.56,1.77,40.33,Nordeste,-8.0,-40.0,16,1
2024-01-21 17:00:00,59.25,30.95,1.18,37.59,Nordeste,-8.0,-40.0,17,1
2024-01-21 18:00:00,0.0,29.18,0.79,31.84,Nordeste,-8.0,-40.0,18,1
2024-01-21 19:00:00,0.0,28.82,0.69,17.86,Nordeste,-8.0,-40.0,19,1
2024-01-21 20:00:00,0.0,28.37,0.72,9.51,Nordeste,-8.0,-40.0,20,1
2024-01-21 21:00:00,0.0,27.78,0.89,4.37,Nordeste,-8.0,-40.0,21,1
2024-01-21 22:00:00,0.0,27.15,1.11,3.48,Nordeste,-8.0,-40.0,22,1
2024-01-21 23:00:00,0.0,26.56,1.29,1.3,Nordeste,-8.0,-40.0,23,1
2024-01-22 00:00:00,0.0,25.95,1.42,15.45,Nordeste,-8.0,-40.0,0,1
2024-01-22 01:00:00,0.0,25.52,1.36,18.76,Nordeste,-8.0,-40.0,1,1
2024-01-22 02:00:00,0.0,24.97,1.31,62.59,Nordeste,-8.0,-40.0,2,1
2024-01-22 03:00:00,0.0,24.16,1.78,55.69,Nordeste,-8.0,-40.0,3,1
2024-01-22 04:00:00,0.0,23.63,2.54,47.53,Nordeste,-8.0,-40.0,4,1
2024-01-22 05:00:00,4.15,23.44,3.34,56.94,Nordeste,-8.0,-40.0,5,1
2024-01-22 06:00:00,89.0,24.68,4.67,68.25,Nordeste,-8.0,-40.0,6,1
2024-01-22 07:00:00,217.27,26.98,5.16,76.8,Nordeste,-8.0,-40.0,7,1
2024-01-22 08:00:00,365.67,29.6,4.2,84.11,Nordeste,-8.0,-40.0,8,1
2024-01-22 09:00:00,441.88,31.97,2.97,95.88,Nordeste,-8.0,-40.0,9,1
2024-01-22 10:00:00,629.42,33.71,2.05,95.15,Nordeste,-8.0,-40.0,10,1
2024-01-22 11:00:00,763.92,34.99,1.57,91.71,Nordeste,-8.0,-40.0,11,1
2024-01-22 12:00:00,761.88,35.91,1.19,97.6,Nordeste,-8.0,-40.0,12,1
2024-01-22 13:00:00,598.9,36.39,0.95,80.96,Nordeste,-8.0,-40.0,13,1
2024-01-22 14:00:00,616.6,36.35,0.85,62.31,Nordeste,-8.0,-40.0,14,1
2024-01-22 15:00:00,463.5,35.71,0.94,43.77,Nordeste,-8.0,-40.0,15,1
2024-01-22 16:00:00,248.7,34.61,1.15,45.94,Nordeste,-8.0,-40.0,16,1
2024-01-22 17:00:00,60.78,32.7,1.18,46.39,Nordeste,-8.0,-40.0,17,1
2024-01-22 18:00:00,0.0,30.47,1.43,46.85,Nordeste,-8.0,-40.0,18,1
2024-01-22 19:00:00,0.0,29.47,1.83,36.93,Nordeste,-8.0,-40.0,19,1
2024-01-22 20:00:00,0.0,28.64,2.04,16.2,Nordeste,-8.0,-40.0,20,1
2024-01-22 21:00:00,0.0,27.97,2.08,48.58,Nordeste,-8.0,-40.0,21,1
2024-01-22 22:00:00,0.0,27.51,2.08,56.33,Nordeste,-8.0,-40.0,22,1
2024-01-22 23:00:00,0.0,27.1,2.55,64.53,Nordeste,-8.0,-40.0,23,1
2024-01-23 00:00:00,0.0,26.79,3.93,82.71,Nordeste,-8.0,-40.0,0,1
2024-01-23 01:00:00,0.0,26.22,4.87,67.35,Nordeste,-8.0,-40.0,1,1
2024-01-23 02:00:00,0.0,25.53,5.01,57.95,Nordeste,-8.0,-40.0,2,1
2024-01-23 03:00:00,0.0,24.89,4.73,46.78,Nordeste,-8.0,-40.0,3,1
2024-01-23 04:00:00,0.0,24.32,4.51,45.47,Nordeste,-8.0,-40.0,4,1
2024-01-23 05:00:00,4.57,23.89,4.13,43.8,Nordeste,-8.0,-40.0,5,1
2024-01-23 06:00:00,105.0,25.23,5.12,46.09,Nordeste,-8.0,-40.0,6,1
2024-01-23 07:00:00,281.55,27.73,5.21,45.35,Nordeste,-8.0,-40.0,7,1
2024-01-23 08:00:00,473.38,30.38,4.32,42.99,Nordeste,-8.0,-40.0,8,1
2024-01-23 09:00:00,662.65,32.45,3.3,40.39,Nordeste,-8.0,-40.0,9,1
2024-01-23 10:00:00,821.85,33.85,2.56,43.5,Nordeste,-8.0,-40.0,10,1
2024-01-23 11:00:00,860.88,34.62,2.08,54.72,Nordeste,-8.0,-40.0,11,1
2024-01-23 12:00:00,812.5,34.87,1.74,71.29,Nordeste,-8.0,-40.0,12,1
2024-01-23 13:00:00,694.8,34.55,1.5,58.33,Nordeste,-8.0,-40.0,13,1
2024-01-23 14:00:00,572.17,33.46,1.4,62.36,Nordeste,-8.0,-40.0,14,1
2024-01-23 15:00:00,455.17,32.33,1.45,44.41,Nordeste,-8.0,-40.0,15,1
2024-01-23 16:00:00,238.95,31.12,1.32,57.73,Nordeste,-8.0,-40.0,16,1
2024-01-23 17:00:00,54.67,29.8,1.38,72.28,Nordeste,-8.0,-40.0,17,1
2024-01-23 18:00:00,0.0,28.67,1.33,87.89,Nordeste,-8.0,-40.0,18,1
2024-01-23 19:00:00,0.0,28.06,1.1,97.46,Nordeste,-8.0,-40.0,19,1
2024-01-23 20:00:00,0.0,27.63,0.79,99.33,Nordeste,-8.0,-40.0,20,1
2024-01-23 21:00:00,0.0,27.21,0.66,99.67,Nordeste,-8.0,-40.0,21,1
2024-01-23 22:00:00,0.0,26.67,0.79,99.69,Nordeste,-8.0,-40.0,22,1
2024-01-23 23:00:00,0.0,26.14,0.74,99.64,Nordeste,-8.0,-40.0,23,1
2024-01-24 00:00:00,0.0,25.7,0.71,99.74,Nordeste,-8.0,-40.0,0,1
2024-01-24 01:00:00,0.0,25.27,0.95,99.32,Nordeste,-8.0,-40.0,1,1
2024-01-24 02:00:00,0.0,24.88,1.3,94.58,Nordeste,-8.0,-40.0,2,1
2024-01-24 03:00:00,0.0,24.32,1.79,92.97,Nordeste,-8.0,-40.0,3,1
2024-01-24 04:00:00,0.0,23.86,2.39,97.8,Nordeste,-8.0,-40.0,4,1
2024-01-24 05:00:00,3.65,23.53,2.97,94.19,Nordeste,-8.0,-40.0,5,1
2024-01-24 06:00:00,92.28,24.02,3.78,88.79,Nordeste,-8.0,-40.0,6,1
2024-01-24 07:00:00,231.98,25.53,4.28,86.1,Nordeste,-8.0,-40.0,7,1
2024-01-24 08:00:00,408.95,27.9,4.34,81.92,Nordeste,-8.0,-40.0,8,1
2024-01-24 09:00:00,554.92,29.99,3.94,76.7,Nordeste,-8.0,-40.0,9,1
2024-01-24 10:00:00,665.0,31.49,3.3,85.8,Nordeste,-8.0,-40.0,10,1
2024-01-24 11:00:00,741.67,32.23,2.61,77.16,Nordeste,-8.0,-40.0,11,1
2024-01-24 12:00:00,687.9,32.36,1.9,72.65,Nordeste,-8.0,-40.0,12,1
2024-01-24 13:00:00,530.58,31.93,1.33,88.05,Nordeste,-8.0,-40.0,13,1
2024-01-24 14:00:00,421.35,31.4,1.09,89.86,Nordeste,-8.0,-40.0,14,1
2024-01-24 15:00:00,277.83,30.5,1.09,89.39,Nordeste,-8.0,-40.0,15,1
2024-01-24 16:00:00,141.52,29.42,1.07,89.82,Nordeste,-8.0,-40.0,16,1
2024-01-24 17:00:00,29.75,28.28,1.09,91.81,Nordeste,-8.0,-40.0,17,1
2024-01-24 18:00:00,0.0,27.15,1.21,89.22,Nordeste,-8.0,-40.0,18,1
2024-01-24 19:00:00,0.0,26.45,1.4,97.09,Nordeste,-8.0,-40.0,19,1
2024-01-24 20:00:00,0.0,25.78,1.69,99.01,Nordeste,-8.0,-40.0,20,1
2024-01-24 21:00:00,0.0,25.24,1.98,98.74,Nordeste,-8.0,-40.0,21,1
2024-01-24 22:00:00,0.0,24.78,2.22,99.36,Nordeste,-8.0,-40.0,22,1
2024-01-24 23:00:00,0.0,24.4,2.26,97.61,Nordeste,-8.0,-40.0,23,1
2024-01-25 00:00:00,0.0,24.12,2.25,98.09,Nordeste,-8.0,-40.0,0,1
2024-01-25 01:00:00,0.0,23.86,2.24,99.77,Nordeste,-8.0,-40.0,1,1
2024-01-25 02:00:00,0.0,23.64,2.15,99.75,Nordeste,-8.0,-40.0,2,1
2024-01-25 03:00:00,0.0,23.43,2.24,99.81,Nordeste,-8.0,-40.0,3,1
2024-01-25 04:00:00,0.0,23.24,2.38,99.86,Nordeste,-8.0,-40.0,4,1
2024-01-25 05:00:00,2.47,23.09,2.43,100.0,Nordeste,-8.0,-40.0,5,1
2024-01-25 06:00:00,73.53,23.28,2.67,96.35,Nordeste,-8.0,-40.0,6,1
2024-01-25 07:00:00,175.05,23.87,3.38,98.0,Nordeste,-8.0,-40.0,7,1
2024-01-25 08:00:00,298.6,25.04,3.98,98.5,Nordeste,-8.0,-40.0,8,1
2024-01-25 09:00:00,426.62,26.76,3.96,97.94,Nordeste,-8.0,-40.0,9,1
2024-01-25 10:00:00,500.48,28.44,3.65,98.59,Nordeste,-8.0,-40.0,10,1
2024-01-25 11:00:00,460.58,29.8,3.28,98.65,Nordeste,-8.0,-40.0,11,1
2024-01-25 12:00:00,470.42,30.7,2.93,98.57,Nordeste,-8.0,-40.0,12,1
2024-01-25 13:00:00,486.08,30.92,2.64,99.38,Nordeste,-8.0,-40.0,13,1
2024-01-25 14:00:00,399.1,30.62,2.37,99.19,Nordeste,-8.0,-40.0,14,1
2024-01-25 15:00:00,312.35,30.13,2.07,95.2,Nordeste,-8.0,-40.0,15,1
2024-01-25 16:00:00,160.75,29.42,1.48,93.0,Nordeste,-8.0,-40.0,16,1
2024-01-25 17:00:00,38.9,28.29,0.94,89.83,Nordeste,-8.0,-40.0,17,1
2024-01-25 18:00:00,0.0,27.55,0.29,86.39,Nordeste,-8.0,-40.0,18,1
2024-01-25 19:00:00,0.0,27.02,0.32,91.24,Nordeste,-8.0,-40.0,19,1
2024-01-25 20:00:00,0.0,26.27,0.68,97.02,Nordeste,-8.0,-40.0,20,1
2024-01-25 21:00:00,0.0,25.64,0.83,99.52,Nordeste,-8.0,-40.0,21,1
2024-01-25 22:00:00,0.0,25.17,0.79,99.69,Nordeste,-8.0,-40.0,22,1
2024-01-25 23:00:00,0.0,24.84,0.62,99.4,Nordeste,-8.0,-40.0,23,1
2024-01-26 00:00:00,0.0,24.59,0.35,99.8,Nordeste,-8.0,-40.0,0,1
2024-01-26 01:00:00,0.0,24.34,0.18,99.97,Nordeste,-8.0,-40.0,1,1
2024-01-26 02:00:00,0.0,24.0,0.44,99.55,Nordeste,-8.0,-40.0,2,1
2024-01-26 03:00:00,0.0,23.63,0.74,99.53,Nordeste,-8.0,-40.0,3,1
2024-01-26 04:00:00,0.0,23.26,1.05,99.8,Nordeste,-8.0,-40.0,4,1
2024-01-26 05:00:00,3.03,23.11,1.39,99.91,Nordeste,-8.0,-40.0,5,1
2024-01-26 06:00:00,65.18,24.47,2.83,98.6,Nordeste,-8.0,-40.0,6,1
2024-01-26 07:00:00,180.77,26.67,4.14,97.89,Nordeste,-8.0,-40.0,7,1
2024-01-26 08:00:00,312.35,29.11,4.06,98.32,Nordeste,-8.0,-40.0,8,1
2024-01-26 09:00:00,456.88,30.6,3.49,99.13,Nordeste,-8.0,-40.0,9,1
2024-01-26 10:00:00,512.05,31.56,2.9,99.08,Nordeste,-8.0,-40.0,10,1
2024-01-26 11:00:00,536.2,32.27,2.4,99.76,Nordeste,-8.0,-40.0,11,1
2024-01-26 12:00:00,612.5,32.39,2.0,99.5,Nordeste,-8.0,-40.0,12,1
2024-01-26 13:00:00,591.4,31.96,1.67,99.25,Nordeste,-8.0,-40.0,13,1
2024-01-26 14:00:00,448.67,31.37,1.3,98.01,Nordeste,-8.0,-40.0,14,1
2024-01-26 15:00:00,274.1,30.51,1.03,96.96,Nordeste,-8.0,-40.0,15,1
2024-01-26 16:00:00,131.73,29.42,0.91,98.38,Nordeste,-8.0,-40.0,16,1
2024-01-26 17:00:00,31.92,28.25,0.82,99.68,Nordeste,-8.0,-40.0,17,1
2024-01-26 18:00:00,0.0,27.27,0.98,99.77,Nordeste,-8.0,-40.0,18,1
2024-01-26 19:00:00,0.0,26.53,1.17,99.85,Nordeste,-8.0,-40.0,19,1
2024-01-26 20:00:00,0.0,25.85,1.32,99.67,Nordeste,-8.0,-40.0,20,1
2024-01-26 21:00:00,0.0,25.32,1.18,99.62,Nordeste,-8.0,-40.0,21,1
2024-01-26 22:00:00,0.0,24.93,1.11,99.71,Nordeste,-8.0,-40.0,22,1
2024-01-26 23:00:00,0.0,24.62,1.21,100.0,Nordeste,-8.0,-40.0,23,1
2024-01-27 00:00:00,0.0,24.31,1.33,99.98,Nordeste,-8.0,-40.0,0,1
2024-01-27 01:00:00,0.0,23.96,1.58,99.95,Nordeste,-8.0,-40.0,1,1
2024-01-27 02:00:00,0.0,23.58,2.03,100.0,Nordeste,-8.0,-40.0,2,1
2024-01-27 03:00:00,0.0,23.28,2.27,100.0,Nordeste,-8.0,-40.0,3,1
2024-01-27 04:00:00,0.0,22.94,2.23,100.0,Nordeste,-8.0,-40.0,4,1
2024-01-27 05:00:00,2.58,22.77,2.27,99.89,Nordeste,-8.0,-40.0,5,1
2024-01-27 06:00:00,82.88,23.52,2.98,94.69,Nordeste,-8.0,-40.0,6,1
2024-01-27 07:00:00,212.35,25.19,4.43,97.13,Nordeste,-8.0,-40.0,7,1
2024-01-27 08:00:00,371.25,27.36,5.58,97.94,Nordeste,-8.0,-40.0,8,1
2024-01-27 09:00:00,550.03,29.35,5.65,98.11,Nordeste,-8.0,-40.0,9,1
2024-01-27 10:00:00,767.42,31.17,5.22,93.19,Nordeste,-8.0,-40.0,10,1
2024-01-27 11:00:00,832.0,32.71,4.77,88.81,Nordeste,-8.0,-40.0,11,1
2024-01-27 12:00:00,831.5,33.78,4.34,92.13,Nordeste,-8.0,-40.0,12,1
2024-01-27 13:00:00,709.88,34.27,4.01,87.25,Nordeste,-8.0,-40.0,13,1
2024-01-27 14:00:00,554.1,33.91,3.8,97.43,Nordeste,-8.0,-40.0,14,1
2024-01-27 15:00:00,394.6,32.96,3.42,96.08,Nordeste,-8.0,-40.0,15,1
2024-01-27 16:00:00,210.5,31.71,2.5,91.81,Nordeste,-8.0,-40.0,16,1
2024-01-27 17:00:00,47.65,29.62,1.53,88.73,Nordeste,-8.0,-40.0,17,1
2024-01-27 18:00:00,0.0,28.59,1.14,84.38,Nordeste,-8.0,-40.0,18,1
2024-01-27 19:00:00,0.0,28.25,0.87,88.42,Nordeste,-8.0,-40.0,19,1
2024-01-27 20:00:00,0.0,27.62,0.87,99.63,Nordeste,-8.0,-40.0,20,1
2024-01-27 21:00:00,0.0,26.85,1.12,99.43,Nordeste,-8.0,-40.0,21,1
2024-01-27 22:00:00,0.0,26.19,1.42,99.45,Nordeste,-8.0,-40.0,22,1
2024-01-27 23:00:00,0.0,25.53,1.42,96.39,Nordeste,-8.0,-40.0,23,1
2024-01-28 00:00:00,0.0,24.8,1.25,99.79,Nordeste,-8.0,-40.0,0,1
2024-01-28 01:00:00,0.0,24.2,1.03,99.62,Nordeste,-8.0,-40.0,1,1
2024-01-28 02:00:00,0.0,23.75,0.71,99.77,Nordeste,-8.0,-40.0,2,1
2024-01-28 03:00:00,0.0,23.36,0.46,99.94,Nordeste,-8.0,-40.0,3,1
2024-01-28 04:00:00,0.0,23.18,0.41,100.0,Nordeste,-8.0,-40.0,4,1
2024-01-28 05:00:00,2.88,22.98,1.11,99.89,Nordeste,-8.0,-40.0,5,1
2024-01-28 06:00:00,87.05,23.35,2.31,95.51,Nordeste,-8.0,-40.0,6,1
2024-01-28 07:00:00,237.65,24.33,3.27,97.96,Nordeste,-8.0,-40.0,7,1
2024-01-28 08:00:00,406.35,26.3,3.36,98.25,Nordeste,-8.0,-40.0,8,1
2024-01-28 09:00:00,596.42,28.42,3.15,98.27,Nordeste,-8.0,-40.0,9,1
2024-01-28 10:00:00,728.2,30.21,3.08,98.04,Nordeste,-8.0,-40.0,10,1
2024-01-28 11:00:00,793.9,31.75,3.09,99.77,Nordeste,-8.0,-40.0,11,1
2024-01-28 12:00:00,645.47,32.77,2.99,98.78,Nordeste,-8.0,-40.0,12,1
2024-01-28 13:00:00,683.97,33.24,2.84,95.27,Nordeste,-8.0,-40.0,13,1
2024-01-28 14:00:00,597.5,33.32,2.77,97.77,Nordeste,-8.0,-40.0,14,1
2024-01-28 15:00:00,419.65,32.88,2.75,94.17,Nordeste,-8.0,-40.0,15,1
2024-01-28 16:00:00,223.2,31.64,2.38,95.77,Nordeste,-8.0,-40.0,16,1
2024-01-28 17:00:00,55.38,29.02,2.08,97.23,Nordeste,-8.0,-40.0,17,1
2024-01-28 18:00:00,0.0,26.85,2.3,99.56,Nordeste,-8.0,-40.0,18,1
2024-01-28 19:00:00,0.0,26.07,2.4,99.39,Nordeste,-8.0,-40.0,19,1
2024-01-28 20:00:00,0.0,25.42,2.41,96.68,Nordeste,-8.0,-40.0,20,1
2024-01-28 21:00:00,0.0,24.81,2.37,99.87,Nordeste,-8.0,-40.0,21,1
2024-01-28 22:00:00,0.0,24.34,2.28,99.64,Nordeste,-8.0,-40.0,22,1
2024-01-28 23:00:00,0.0,23.88,2.22,99.33,Nordeste,-8.0,-40.0,23,1
2024-01-29 00:00:00,0.0,23.37,2.16,99.16,Nordeste,-8.0,-40.0,0,1
2024-01-29 01:00:00,0.0,22.98,2.0,100.0,Nordeste,-8.0,-40.0,1,1
2024-01-29 02:00:00,0.0,22.7,1.71,99.53,Nordeste,-8.0,-40.0,2,1
2024-01-29 03:00:00,0.0,22.48,1.84,99.57,Nordeste,-8.0,-40.0,3,1
2024-01-29 04:00:00,0.0,22.3,2.57,98.87,Nordeste,-8.0,-40.0,4,1
2024-01-29 05:00:00,3.2,22.28,2.54,94.0,Nordeste,-8.0,-40.0,5,1
2024-01-29 06:00:00,104.45,23.34,3.45,85.69,Nordeste,-8.0,-40.0,6,1
2024-01-29 07:00:00,311.92,25.24,4.77,83.58,Nordeste,-8.0,-40.0,7,1
2024-01-29 08:00:00,537.72,27.67,5.1,80.1,Nordeste,-8.0,-40.0,8,1
2024-01-29 09:00:00,752.88,29.81,4.96,64.56,Nordeste,-8.0,-40.0,9,1
2024-01-29 10:00:00,820.25,31.31,4.75,91.09,Nordeste,-8.0,-40.0,10,1
2024-01-29 11:00:00,904.92,32.34,4.49,94.36,Nordeste,-8.0,-40.0,11,1
2024-01-29 12:00:00,953.28,33.11,4.07,50.96,Nordeste,-8.0,-40.0,12,1
2024-01-29 13:00:00,855.47,33.73,3.57,54.15,Nordeste,-8.0,-40.0,13,1
2024-01-29 14:00:00,708.22,34.0,3.15,49.15,Nordeste,-8.0,-40.0,14,1
2024-01-29 15:00:00,536.83,33.6,2.97,23.13,Nordeste,-8.0,-40.0,15,1
2024-01-29 16:00:00,289.1,32.33,2.87,27.72,Nordeste,-8.0,-40.0,16,1
2024-01-29 17:00:00,70.03,29.36,2.19,33.42,Nordeste,-8.0,-40.0,17,1
2024-01-29 18:00:00,0.0,27.07,2.47,41.4,Nordeste,-8.0,-40.0,18,1
2024-01-29 19:00:00,0.0,26.28,2.57,65.37,Nordeste,-8.0,-40.0,19,1
2024-01-29 20:00:00,0.0,25.76,2.45,67.07,Nordeste,-8.0,-40.0,20,1
2024-01-29 21:00:00,0.0,25.32,2.25,77.58,Nordeste,-8.0,-40.0,21,1
2024-01-29 22:00:00,0.0,24.92,2.13,79.9,Nordeste,-8.0,-40.0,22,1
2024-01-29 23:00:00,0.0,24.4,2.34,80.46,Nordeste,-8.0,-40.0,23,1
2024-01-30 00:00:00,0.0,23.83,2.6,86.43,Nordeste,-8.0,-40.0,0,1
2024-01-30 01:00:00,0.0,23.32,2.6,77.11,Nordeste,-8.0,-40.0,1,1
2024-01-30 02:00:00,0.0,23.0,2.51,47.84,Nordeste,-8.0,-40.0,2,1
2024-01-30 03:00:00,0.0,22.77,2.21,19.94,Nordeste,-8.0,-40.0,3,1
2024-01-30 04:00:00,0.0,22.63,1.92,16.52,Nordeste,-8.0,-40.0,4,1
2024-01-30 05:00:00,4.07,22.64,1.86,14.45,Nordeste,-8.0,-40.0,5,1
2024-01-30 06:00:00,136.23,23.21,2.45,13.73,Nordeste,-8.0,-40.0,6,1
2024-01-30 07:00:00,370.92,24.64,3.4,14.82,Nordeste,-8.0,-40.0,7,1
2024-01-30 08:00:00,622.42,27.32,3.42,12.75,Nordeste,-8.0,-40.0,8,1
2024-01-30 09:00:00,826.85,30.37,2.8,10.13,Nordeste,-8.0,-40.0,9,1
2024-01-30 10:00:00,972.25,32.47,2.63,8.68,Nordeste,-8.0,-40.0,10,1
2024-01-30 11:00:00,1034.15,33.85,2.79,18.64,Nordeste,-8.0,-40.0,11,1
2024-01-30 12:00:00,1022.22,34.76,2.91,11.93,Nordeste,-8.0,-40.0,12,1
2024-01-30 13:00:00,917.03,35.18,3.01,20.76,Nordeste,-8.0,-40.0,13,1
2024-01-30 14:00:00,760.53,35.05,3.14,21.34,Nordeste,-8.0,-40.0,14,1
2024-01-30 15:00:00,545.35,34.45,3.28,16.7,Nordeste,-8.0,-40.0,15,1
2024-01-30 16:00:00,308.3,32.97,3.29,13.75,Nordeste,-8.0,-40.0,16,1
2024-01-30 17:00:00,80.3,30.05,2.34,7.24,Nordeste,-8.0,-40.0,17,1
2024-01-30 18:00:00,0.0,27.83,2.65,3.48,Nordeste,-8.0,-40.0,18,1
2024-01-30 19:00:00,0.0,27.01,2.76,5.02,Nordeste,-8.0,-40.0,19,1
2024-01-30 20:00:00,0.0,26.41,2.6,9.8,Nordeste,-8.0,-40.0,20,1
2024-01-30 21:00:00,0.0,25.82,2.34,5.4,Nordeste,-8.0,-40.0,21,1
2024-01-30 22:00:00,0.0,25.28,2.16,0.87,Nordeste,-8.0,-40.0,22,1
2024-01-30 23:00:00,0.0,24.72,2.07,0.87,Nordeste,-8.0,-40.0,23,1
2024-01-31 00:00:00,0.0,24.06,2.28,3.04,Nordeste,-8.0,-40.0,0,1
2024-01-31 01:00:00,0.0,23.09,2.81,9.56,Nordeste,-8.0,-40.0,1,1
2024-01-31 02:00:00,0.0,22.36,3.01,10.43,Nordeste,-8.0,-40.0,2,1
2024-01-31 03:00:00,0.0,21.77,2.76,3.04,Nordeste,-8.0,-40.0,3,1
2024-01-31 04:00:00,0.0,21.44,2.47,6.08,Nordeste,-8.0,-40.0,4,1
2024-01-31 05:00:00,3.97,21.53,2.28,5.53,Nordeste,-8.0,-40.0,5,1
2024-01-31 06:00:00,130.45,24.24,3.45,5.0,Nordeste,-8.0,-40.0,6,1
2024-01-31 07:00:00,370.0,27.49,3.96,4.46,Nordeste,-8.0,-40.0,7,1
2024-01-31 08:00:00,612.62,30.1,3.32,3.91,Nordeste,-8.0,-40.0,8,1
2024-01-31 09:00:00,813.4,32.3,3.1,4.78,Nordeste,-8.0,-40.0,9,1
2024-01-31 10:00:00,948.7,33.92,3.4,7.74,Nordeste,-8.0,-40.0,10,1
2024-01-31 11:00:00,1013.03,34.95,3.75,25.11,Nordeste,-8.0,-40.0,11,1
2024-01-31 12:00:00,967.3,35.6,4.02,37.78,Nordeste,-8.0,-40.0,12,1
2024-01-31 13:00:00,825.4,35.8,4.19,34.01,Nordeste,-8.0,-40.0,13,1
2024-01-31 14:00:00,640.58,35.52,4.35,49.39,Nordeste,-8.0,-40.0,14,1
2024-01-31 15:00:00,437.35,34.72,4.53,47.0,Nordeste,-8.0,-40.0,15,1
2024-01-31 16:00:00,233.8,33.26,4.55,51.37,Nordeste,-8.0,-40.0,16,1
2024-01-31 17:00:00,56.47,30.53,3.08,56.96,Nordeste,-8.0,-40.0,17,1
2024-01-31 18:00:00,0.0,28.11,2.82,58.01,Nordeste,-8.0,-40.0,18,1
2024-01-31 19:00:00,0.0,27.18,2.8,57.3,Nordeste,-8.0,-40.0,19,1
2024-01-31 20:00:00,0.0,26.51,2.66,70.6,Nordeste,-8.0,-40.0,20,1
2024-01-31 21:00:00,0.0,25.93,2.61,68.7,Nordeste,-8.0,-40.0,21,1
2024-01-31 22:00:00,0.0,25.27,2.78,63.52,Nordeste,-8.0,-40.0,22,1
2024-01-31 23:00:00,0.0,24.65,3.59,40.09,Nordeste,-8.0,-40.0,23,1
2024-01-01 00:00:00,0.0,21.87,4.35,100.0,Sudeste,-20.0,-45.0,0,1
2024-01-01 01:00:00,0.0,21.43,3.59,100.0,Sudeste,-20.0,-45.0,1,1
2024-01-01 02:00:00,0.0,21.2,2.74,100.0,Sudeste,-20.0,-45.0,2,1
2024-01-01 03:00:00,0.0,21.1,2.31,100.0,Sudeste,-20.0,-45.0,3,1
2024-01-01 04:00:00,0.0,21.09,2.45,100.0,Sudeste,-20.0,-45.0,4,1
2024-01-01 05:00:00,5.72,21.15,3.19,100.0,Sudeste,-20.0,-45.0,5,1
2024-01-01 06:00:00,59.92,21.32,3.72,100.0,Sudeste,-20.0,-45.0,6,1
2024-01-01 07:00:00,134.9,21.55,4.57,100.0,Sudeste,-20.0,-45.0,7,1
2024-01-01 08:00:00,216.8,21.84,5.25,100.0,Sudeste,-20.0,-45.0,8,1
2024-01-01 09:00:00,294.62,22.73,5.63,100.0,Sudeste,-20.0,-45.0,9,1
2024-01-01 10:00:00,298.2,23.88,5.48,99.73,Sudeste,-20.0,-45.0,10,1
2024-01-01 11:00:00,377.98,24.94,4.97,99.71,Sudeste,-20.0,-45.0,11,1
2024-01-01 12:00:00,359.02,25.71,4.43,99.92,Sudeste,-20.0,-45.0,12,1
2024-01-01 13:00:00,341.33,25.98,3.92,99.54,Sudeste,-20.0,-45.0,13,1
2024-01-01 14:00:00,82.32,25.87,3.34,100.0,Sudeste,-20.0,-45.0,14,1
2024-01-01 15:00:00,43.67,25.72,2.84,99.72,Sudeste,-20.0,-45.0,15,1
2024-01-01 16:00:00,85.22,25.27,2.67,100.0,Sudeste,-20.0,-45.0,16,1
2024-01-01 17:00:00,47.3,24.27,2.74,100.0,Sudeste,-20.0,-45.0,17,1
2024-01-01 18:00:00,5.93,22.75,2.47,100.0,Sudeste,-20.0,-45.0,18,1
2024-01-01 19:00:00,0.0,21.92,2.66,100.0,Sudeste,-20.0,-45.0,19,1
2024-01-01 20:00:00,0.0,21.47,2.77,100.0,Sudeste,-20.0,-45.0,20,1
2024-01-01 21:00:00,0.0,21.05,2.91,100.0,Sudeste,-20.0,-45.0,21,1
2024-01-01 22:00:00,0.0,20.57,3.03,100.0,Sudeste,-20.0,-45.0,22,1
2024-01-01 23:00:00,0.0,20.12,3.04,99.91,Sudeste,-20.0,-45.0,23,1
2024-01-02 00:00:00,0.0,19.73,2.93,99.98,Sudeste,-20.0,-45.0,0,1
2024-01-02 01:00:00,0.0,19.4,2.68,100.0,Sudeste,-20.0,-45.0,1,1
2024-01-02 02:00:00,0.0,19.22,2.63,99.9,Sudeste,-20.0,-45.0,2,1
2024-01-02 03:00:00,0.0,19.02,2.7,100.0,Sudeste,-20.0,-45.0,3,1
2024-01-02 04:00:00,0.0,18.84,2.77,100.0,Sudeste,-20.0,-45.0,4,1
2024-01-02 05:00:00,5.05,18.77,2.94,100.0,Sudeste,-20.0,-45.0,5,1
2024-01-02 06:00:00,66.07,19.47,3.74,99.12,Sudeste,-20.0,-45.0,6,1
2024-01-02 07:00:00,155.02,20.9,4.13,99.56,Sudeste,-20.0,-45.0,7,1
2024-01-02 08:00:00,270.3,22.75,4.43,99.66,Sudeste,-20.0,-45.0,8,1
2024-01-02 09:00:00,329.65,24.3,4.48,99.71,Sudeste,-20.0,-45.0,9,1
2024-01-02 10:00:00,476.38,25.17,4.12,99.66,Sudeste,-20.0,-45.0,10,1
2024-01-02 11:00:00,611.8,25.84,3.63,99.69,Sudeste,-20.0,-45.0,11,1
2024-01-02 12:00:00,633.2,26.28,3.29,95.39,Sudeste,-20.0,-45.0,12,1
2024-01-02 13:00:00,606.35,26.4,3.05,96.52,Sudeste,-20.0,-45.0,13,1
2024-01-02 14:00:00,472.83,26.47,2.88,97.24,Sudeste,-20.0,-45.0,14,1
2024-01-02 15:00:00,319.9,26.17,2.54,94.66,Sudeste,-20.0,-45.0,15,1
2024-01-02 16:00:00,197.0,25.57,1.91,95.68,Sudeste,-20.0,-45.0,16,1
2024-01-02 17:00:00,91.07,24.86,1.74,96.52,Sudeste,-20.0,-45.0,17,1
2024-01-02 18:00:00,8.62,23.71,1.4,98.85,Sudeste,-20.0,-45.0,18,1
2024-01-02 19:00:00,0.0,23.05,1.38,99.63,Sudeste,-20.0,-45.0,19,1
2024-01-02 20:00:00,0.0,22.6,1.5,100.0,Sudeste,-20.0,-45.0,20,1
2024-01-02 21:00:00,0.0,22.19,1.64,100.0,Sudeste,-20.0,-45.0,21,1
2024-01-02 22:00:00,0.0,21.81,1.82,100.0,Sudeste,-20.0,-45.0,22,1
2024-01-02 23:00:00,0.0,21.4,2.08,99.56,Sudeste,-20.0,-45.0,23,1
2024-01-03 00:00:00,0.0,20.97,2.25,99.88,Sudeste,-20.0,-45.0,0,1
2024-01-03 01:00:00,0.0,20.63,2.41,100.0,Sudeste,-20.0,-45.0,1,1
2024-01-03 02:00:00,0.0,20.43,2.73,100.0,Sudeste,-20.0,-45.0,2,1
2024-01-03 03:00:00,0.0,20.3,2.93,99.97,Sudeste,-20.0,-45.0,3,1
2024-01-03 04:00:00,0.0,20.19,2.83,100.0,Sudeste,-20.0,-45.0,4,1
2024-01-03 05:00:00,5.82,20.24,2.6,100.0,Sudeste,-20.0,-45.0,5,1
2024-01-03 06:00:00,54.92,20.92,2.87,100.0,Sudeste,-20.0,-45.0,6,1
2024-01-03 07:00:00,112.78,21.91,2.76,100.0,Sudeste,-20.0,-45.0,7,1
2024-01-03 08:00:00,157.32,22.86,3.14,100.0,Sudeste,-20.0,-45.0,8,1
2024-01-03 09:00:00,278.62,23.68,3.46,100.0,Sudeste,-20.0,-45.0,9,1
2024-01-03 10:00:00,242.25,24.5,4.26,100.0,Sudeste,-20.0,-45.0,10,1
2024-01-03 11:00:00,205.5,24.77,4.89,100.0,Sudeste,-20.0,-45.0,11,1
2024-01-03 12:00:00,252.1,24.27,5.38,100.0,Sudeste,-20.0,-45.0,12,1
2024-01-03 13:00:00,293.27,23.58,5.46,100.0,Sudeste,-20.0,-45.0,13,1
2024-01-03 14:00:00,144.35,23.29,5.17,100.0,Sudeste,-20.0,-45.0,14,1
2024-01-03 15:00:00,130.95,23.19,4.67,100.0,Sudeste,-20.0,-45.0,15,1
2024-01-03 16:00:00,94.35,23.04,4.18,100.0,Sudeste,-20.0,-45.0,16,1
2024-01-03 17:00:00,31.02,22.71,4.05,100.0,Sudeste,-20.0,-45.0,17,1
2024-01-03 18:00:00,6.97,22.03,4.03,100.0,Sudeste,-20.0,-45.0,18,1
2024-01-03 19:00:00,0.0,21.56,4.34,100.0,Sudeste,-20.0,-45.0,19,1
2024-01-03 20:00:00,0.0,21.3,4.64,100.0,Sudeste,-20.0,-45.0,20,1
2024-01-03 21:00:00,0.0,21.08,4.42,100.0,Sudeste,-20.0,-45.0,21,1
2024-01-03 22:00:00,0.0,20.91,4.22,100.0,Sudeste,-20.0,-45.0,22,1
2024-01-03 23:00:00,0.0,20.77,3.45,100.0,Sudeste,-20.0,-45.0,23,1
2024-01-04 00:00:00,0.0,20.67,2.53,100.0,Sudeste,-20.0,-45.0,0,1
2024-01-04 01:00:00,0.0,20.55,1.97,99.71,Sudeste,-20.0,-45.0,1,1
2024-01-04 02:00:00,0.0,20.49,1.82,100.0,Sudeste,-20.0,-45.0,2,1
2024-01-04 03:00:00,0.0,20.52,1.98,100.0,Sudeste,-20.0,-45.0,3,1
2024-01-04 04:00:00,0.0,20.48,1.8,100.0,Sudeste,-20.0,-45.0,4,1
2024-01-04 05:00:00,5.57,20.53,1.76,100.0,Sudeste,-20.0,-45.0,5,1
2024-01-04 06:00:00,55.45,21.35,2.9,100.0,Sudeste,-20.0,-45.0,6,1
2024-01-04 07:00:00,128.82,22.27,4.38,100.0,Sudeste,-20.0,-45.0,7,1
2024-01-04 08:00:00,193.52,23.53,5.59,100.0,Sudeste,-20.0,-45.0,8,1
2024-01-04 09:00:00,256.4,24.44,6.2,100.0,Sudeste,-20.0,-45.0,9,1
2024-01-04 10:00:00,322.52,24.83,6.34,100.0,Sudeste,-20.0,-45.0,10,1
2024-01-04 11:00:00,301.9,25.02,6.08,100.0,Sudeste,-20.0,-45.0,11,1
2024-01-04 12:00:00,361.67,25.2,5.58,100.0,Sudeste,-20.0,-45.0,12,1
2024-01-04 13:00:00,412.75,25.2,5.13,99.65,Sudeste,-20.0,-45.0,13,1
2024-01-04 14:00:00,467.83,24.99,4.62,99.21,Sudeste,-20.0,-45.0,14,1
2024-01-04 15:00:00,356.77,24.68,4.07,99.15,Sudeste,-20.0,-45.0,15,1
2024-01-04 16:00:00,212.88,24.35,3.26,99.83,Sudeste,-20.0,-45.0,16,1
2024-01-04 17:00:00,75.45,23.93,2.27,100.0,Sudeste,-20.0,-45.0,17,1
2024-01-04 18:00:00,9.6,22.74,1.65,98.81,Sudeste,-20.0,-45.0,18,1
2024-01-04 19:00:00,0.0,22.19,1.86,99.16,Sudeste,-20.0,-45.0,19,1
2024-01-04 20:00:00,0.0,21.98,2.11,99.22,Sudeste,-20.0,-45.0,20,1
2024-01-04 21:00:00,0.0,21.77,2.39,99.59,Sudeste,-20.0,-45.0,21,1
2024-01-04 22:00:00,0.0,21.54,2.52,99.86,Sudeste,-20.0,-45.0,22,1
2024-01-04 23:00:00,0.0,21.33,2.38,99.83,Sudeste,-20.0,-45.0,23,1
2024-01-05 00:00:00,0.0,21.06,1.96,99.93,Sudeste,-20.0,-45.0,0,1
2024-01-05 01:00:00,0.0,20.88,1.67,98.48,Sudeste,-20.0,-45.0,1,1
2024-01-05 02:00:00,0.0,20.62,1.61,99.61,Sudeste,-20.0,-45.0,2,1
2024-01-05 03:00:00,0.0,20.34,1.46,99.63,Sudeste,-20.0,-45.0,3,1
2024-01-05 04:00:00,0.0,20.03,1.36,99.73,Sudeste,-20.0,-45.0,4,1
2024-01-05 05:00:00,8.57,20.02,1.53,99.6,Sudeste,-20.0,-45.0,5,1
2024-01-05 06:00:00,99.7,20.96,2.29,99.78,Sudeste,-20.0,-45.0,6,1
2024-01-05 07:00:00,226.48,22.47,2.45,99.96,Sudeste,-20.0,-45.0,7,1
2024-01-05 08:00:00,371.98,24.35,1.82,99.7,Sudeste,-20.0,-45.0,8,1
2024-01-05 09:00:00,556.83,25.9,1.1,99.8,Sudeste,-20.0,-45.0,9,1
2024-01-05 10:00:00,743.95,27.0,1.45,95.96,Sudeste,-20.0,-45.0,10,1
2024-01-05 11:00:00,901.7,28.01,1.93,78.15,Sudeste,-20.0,-45.0,11,1
2024-01-05 12:00:00,880.47,28.93,2.46,76.15,Sudeste,-20.0,-45.0,12,1
2024-01-05 13:00:00,800.83,29.33,3.15,63.89,Sudeste,-20.0,-45.0,13,1
2024-01-05 14:00:00,683.8,28.99,3.9,53.81,Sudeste,-20.0,-45.0,14,1
2024-01-05 15:00:00,535.8,28.73,4.25,51.34,Sudeste,-20.0,-45.0,15,1
2024-01-05 16:00:00,341.27,28.4,4.02,61.8,Sudeste,-20.0,-45.0,16,1
2024-01-05 17:00:00,156.25,27.3,2.99,72.11,Sudeste,-20.0,-45.0,17,1
2024-01-05 18:00:00,15.45,24.6,2.3,84.77,Sudeste,-20.0,-45.0,18,1
2024-01-05 19:00:00,0.0,23.71,2.04,94.29,Sudeste,-20.0,-45.0,19,1
2024-01-05 20:00:00,0.0,23.77,1.76,91.64,Sudeste,-20.0,-45.0,20,1
2024-01-05 21:00:00,0.0,23.31,1.79,99.31,Sudeste,-20.0,-45.0,21,1
2024-01-05 22:00:00,0.0,22.34,2.13,99.39,Sudeste,-20.0,-45.0,22,1
2024-01-05 23:00:00,0.0,21.54,2.52,99.41,Sudeste,-20.0,-45.0,23,1
2024-01-06 00:00:00,0.0,21.0,2.86,99.42,Sudeste,-20.0,-45.0,0,1
2024-01-06 01:00:00,0.0,20.44,3.16,99.3,Sudeste,-20.0,-45.0,1,1
2024-01-06 02:00:00,0.0,20.03,3.68,98.92,Sudeste,-20.0,-45.0,2,1
2024-01-06 03:00:00,0.0,19.76,3.76,86.35,Sudeste,-20.0,-45.0,3,1
2024-01-06 04:00:00,0.0,19.46,3.49,84.49,Sudeste,-20.0,-45.0,4,1
2024-01-06 05:00:00,9.9,19.32,3.27,87.62,Sudeste,-20.0,-45.0,5,1
2024-01-06 06:00:00,114.32,19.87,3.36,89.59,Sudeste,-20.0,-45.0,6,1
2024-01-06 07:00:00,275.52,21.09,3.22,91.35,Sudeste,-20.0,-45.0,7,1
2024-01-06 08:00:00,451.42,23.1,2.93,92.45,Sudeste,-20.0,-45.0,8,1
2024-01-06 09:00:00,653.08,25.63,2.56,88.71,Sudeste,-20.0,-45.0,9,1
2024-01-06 10:00:00,798.9,27.49,2.2,90.19,Sudeste,-20.0,-45.0,10,1
2024-01-06 11:00:00,868.0,28.51,2.1,89.37,Sudeste,-20.0,-45.0,11,1
2024-01-06 12:00:00,920.05,29.15,1.97,66.34,Sudeste,-20.0,-45.0,12,1
2024-01-06 13:00:00,869.6,29.49,1.78,61.24,Sudeste,-20.0,-45.0,13,1
2024-01-06 14:00:00,693.72,29.68,1.63,58.51,Sudeste,-20.0,-45.0,14,1
2024-01-06 15:00:00,551.85,29.46,1.32,53.13,Sudeste,-20.0,-45.0,15,1
2024-01-06 16:00:00,349.5,29.01,0.98,63.87,Sudeste,-20.0,-45.0,16,1
2024-01-06 17:00:00,153.77,28.29,0.78,74.03,Sudeste,-20.0,-45.0,17,1
2024-01-06 18:00:00,16.62,26.53,1.03,86.1,Sudeste,-20.0,-45.0,18,1
2024-01-06 19:00:00,0.0,25.09,1.5,97.96,Sudeste,-20.0,-45.0,19,1
2024-01-06 20:00:00,0.0,24.07,1.92,94.53,Sudeste,-20.0,-45.0,20,1
2024-01-06 21:00:00,0.0,23.23,2.22,92.9,Sudeste,-20.0,-45.0,21,1
2024-01-06 22:00:00,0.0,22.69,2.36,86.3,Sudeste,-20.0,-45.0,22,1
2024-01-06 23:00:00,0.0,22.24,2.35,92.17,Sudeste,-20.0,-45.0,23,1
2024-01-07 00:00:00,0.0,21.8,2.3,52.52,Sudeste,-20.0,-45.0,0,1
2024-01-07 01:00:00,0.0,21.37,2.22,55.39,Sudeste,-20.0,-45.0,1,1
2024-01-07 02:00:00,0.0,20.72,2.21,42.37,Sudeste,-20.0,-45.0,2,1
2024-01-07 03:00:00,0.0,20.28,2.17,35.5,Sudeste,-20.0,-45.0,3,1
2024-01-07 04:00:00,0.0,20.15,2.15,30.44,Sudeste,-20.0,-45.0,4,1
2024-01-07 05:00:00,11.0,20.46,2.43,30.68,Sudeste,-20.0,-45.0,5,1
2024-01-07 06:00:00,156.43,21.56,3.24,33.28,Sudeste,-20.0,-45.0,6,1
2024-01-07 07:00:00,367.92,23.19,3.16,32.88,Sudeste,-20.0,-45.0,7,1
2024-01-07 08:00:00,577.25,24.95,3.07,31.61,Sudeste,-20.0,-45.0,8,1
2024-01-07 09:00:00,722.28,26.39,2.51,48.11,Sudeste,-20.0,-45.0,9,1
2024-01-07 10:00:00,855.85,27.3,1.84,42.16,Sudeste,-20.0,-45.0,10,1
2024-01-07 11:00:00,934.62,27.91,1.34,42.4,Sudeste,-20.0,-45.0,11,1
2024-01-07 12:00:00,874.35,28.04,1.07,51.58,Sudeste,-20.0,-45.0,12,1
2024-01-07 13:00:00,748.0,27.87,1.1,68.43,Sudeste,-20.0,-45.0,13,1
2024-01-07 14:00:00,506.83,27.75,1.17,73.93,Sudeste,-20.0,-45.0,14,1
2024-01-07 15:00:00,417.62,27.51,1.28,79.68,Sudeste,-20.0,-45.0,15,1
2024-01-07 16:00:00,260.95,27.13,1.52,85.19,Sudeste,-20.0,-45.0,16,1
2024-01-07 17:00:00,118.57,26.44,1.78,89.42,Sudeste,-20.0,-45.0,17,1
2024-01-07 18:00:00,13.18,24.66,1.7,94.9,Sudeste,-20.0,-45.0,18,1
2024-01-07 19:00:00,0.0,23.76,2.11,98.96,Sudeste,-20.0,-45.0,19,1
2024-01-07 20:00:00,0.0,23.26,2.48,99.14,Sudeste,-20.0,-45.0,20,1
2024-01-07 21:00:00,0.0,22.95,2.93,86.45,Sudeste,-20.0,-45.0,21,1
2024-01-07 22:00:00,0.0,22.6,3.53,83.92,Sudeste,-20.0,-45.0,22,1
2024-01-07 23:00:00,0.0,22.13,3.5,99.43,Sudeste,-20.0,-45.0,23,1
2024-01-08 00:00:00,0.0,21.78,3.04,99.48,Sudeste,-20.0,-45.0,0,1
2024-01-08 01:00:00,0.0,21.5,2.22,91.28,Sudeste,-20.0,-45.0,1,1
2024-01-08 02:00:00,0.0,21.27,1.83,99.5,Sudeste,-20.0,-45.0,2,1
2024-01-08 03:00:00,0.0,21.09,2.11,99.82,Sudeste,-20.0,-45.0,3,1
2024-01-08 04:00:00,0.0,20.92,2.27,99.72,Sudeste,-20.0,-45.0,4,1
2024-01-08 05:00:00,9.2,20.9,2.33,96.69,Sudeste,-20.0,-45.0,5,1
2024-01-08 06:00:00,110.68,21.54,3.14,95.44,Sudeste,-20.0,-45.0,6,1
2024-01-08 07:00:00,274.42,22.74,3.61,94.15,Sudeste,-20.0,-45.0,7,1
2024-01-08 08:00:00,446.27,24.53,3.57,91.17,Sudeste,-20.0,-45.0,8,1
2024-01-08 09:00:00,572.12,26.32,3.22,94.18,Sudeste,-20.0,-45.0,9,1
2024-01-08 10:00:00,695.92,27.81,2.97,97.05,Sudeste,-20.0,-45.0,10,1
2024-01-08 11:00:00,711.38,28.8,2.74,99.4,Sudeste,-20.0,-45.0,11,1
2024-01-08 12:00:00,580.95,29.41,2.36,100.0,Sudeste,-20.0,-45.0,12,1
2024-01-08 13:00:00,585.5,29.29,1.91,100.0,Sudeste,-20.0,-45.0,13,1
2024-01-08 14:00:00,360.8,29.03,1.54,99.91,Sudeste,-20.0,-45.0,14,1
2024-01-08 15:00:00,429.77,28.62,1.23,88.92,Sudeste,-20.0,-45.0,15,1
2024-01-08 16:00:00,266.3,27.92,1.18,90.64,Sudeste,-20.0,-45.0,16,1
2024-01-08 17:00:00,121.28,27.09,1.2,91.58,Sudeste,-20.0,-45.0,17,1
2024-01-08 18:00:00,11.3,25.46,1.36,97.46,Sudeste,-20.0,-45.0,18,1
2024-01-08 19:00:00,0.0,24.28,1.75,100.0,Sudeste,-20.0,-45.0,19,1
2024-01-08 20:00:00,0.0,23.52,2.09,100.0,Sudeste,-20.0,-45.0,20,1
2024-01-08 21:00:00,0.0,22.89,2.32,100.0,Sudeste,-20.0,-45.0,21,1
2024-01-08 22:00:00,0.0,22.24,2.41,100.0,Sudeste,-20.0,-45.0,22,1
2024-01-08 23:00:00,0.0,21.71,2.25,100.0,Sudeste,-20.0,-45.0,23,1
2024-01-09 00:00:00,0.0,21.47,1.94,100.0,Sudeste,-20.0,-45.0,0,1
2024-01-09 01:00:00,0.0,21.45,1.61,99.87,Sudeste,-20.0,-45.0,1,1
2024-01-09 02:00:00,0.0,21.36,1.27,99.98,Sudeste,-20.0,-45.0,2,1
2024-01-09 03:00:00,0.0,21.21,1.09,99.93,Sudeste,-20.0,-45.0,3,1
2024-01-09 04:00:00,0.0,21.08,0.99,100.0,Sudeste,-20.0,-45.0,4,1
2024-01-09 05:00:00,5.15,21.11,1.01,100.0,Sudeste,-20.0,-45.0,5,1
2024-01-09 06:00:00,66.2,21.79,1.86,100.0,Sudeste,-20.0,-45.0,6,1
2024-01-09 07:00:00,152.95,22.65,2.32,100.0,Sudeste,-20.0,-45.0,7,1
2024-01-09 08:00:00,250.18,23.93,2.48,100.0,Sudeste,-20.0,-45.0,8,1
2024-01-09 09:00:00,444.88,25.16,2.38,100.0,Sudeste,-20.0,-45.0,9,1
2024-01-09 10:00:00,555.03,26.0,2.17,100.0,Sudeste,-20.0,-45.0,10,1
2024-01-09 11:00:00,597.55,26.59,1.97,98.27,Sudeste,-20.0,-45.0,11,1
2024-01-09 12:00:00,620.58,27.0,1.67,99.13,Sudeste,-20.0,-45.0,12,1
2024-01-09 13:00:00,626.15,26.95,1.25,94.22,Sudeste,-20.0,-45.0,13,1
2024-01-09 14:00:00,522.92,26.51,0.88,92.35,Sudeste,-20.0,-45.0,14,1
2024-01-09 15:00:00,316.17,25.66,0.57,96.95,Sudeste,-20.0,-45.0,15,1
2024-01-09 16:00:00,199.82,24.82,0.62,98.14,Sudeste,-20.0,-45.0,16,1
2024-01-09 17:00:00,94.05,23.97,0.92,98.42,Sudeste,-20.0,-45.0,17,1
2024-01-09 18:00:00,10.77,22.93,1.13,99.56,Sudeste,-20.0,-45.0,18,1
2024-01-09 19:00:00,0.0,22.21,1.16,99.61,Sudeste,-20.0,-45.0,19,1
2024-01-09 20:00:00,0.0,21.79,1.31,99.79,Sudeste,-20.0,-45.0,20,1
2024-01-09 21:00:00,0.0,21.45,1.31,99.86,Sudeste,-20.0,-45.0,21,1
2024-01-09 22:00:00,0.0,21.27,1.13,99.82,Sudeste,-20.0,-45.0,22,1
2024-01-09 23:00:00,0.0,21.35,0.73,99.75,Sudeste,-20.0,-45.0,23,1
2024-01-10 00:00:00,0.0,21.31,0.52,99.65,Sudeste,-20.0,-45.0,0,1
2024-01-10 01:00:00,0.0,21.22,0.35,98.91,Sudeste,-20.0,-45.0,1,1
2024-01-10 02:00:00,0.0,21.08,0.57,99.61,Sudeste,-20.0,-45.0,2,1
2024-01-10 03:00:00,0.0,20.73,0.96,99.5,Sudeste,-20.0,-45.0,3,1
2024-01-10 04:00:00,0.0,20.51,1.17,99.29,Sudeste,-20.0,-45.0,4,1
2024-01-10 05:00:00,7.38,20.52,1.27,89.88,Sudeste,-20.0,-45.0,5,1
2024-01-10 06:00:00,123.57,21.42,2.05,78.84,Sudeste,-20.0,-45.0,6,1
2024-01-10 07:00:00,319.0,22.94,1.95,71.81,Sudeste,-20.0,-45.0,7,1
2024-01-10 08:00:00,531.2,25.19,1.39,63.61,Sudeste,-20.0,-45.0,8,1
2024-01-10 09:00:00,754.1,27.42,1.42,46.34,Sudeste,-20.0,-45.0,9,1
2024-01-10 10:00:00,860.67,29.31,2.13,40.39,Sudeste,-20.0,-45.0,10,1
2024-01-10 11:00:00,838.22,30.53,2.69,61.73,Sudeste,-20.0,-45.0,11,1
2024-01-10 12:00:00,761.75,31.22,2.91,77.02,Sudeste,-20.0,-45.0,12,1
2024-01-10 13:00:00,709.83,31.36,2.98,64.25,Sudeste,-20.0,-45.0,13,1
2024-01-10 14:00:00,544.95,31.02,2.95,84.22,Sudeste,-20.0,-45.0,14,1
2024-01-10 15:00:00,221.3,30.34,2.73,98.9,Sudeste,-20.0,-45.0,15,1
2024-01-10 16:00:00,160.68,29.35,2.39,100.0,Sudeste,-20.0,-45.0,16,1
2024-01-10 17:00:00,77.97,28.0,1.93,100.0,Sudeste,-20.0,-45.0,17,1
2024-01-10 18:00:00,9.65,26.07,1.47,100.0,Sudeste,-20.0,-45.0,18,1
2024-01-10 19:00:00,0.0,25.08,1.31,99.43,Sudeste,-20.0,-45.0,19,1
2024-01-10 20:00:00,0.0,24.43,1.44,99.78,Sudeste,-20.0,-45.0,20,1
2024-01-10 21:00:00,0.0,23.69,1.66,99.88,Sudeste,-20.0,-45.0,21,1
2024-01-10 22:00:00,0.0,22.99,1.88,97.25,Sudeste,-20.0,-45.0,22,1
2024-01-10 23:00:00,0.0,22.43,1.97,96.41,Sudeste,-20.0,-45.0,23,1
2024-01-11 00:00:00,0.0,21.93,1.99,96.45,Sudeste,-20.0,-45.0,0,1
2024-01-11 01:00:00,0.0,21.57,1.85,95.81,Sudeste,-20.0,-45.0,1,1
2024-01-11 02:00:00,0.0,21.31,1.71,93.67,Sudeste,-20.0,-45.0,2,1
2024-01-11 03:00:00,0.0,21.09,1.77,85.45,Sudeste,-20.0,-45.0,3,1
2024-01-11 04:00:00,0.0,20.88,1.79,74.33,Sudeste,-20.0,-45.0,4,1
2024-01-11 05:00:00,7.25,20.78,2.02,64.46,Sudeste,-20.0,-45.0,5,1
2024-01-11 06:00:00,135.07,21.47,2.96,51.87,Sudeste,-20.0,-45.0,6,1
2024-01-11 07:00:00,351.65,22.98,3.22,44.44,Sudeste,-20.0,-45.0,7,1
2024-01-11 08:00:00,581.97,25.62,3.11,35.49,Sudeste,-20.0,-45.0,8,1
2024-01-11 09:00:00,798.62,27.69,2.85,16.04,Sudeste,-20.0,-45.0,9,1
2024-01-11 10:00:00,881.58,29.04,2.91,31.64,Sudeste,-20.0,-45.0,10,1
2024-01-11 11:00:00,913.35,29.97,3.01,48.48,Sudeste,-20.0,-45.0,11,1
2024-01-11 12:00:00,887.53,30.66,3.03,61.14,Sudeste,-20.0,-45.0,12,1
2024-01-11 13:00:00,796.28,31.13,3.05,76.69,Sudeste,-20.0,-45.0,13,1
2024-01-11 14:00:00,630.85,31.29,2.93,82.99,Sudeste,-20.0,-45.0,14,1
2024-01-11 15:00:00,405.98,31.15,2.71,92.18,Sudeste,-20.0,-45.0,15,1
2024-01-11 16:00:00,258.17,30.63,2.38,94.19,Sudeste,-20.0,-45.0,16,1
2024-01-11 17:00:00,123.95,29.67,1.83,94.17,Sudeste,-20.0,-45.0,17,1
2024-01-11 18:00:00,13.68,27.38,1.35,97.69,Sudeste,-20.0,-45.0,18,1
2024-01-11 19:00:00,0.0,26.43,1.22,98.27,Sudeste,-20.0,-45.0,19,1
2024-01-11 20:00:00,0.0,25.36,1.47,98.68,Sudeste,-20.0,-45.0,20,1
2024-01-11 21:00:00,0.0,24.12,1.75,99.47,Sudeste,-20.0,-45.0,21,1
2024-01-11 22:00:00,0.0,22.94,1.97,99.57,Sudeste,-20.0,-45.0,22,1
2024-01-11 23:00:00,0.0,21.97,2.06,99.38,Sudeste,-20.0,-45.0,23,1
2024-01-12 00:00:00,0.0,21.37,1.97,98.94,Sudeste,-20.0,-45.0,0,1
2024-01-12 01:00:00,0.0,20.9,1.84,98.91,Sudeste,-20.0,-45.0,1,1
2024-01-12 02:00:00,0.0,20.66,1.55,99.36,Sudeste,-20.0,-45.0,2,1
2024-01-12 03:00:00,0.0,20.64,1.13,99.56,Sudeste,-20.0,-45.0,3,1
2024-01-12 04:00:00,0.0,20.65,0.76,99.56,Sudeste,-20.0,-45.0,4,1
2024-01-12 05:00:00,6.97,20.47,0.72,82.75,Sudeste,-20.0,-45.0,5,1
2024-01-12 06:00:00,131.6,21.76,1.19,64.18,Sudeste,-20.0,-45.0,6,1
2024-01-12 07:00:00,341.0,25.13,0.63,49.17,Sudeste,-20.0,-45.0,7,1
2024-01-12 08:00:00,565.17,27.73,1.5,33.7,Sudeste,-20.0,-45.0,8,1
2024-01-12 09:00:00,735.22,29.5,2.14,42.2,Sudeste,-20.0,-45.0,9,1
2024-01-12 10:00:00,877.1,30.86,2.58,53.09,Sudeste,-20.0,-45.0,10,1
2024-01-12 11:00:00,963.92,31.84,2.86,32.92,Sudeste,-20.0,-45.0,11,1
2024-01-12 12:00:00,942.95,32.56,3.04,35.11,Sudeste,-20.0,-45.0,12,1
2024-01-12 13:00:00,839.12,32.84,2.99,47.31,Sudeste,-20.0,-45.0,13,1
2024-01-12 14:00:00,720.58,32.66,2.86,52.25,Sudeste,-20.0,-45.0,14,1
2024-01-12 15:00:00,508.27,32.1,2.71,85.76,Sudeste,-20.0,-45.0,15,1
2024-01-12 16:00:00,310.1,30.92,2.46,88.62,Sudeste,-20.0,-45.0,16,1
2024-01-12 17:00:00,135.3,29.67,2.05,90.18,Sudeste,-20.0,-45.0,17,1
2024-01-12 18:00:00,13.62,27.54,1.61,93.27,Sudeste,-20.0,-45.0,18,1
2024-01-12 19:00:00,0.0,26.45,1.62,97.8,Sudeste,-20.0,-45.0,19,1
2024-01-12 20:00:00,0.0,25.79,1.57,99.19,Sudeste,-20.0,-45.0,20,1
2024-01-12 21:00:00,0.0,25.15,1.41,99.58,Sudeste,-20.0,-45.0,21,1
2024-01-12 22:00:00,0.0,24.57,1.1,99.66,Sudeste,-20.0,-45.0,22,1
2024-01-12 23:00:00,0.0,23.99,0.66,99.8,Sudeste,-20.0,-45.0,23,1
2024-01-13 00:00:00,0.0,23.38,0.4,100.0,Sudeste,-20.0,-45.0,0,1
2024-01-13 01:00:00,0.0,22.89,0.46,99.86,Sudeste,-20.0,-45.0,1,1
2024-01-13 02:00:00,0.0,22.47,0.72,100.0,Sudeste,-20.0,-45.0,2,1
2024-01-13 03:00:00,0.0,22.11,1.08,99.86,Sudeste,-20.0,-45.0,3,1
2024-01-13 04:00:00,0.0,21.79,1.31,99.0,Sudeste,-20.0,-45.0,4,1
2024-01-13 05:00:00,6.32,21.7,1.45,83.14,Sudeste,-20.0,-45.0,5,1
2024-01-13 06:00:00,125.57,22.74,2.12,63.71,Sudeste,-20.0,-45.0,6,1
2024-01-13 07:00:00,326.88,24.39,2.01,50.9,Sudeste,-20.0,-45.0,7,1
2024-01-13 08:00:00,551.15,25.95,1.84,37.73,Sudeste,-20.0,-45.0,8,1
2024-01-13 09:00:00,745.15,26.99,1.62,45.79,Sudeste,-20.0,-45.0,9,1
2024-01-13 10:00:00,819.6,27.83,1.47,69.27,Sudeste,-20.0,-45.0,10,1
2024-01-13 11:00:00,884.12,28.48,1.62,88.57,Sudeste,-20.0,-45.0,11,1
2024-01-13 12:00:00,793.25,28.54,2.25,71.98,Sudeste,-20.0,-45.0,12,1
2024-01-13 13:00:00,782.05,28.39,2.79,69.29,Sudeste,-20.0,-45.0,13,1
2024-01-13 14:00:00,485.83,28.04,3.02,94.33,Sudeste,-20.0,-45.0,14,1
2024-01-13 15:00:00,250.95,27.48,3.01,99.28,Sudeste,-20.0,-45.0,15,1
2024-01-13 16:00:00,146.6,26.77,2.86,99.58,Sudeste,-20.0,-45.0,16,1
2024-01-13 17:00:00,63.0,25.65,2.32,97.96,Sudeste,-20.0,-45.0,17,1
2024-01-13 18:00:00,5.03,24.42,1.72,99.65,Sudeste,-20.0,-45.0,18,1
2024-01-13 19:00:00,0.0,23.67,1.67,99.82,Sudeste,-20.0,-45.0,19,1
2024-01-13 20:00:00,0.0,23.23,1.83,99.87,Sudeste,-20.0,-45.0,20,1
2024-01-13 21:00:00,0.0,22.87,2.39,99.79,Sudeste,-20.0,-45.0,21,1
2024-01-13 22:00:00,0.0,22.49,3.43,100.0,Sudeste,-20.0,-45.0,22,1
2024-01-13 23:00:00,0.0,21.9,3.8,100.0,Sudeste,-20.0,-45.0,23,1
2024-01-14 00:00:00,0.0,21.23,3.96,100.0,Sudeste,-20.0,-45.0,0,1
2024-01-14 01:00:00,0.0,20.59,3.85,99.72,Sudeste,-20.0,-45.0,1,1
2024-01-14 02:00:00,0.0,20.16,3.62,100.0,Sudeste,-20.0,-45.0,2,1
2024-01-14 03:00:00,0.0,19.91,3.38,100.0,Sudeste,-20.0,-45.0,3,1
2024-01-14 04:00:00,0.0,19.79,3.3,100.0,Sudeste,-20.0,-45.0,4,1
2024-01-14 05:00:00,3.15,19.82,3.2,99.99,Sudeste,-20.0,-45.0,5,1
2024-01-14 06:00:00,61.42,20.46,3.33,98.4,Sudeste,-20.0,-45.0,6,1
2024-01-14 07:00:00,164.43,21.82,3.35,99.76,Sudeste,-20.0,-45.0,7,1
2024-01-14 08:00:00,301.08,23.75,3.13,99.97,Sudeste,-20.0,-45.0,8,1
2024-01-14 09:00:00,538.65,25.85,2.34,88.74,Sudeste,-20.0,-45.0,9,1
2024-01-14 10:00:00,713.83,27.36,1.75,89.67,Sudeste,-20.0,-45.0,10,1
2024-01-14 11:00:00,736.3,28.21,1.57,92.46,Sudeste,-20.0,-45.0,11,1
2024-01-14 12:00:00,735.25,28.59,1.59,91.62,Sudeste,-20.0,-45.0,12,1
2024-01-14 13:00:00,800.33,28.59,1.58,75.91,Sudeste,-20.0,-45.0,13,1
2024-01-14 14:00:00,663.0,28.2,1.57,75.15,Sudeste,-20.0,-45.0,14,1
2024-01-14 15:00:00,489.67,27.45,1.5,73.55,Sudeste,-20.0,-45.0,15,1
2024-01-14 16:00:00,305.23,26.67,1.56,79.05,Sudeste,-20.0,-45.0,16,1
2024-01-14 17:00:00,140.93,25.73,1.53,81.76,Sudeste,-20.0,-45.0,17,1
2024-01-14 18:00:00,12.23,24.41,1.43,93.82,Sudeste,-20.0,-45.0,18,1
2024-01-14 19:00:00,0.0,23.42,1.43,99.51,Sudeste,-20.0,-45.0,19,1
2024-01-14 20:00:00,0.0,22.82,1.4,99.6,Sudeste,-20.0,-45.0,20,1
2024-01-14 21:00:00,0.0,22.32,1.34,81.68,Sudeste,-20.0,-45.0,21,1
2024-01-14 22:00:00,0.0,21.85,1.31,77.34,Sudeste,-20.0,-45.0,22,1
2024-01-14 23:00:00,0.0,21.43,1.24,97.82,Sudeste,-20.0,-45.0,23,1
2024-01-15 00:00:00,0.0,21.03,1.25,98.88,Sudeste,-20.0,-45.0,0,1
2024-01-15 01:00:00,0.0,20.62,1.51,72.73,Sudeste,-20.0,-45.0,1,1
2024-01-15 02:00:00,0.0,20.45,1.52,87.02,Sudeste,-20.0,-45.0,2,1
2024-01-15 03:00:00,0.0,20.44,1.29,80.35,Sudeste,-20.0,-45.0,3,1
2024-01-15 04:00:00,0.0,20.46,1.13,99.85,Sudeste,-20.0,-45.0,4,1
2024-01-15 05:00:00,3.08,20.45,1.07,100.0,Sudeste,-20.0,-45.0,5,1
2024-01-15 06:00:00,47.53,21.21,0.99,100.0,Sudeste,-20.0,-45.0,6,1
2024-01-15 07:00:00,112.05,22.0,0.63,100.0,Sudeste,-20.0,-45.0,7,1
2024-01-15 08:00:00,210.68,23.52,1.7,100.0,Sudeste,-20.0,-45.0,8,1
2024-01-15 09:00:00,378.2,24.56,2.46,100.0,Sudeste,-20.0,-45.0,9,1
2024-01-15 10:00:00,251.48,25.25,2.98,100.0,Sudeste,-20.0,-45.0,10,1
2024-01-15 11:00:00,273.7,25.63,3.35,100.0,Sudeste,-20.0,-45.0,11,1
2024-01-15 12:00:00,361.1,25.83,3.51,100.0,Sudeste,-20.0,-45.0,12,1
2024-01-15 13:00:00,552.95,25.95,3.53,99.73,Sudeste,-20.0,-45.0,13,1
2024-01-15 14:00:00,424.5,26.0,3.42,99.8,Sudeste,-20.0,-45.0,14,1
2024-01-15 15:00:00,445.65,25.8,3.21,91.0,Sudeste,-20.0,-45.0,15,1
2024-01-15 16:00:00,291.05,25.29,2.92,81.67,Sudeste,-20.0,-45.0,16,1
2024-01-15 17:00:00,142.18,24.43,2.15,70.96,Sudeste,-20.0,-45.0,17,1
2024-01-15 18:00:00,18.35,22.96,1.73,59.72,Sudeste,-20.0,-45.0,18,1
2024-01-15 19:00:00,0.0,22.17,1.85,49.47,Sudeste,-20.0,-45.0,19,1
2024-01-15 20:00:00,0.0,21.82,1.88,43.0,Sudeste,-20.0,-45.0,20,1
2024-01-15 21:00:00,0.0,21.46,1.91,15.05,Sudeste,-20.0,-45.0,21,1
2024-01-15 22:00:00,0.0,21.1,1.86,9.59,Sudeste,-20.0,-45.0,22,1
2024-01-15 23:00:00,0.0,20.75,1.67,10.43,Sudeste,-20.0,-45.0,23,1
2024-01-16 00:00:00,0.0,20.69,1.36,4.44,Sudeste,-20.0,-45.0,0,1
2024-01-16 01:00:00,0.0,20.76,1.03,1.3,Sudeste,-20.0,-45.0,1,1
2024-01-16 02:00:00,0.0,20.61,0.77,2.61,Sudeste,-20.0,-45.0,2,1
2024-01-16 03:00:00,0.0,20.44,0.72,1.74,Sudeste,-20.0,-45.0,3,1
2024-01-16 04:00:00,0.0,19.76,0.82,3.04,Sudeste,-20.0,-45.0,4,1
2024-01-16 05:00:00,6.57,19.6,0.91,3.37,Sudeste,-20.0,-45.0,5,1
2024-01-16 06:00:00,147.9,21.24,0.98,3.7,Sudeste,-20.0,-45.0,6,1
2024-01-16 07:00:00,386.62,24.55,0.13,4.02,Sudeste,-20.0,-45.0,7,1
2024-01-16 08:00:00,624.38,27.32,1.2,4.35,Sudeste,-20.0,-45.0,8,1
2024-01-16 09:00:00,829.3,28.75,1.98,3.91,Sudeste,-20.0,-45.0,9,1
2024-01-16 10:00:00,955.9,29.9,2.55,9.9,Sudeste,-20.0,-45.0,10,1
2024-01-16 11:00:00,1008.38,30.75,2.81,22.04,Sudeste,-20.0,-45.0,11,1
2024-01-16 12:00:00,1018.9,31.32,2.81,27.04,Sudeste,-20.0,-45.0,12,1
2024-01-16 13:00:00,923.08,31.56,2.68,39.79,Sudeste,-20.0,-45.0,13,1
2024-01-16 14:00:00,794.7,31.43,2.56,41.94,Sudeste,-20.0,-45.0,14,1
2024-01-16 15:00:00,637.75,31.0,2.36,26.04,Sudeste,-20.0,-45.0,15,1
2024-01-16 16:00:00,416.55,30.27,2.12,29.95,Sudeste,-20.0,-45.0,16,1
2024-01-16 17:00:00,194.25,29.27,1.71,34.03,Sudeste,-20.0,-45.0,17,1
2024-01-16 18:00:00,20.75,27.14,1.45,41.05,Sudeste,-20.0,-45.0,18,1
2024-01-16 19:00:00,0.0,26.17,1.42,44.03,Sudeste,-20.0,-45.0,19,1
2024-01-16 20:00:00,0.0,25.77,1.35,45.41,Sudeste,-20.0,-45.0,20,1
2024-01-16 21:00:00,0.0,25.32,1.36,15.53,Sudeste,-20.0,-45.0,21,1
2024-01-16 22:00:00,0.0,24.74,1.5,0.87,Sudeste,-20.0,-45.0,22,1
2024-01-16 23:00:00,0.0,24.02,1.64,0.65,Sudeste,-20.0,-45.0,23,1
2024-01-17 00:00:00,0.0,23.37,1.71,0.43,Sudeste,-20.0,-45.0,0,1
2024-01-17 01:00:00,0.0,22.8,1.73,0.49,Sudeste,-20.0,-45.0,1,1
2024-01-17 02:00:00,0.0,22.26,1.74,0.54,Sudeste,-20.0,-45.0,2,1
2024-01-17 03:00:00,0.0,21.74,1.77,0.6,Sudeste,-20.0,-45.0,3,1
2024-01-17 04:00:00,0.0,21.24,1.81,0.65,Sudeste,-20.0,-45.0,4,1
2024-01-17 05:00:00,6.45,21.03,1.84,0.71,Sudeste,-20.0,-45.0,5,1
2024-01-17 06:00:00,149.82,22.62,2.95,0.76,Sudeste,-20.0,-45.0,6,1
2024-01-17 07:00:00,389.23,25.38,2.87,0.82,Sudeste,-20.0,-45.0,7,1
2024-01-17 08:00:00,630.65,28.54,2.59,0.87,Sudeste,-20.0,-45.0,8,1
2024-01-17 09:00:00,831.75,30.3,2.01,0.87,Sudeste,-20.0,-45.0,9,1
2024-01-17 10:00:00,971.72,31.55,1.52,4.78,Sudeste,-20.0,-45.0,10,1
2024-01-17 11:00:00,1042.68,32.5,1.19,19.16,Sudeste,-20.0,-45.0,11,1
2024-01-17 12:00:00,1004.75,33.23,0.87,33.61,Sudeste,-20.0,-45.0,12,1
2024-01-17 13:00:00,941.42,33.44,0.56,37.29,Sudeste,-20.0,-45.0,13,1
2024-01-17 14:00:00,816.12,33.49,0.55,25.45,Sudeste,-20.0,-45.0,14,1
2024-01-17 15:00:00,630.3,32.97,0.93,19.14,Sudeste,-20.0,-45.0,15,1
2024-01-17 16:00:00,408.35,32.18,1.29,30.24,Sudeste,-20.0,-45.0,16,1
2024-01-17 17:00:00,184.23,31.16,1.37,41.88,Sudeste,-20.0,-45.0,17,1
2024-01-17 18:00:00,18.8,28.77,1.42,59.03,Sudeste,-20.0,-45.0,18,1
2024-01-17 19:00:00,0.0,27.19,1.76,72.26,Sudeste,-20.0,-45.0,19,1
2024-01-17 20:00:00,0.0,26.2,2.04,75.14,Sudeste,-20.0,-45.0,20,1
2024-01-17 21:00:00,0.0,25.3,2.23,75.61,Sudeste,-20.0,-45.0,21,1
2024-01-17 22:00:00,0.0,24.54,2.32,79.49,Sudeste,-20.0,-45.0,22,1
2024-01-17 23:00:00,0.0,23.92,2.29,73.06,Sudeste,-20.0,-45.0,23,1
2024-01-18 00:00:00,0.0,23.37,2.22,83.47,Sudeste,-20.0,-45.0,0,1
2024-01-18 01:00:00,0.0,22.89,2.15,72.07,Sudeste,-20.0,-45.0,1,1
2024-01-18 02:00:00,0.0,22.48,2.05,88.14,Sudeste,-20.0,-45.0,2,1
2024-01-18 03:00:00,0.0,22.11,1.97,90.44,Sudeste,-20.0,-45.0,3,1
2024-01-18 04:00:00,0.0,21.8,1.86,73.62,Sudeste,-20.0,-45.0,4,1
2024-01-18 05:00:00,4.47,21.82,1.77,67.89,Sudeste,-20.0,-45.0,5,1
2024-01-18 06:00:00,105.53,23.0,2.59,59.87,Sudeste,-20.0,-45.0,6,1
2024-01-18 07:00:00,272.4,24.9,2.23,55.72,Sudeste,-20.0,-45.0,7,1
2024-01-18 08:00:00,496.23,27.47,1.7,49.81,Sudeste,-20.0,-45.0,8,1
2024-01-18 09:00:00,661.12,29.3,1.48,58.5,Sudeste,-20.0,-45.0,9,1
2024-01-18 10:00:00,818.5,30.43,1.57,65.63,Sudeste,-20.0,-45.0,10,1
2024-01-18 11:00:00,974.72,31.24,1.77,54.6,Sudeste,-20.0,-45.0,11,1
2024-01-18 12:00:00,909.8,31.52,1.85,61.45,Sudeste,-20.0,-45.0,12,1
2024-01-18 13:00:00,888.15,31.34,1.79,49.11,Sudeste,-20.0,-45.0,13,1
2024-01-18 14:00:00,743.85,30.87,1.58,43.54,Sudeste,-20.0,-45.0,14,1
2024-01-18 15:00:00,628.28,30.2,1.39,28.54,Sudeste,-20.0,-45.0,15,1
2024-01-18 16:00:00,399.38,29.5,1.09,45.47,Sudeste,-20.0,-45.0,16,1
2024-01-18 17:00:00,185.38,28.66,0.85,62.65,Sudeste,-20.0,-45.0,17,1
2024-01-18 18:00:00,19.7,27.27,0.76,81.25,Sudeste,-20.0,-45.0,18,1
2024-01-18 19:00:00,0.0,26.29,0.82,99.54,Sudeste,-20.0,-45.0,19,1
2024-01-18 20:00:00,0.0,25.72,0.93,98.97,Sudeste,-20.0,-45.0,20,1
2024-01-18 21:00:00,0.0,25.19,1.05,98.69,Sudeste,-20.0,-45.0,21,1
2024-01-18 22:00:00,0.0,24.49,1.21,96.5,Sudeste,-20.0,-45.0,22,1
2024-01-18 23:00:00,0.0,23.75,1.36,92.09,Sudeste,-20.0,-45.0,23,1
2024-01-19 00:00:00,0.0,23.19,1.38,98.99,Sudeste,-20.0,-45.0,0,1
2024-01-19 01:00:00,0.0,23.27,1.02,83.03,Sudeste,-20.0,-45.0,1,1
2024-01-19 02:00:00,0.0,23.46,0.44,55.99,Sudeste,-20.0,-45.0,2,1
2024-01-19 03:00:00,0.0,23.18,0.45,58.68,Sudeste,-20.0,-45.0,3,1
2024-01-19 04:00:00,0.0,23.05,0.17,72.05,Sudeste,-20.0,-45.0,4,1
2024-01-19 05:00:00,5.22,23.1,0.16,75.69,Sudeste,-20.0,-45.0,5,1
2024-01-19 06:00:00,95.72,24.48,0.57,82.92,Sudeste,-20.0,-45.0,6,1
2024-01-19 07:00:00,240.8,26.78,1.16,88.81,Sudeste,-20.0,-45.0,7,1
2024-01-19 08:00:00,405.62,28.33,1.86,93.91,Sudeste,-20.0,-45.0,8,1
2024-01-19 09:00:00,635.8,30.11,2.65,86.78,Sudeste,-20.0,-45.0,9,1
2024-01-19 10:00:00,887.5,31.01,3.19,60.43,Sudeste,-20.0,-45.0,10,1
2024-01-19 11:00:00,927.7,31.96,3.44,68.15,Sudeste,-20.0,-45.0,11,1
2024-01-19 12:00:00,908.28,32.23,3.58,67.98,Sudeste,-20.0,-45.0,12,1
2024-01-19 13:00:00,813.8,32.24,3.4,70.87,Sudeste,-20.0,-45.0,13,1
2024-01-19 14:00:00,623.55,31.52,3.01,72.47,Sudeste,-20.0,-45.0,14,1
2024-01-19 15:00:00,428.6,30.33,2.53,81.27,Sudeste,-20.0,-45.0,15,1
2024-01-19 16:00:00,265.95,29.38,1.96,85.53,Sudeste,-20.0,-45.0,16,1
2024-01-19 17:00:00,120.9,28.51,1.67,86.61,Sudeste,-20.0,-45.0,17,1
2024-01-19 18:00:00,12.32,27.28,1.13,96.34,Sudeste,-20.0,-45.0,18,1
2024-01-19 19:00:00,0.0,26.77,1.08,99.84,Sudeste,-20.0,-45.0,19,1
2024-01-19 20:00:00,0.0,26.11,1.25,99.64,Sudeste,-20.0,-45.0,20,1
2024-01-19 21:00:00,0.0,25.23,1.61,99.71,Sudeste,-20.0,-45.0,21,1
2024-01-19 22:00:00,0.0,24.5,1.94,99.46,Sudeste,-20.0,-45.0,22,1
2024-01-19 23:00:00,0.0,23.9,2.15,99.81,Sudeste,-20.0,-45.0,23,1
2024-01-20 00:00:00,0.0,23.41,2.2,99.84,Sudeste,-20.0,-45.0,0,1
2024-01-20 01:00:00,0.0,23.0,2.21,98.58,Sudeste,-20.0,-45.0,1,1
2024-01-20 02:00:00,0.0,22.53,2.24,99.65,Sudeste,-20.0,-45.0,2,1
2024-01-20 03:00:00,0.0,21.88,2.27,99.81,Sudeste,-20.0,-45.0,3,1
2024-01-20 04:00:00,0.0,21.38,2.16,99.01,Sudeste,-20.0,-45.0,4,1
2024-01-20 05:00:00,4.35,21.28,2.28,96.09,Sudeste,-20.0,-45.0,5,1
2024-01-20 06:00:00,90.65,23.07,3.5,93.76,Sudeste,-20.0,-45.0,6,1
2024-01-20 07:00:00,262.05,26.05,4.77,89.98,Sudeste,-20.0,-45.0,7,1
2024-01-20 08:00:00,429.75,28.44,5.25,87.16,Sudeste,-20.0,-45.0,8,1
2024-01-20 09:00:00,623.2,30.08,4.83,85.35,Sudeste,-20.0,-45.0,9,1
2024-01-20 10:00:00,835.33,31.38,4.25,71.07,Sudeste,-20.0,-45.0,10,1
2024-01-20 11:00:00,929.1,32.35,4.08,62.88,Sudeste,-20.0,-45.0,11,1
2024-01-20 12:00:00,985.72,32.45,4.15,56.06,Sudeste,-20.0,-45.0,12,1
2024-01-20 13:00:00,966.35,32.48,4.15,16.73,Sudeste,-20.0,-45.0,13,1
2024-01-20 14:00:00,848.3,32.28,3.91,11.13,Sudeste,-20.0,-45.0,14,1
2024-01-20 15:00:00,591.65,31.73,3.59,33.66,Sudeste,-20.0,-45.0,15,1
2024-01-20 16:00:00,363.1,31.19,3.38,49.17,Sudeste,-20.0,-45.0,16,1
2024-01-20 17:00:00,166.2,29.79,2.62,60.77,Sudeste,-20.0,-45.0,17,1
2024-01-20 18:00:00,13.0,27.53,1.95,83.91,Sudeste,-20.0,-45.0,18,1
2024-01-20 19:00:00,0.0,26.69,1.9,100.0,Sudeste,-20.0,-45.0,19,1
2024-01-20 20:00:00,0.0,26.02,1.82,99.95,Sudeste,-20.0,-45.0,20,1
2024-01-20 21:00:00,0.0,25.39,1.67,100.0,Sudeste,-20.0,-45.0,21,1
2024-01-20 22:00:00,0.0,24.98,1.44,99.43,Sudeste,-20.0,-45.0,22,1
2024-01-20 23:00:00,0.0,24.61,1.3,99.31,Sudeste,-20.0,-45.0,23,1
2024-01-21 00:00:00,0.0,24.12,1.29,99.62,Sudeste,-20.0,-45.0,0,1
2024-01-21 01:00:00,0.0,23.33,1.53,100.0,Sudeste,-20.0,-45.0,1,1
2024-01-21 02:00:00,0.0,22.62,1.86,99.58,Sudeste,-20.0,-45.0,2,1
2024-01-21 03:00:00,0.0,22.3,2.21,99.61,Sudeste,-20.0,-45.0,3,1
2024-01-21 04:00:00,0.0,22.12,2.47,99.64,Sudeste,-20.0,-45.0,4,1
2024-01-21 05:00:00,2.55,22.09,2.75,99.58,Sudeste,-20.0,-45.0,5,1
2024-01-21 06:00:00,36.28,23.18,3.59,100.0,Sudeste,-20.0,-45.0,6,1
2024-01-21 07:00:00,119.5,24.98,4.36,100.0,Sudeste,-20.0,-45.0,7,1
2024-01-21 08:00:00,243.7,27.39,5.1,100.0,Sudeste,-20.0,-45.0,8,1
2024-01-21 09:00:00,426.85,29.3,5.4,98.9,Sudeste,-20.0,-45.0,9,1
2024-01-21 10:00:00,531.2,30.66,5.53,99.55,Sudeste,-20.0,-45.0,10,1
2024-01-21 11:00:00,674.92,31.78,5.56,99.53,Sudeste,-20.0,-45.0,11,1
2024-01-21 12:00:00,647.62,32.62,5.7,100.0,Sudeste,-20.0,-45.0,12,1
2024-01-21 13:00:00,616.62,32.67,5.76,99.16,Sudeste,-20.0,-45.0,13,1
2024-01-21 14:00:00,515.12,32.11,5.56,100.0,Sudeste,-20.0,-45.0,14,1
2024-01-21 15:00:00,377.4,31.51,5.4,99.12,Sudeste,-20.0,-45.0,15,1
2024-01-21 16:00:00,239.1,30.46,5.19,99.87,Sudeste,-20.0,-45.0,16,1
2024-01-21 17:00:00,108.03,28.55,3.94,99.56,Sudeste,-20.0,-45.0,17,1
2024-01-21 18:00:00,12.9,26.0,2.75,99.78,Sudeste,-20.0,-45.0,18,1
2024-01-21 19:00:00,0.0,24.44,2.56,99.8,Sudeste,-20.0,-45.0,19,1
2024-01-21 20:00:00,0.0,23.73,2.47,99.8,Sudeste,-20.0,-45.0,20,1
2024-01-21 21:00:00,0.0,23.27,2.48,95.43,Sudeste,-20.0,-45.0,21,1
2024-01-21 22:00:00,0.0,23.03,2.59,95.72,Sudeste,-20.0,-45.0,22,1
2024-01-21 23:00:00,0.0,22.89,2.94,92.88,Sudeste,-20.0,-45.0,23,1
2024-01-22 00:00:00,0.0,22.64,3.63,89.38,Sudeste,-20.0,-45.0,0,1
2024-01-22 01:00:00,0.0,22.17,3.91,99.21,Sudeste,-20.0,-45.0,1,1
2024-01-22 02:00:00,0.0,21.54,3.66,99.69,Sudeste,-20.0,-45.0,2,1
2024-01-22 03:00:00,0.0,20.86,3.4,99.52,Sudeste,-20.0,-45.0,3,1
2024-01-22 04:00:00,0.0,20.39,3.38,67.09,Sudeste,-20.0,-45.0,4,1
2024-01-22 05:00:00,4.18,20.07,3.4,60.51,Sudeste,-20.0,-45.0,5,1
2024-01-22 06:00:00,117.3,20.83,3.92,54.28,Sudeste,-20.0,-45.0,6,1
2024-01-22 07:00:00,336.88,23.29,3.8,50.1,Sudeste,-20.0,-45.0,7,1
2024-01-22 08:00:00,559.55,26.52,2.59,46.23,Sudeste,-20.0,-45.0,8,1
2024-01-22 09:00:00,691.5,28.89,1.87,74.26,Sudeste,-20.0,-45.0,9,1
2024-01-22 10:00:00,796.95,30.46,1.79,90.04,Sudeste,-20.0,-45.0,10,1
2024-01-22 11:00:00,875.83,31.39,1.86,86.19,Sudeste,-20.0,-45.0,11,1
2024-01-22 12:00:00,799.15,31.96,1.95,87.6,Sudeste,-20.0,-45.0,12,1
2024-01-22 13:00:00,765.75,32.18,2.22,89.74,Sudeste,-20.0,-45.0,13,1
2024-01-22 14:00:00,611.08,32.39,2.54,75.87,Sudeste,-20.0,-45.0,14,1
2024-01-22 15:00:00,508.55,31.96,2.93,55.55,Sudeste,-20.0,-45.0,15,1
2024-01-22 16:00:00,334.5,31.01,2.91,50.29,Sudeste,-20.0,-45.0,16,1
2024-01-22 17:00:00,160.95,29.42,2.58,45.66,Sudeste,-20.0,-45.0,17,1
2024-01-22 18:00:00,18.67,26.44,2.07,37.3,Sudeste,-20.0,-45.0,18,1
2024-01-22 19:00:00,0.0,24.94,2.36,29.83,Sudeste,-20.0,-45.0,19,1
2024-01-22 20:00:00,0.0,24.52,2.81,70.19,Sudeste,-20.0,-45.0,20,1
2024-01-22 21:00:00,0.0,24.3,3.74,86.3,Sudeste,-20.0,-45.0,21,1
2024-01-22 22:00:00,0.0,23.76,4.52,99.44,Sudeste,-20.0,-45.0,22,1
2024-01-22 23:00:00,0.0,23.07,4.95,97.07,Sudeste,-20.0,-45.0,23,1
2024-01-23 00:00:00,0.0,22.43,4.84,97.71,Sudeste,-20.0,-45.0,0,1
2024-01-23 01:00:00,0.0,21.91,4.21,93.01,Sudeste,-20.0,-45.0,1,1
2024-01-23 02:00:00,0.0,21.54,3.63,98.5,Sudeste,-20.0,-45.0,2,1
2024-01-23 03:00:00,0.0,21.3,3.47,98.12,Sudeste,-20.0,-45.0,3,1
2024-01-23 04:00:00,0.0,21.11,3.44,99.33,Sudeste,-20.0,-45.0,4,1
2024-01-23 05:00:00,3.28,20.97,3.49,94.79,Sudeste,-20.0,-45.0,5,1
2024-01-23 06:00:00,77.82,21.27,4.33,88.92,Sudeste,-20.0,-45.0,6,1
2024-01-23 07:00:00,217.73,22.38,5.06,84.25,Sudeste,-20.0,-45.0,7,1
2024-01-23 08:00:00,403.4,24.74,4.88,79.72,Sudeste,-20.0,-45.0,8,1
2024-01-23 09:00:00,542.08,26.78,4.34,75.63,Sudeste,-20.0,-45.0,9,1
2024-01-23 10:00:00,662.5,28.38,3.99,73.06,Sudeste,-20.0,-45.0,10,1
2024-01-23 11:00:00,870.42,29.7,3.55,51.09,Sudeste,-20.0,-45.0,11,1
2024-01-23 12:00:00,790.2,30.39,2.97,55.99,Sudeste,-20.0,-45.0,12,1
2024-01-23 13:00:00,733.85,30.37,2.01,57.89,Sudeste,-20.0,-45.0,13,1
2024-01-23 14:00:00,671.2,29.19,0.89,54.64,Sudeste,-20.0,-45.0,14,1
2024-01-23 15:00:00,490.85,27.85,1.32,58.01,Sudeste,-20.0,-45.0,15,1
2024-01-23 16:00:00,310.1,26.97,1.83,66.18,Sudeste,-20.0,-45.0,16,1
2024-01-23 17:00:00,132.8,25.86,1.79,71.41,Sudeste,-20.0,-45.0,17,1
2024-01-23 18:00:00,10.45,24.37,1.53,88.2,Sudeste,-20.0,-45.0,18,1
2024-01-23 19:00:00,0.0,23.55,1.3,99.57,Sudeste,-20.0,-45.0,19,1
2024-01-23 20:00:00,0.0,23.04,1.36,99.52,Sudeste,-20.0,-45.0,20,1
2024-01-23 21:00:00,0.0,22.57,1.58,99.43,Sudeste,-20.0,-45.0,21,1
2024-01-23 22:00:00,0.0,22.15,1.85,99.95,Sudeste,-20.0,-45.0,22,1
2024-01-23 23:00:00,0.0,21.76,2.38,99.77,Sudeste,-20.0,-45.0,23,1
2024-01-24 00:00:00,0.0,21.34,3.17,99.95,Sudeste,-20.0,-45.0,0,1
2024-01-24 01:00:00,0.0,20.8,3.58,99.09,Sudeste,-20.0,-45.0,1,1
2024-01-24 02:00:00,0.0,20.23,3.72,97.26,Sudeste,-20.0,-45.0,2,1
2024-01-24 03:00:00,0.0,19.68,3.92,97.66,Sudeste,-20.0,-45.0,3,1
2024-01-24 04:00:00,0.0,19.15,3.9,72.36,Sudeste,-20.0,-45.0,4,1
2024-01-24 05:00:00,2.8,18.83,3.74,78.7,Sudeste,-20.0,-45.0,5,1
2024-01-24 06:00:00,65.55,19.35,4.13,87.71,Sudeste,-20.0,-45.0,6,1
2024-01-24 07:00:00,189.1,20.73,4.22,92.41,Sudeste,-20.0,-45.0,7,1
2024-01-24 08:00:00,329.45,23.21,3.36,97.71,Sudeste,-20.0,-45.0,8,1
2024-01-24 09:00:00,367.67,26.45,1.35,99.27,Sudeste,-20.0,-45.0,9,1
2024-01-24 10:00:00,465.95,28.63,0.4,99.53,Sudeste,-20.0,-45.0,10,1
2024-01-24 11:00:00,478.85,30.09,1.55,99.96,Sudeste,-20.0,-45.0,11,1
2024-01-24 12:00:00,484.15,30.88,2.39,99.38,Sudeste,-20.0,-45.0,12,1
2024-01-24 13:00:00,632.1,31.17,2.68,99.05,Sudeste,-20.0,-45.0,13,1
2024-01-24 14:00:00,531.15,31.05,2.58,91.48,Sudeste,-20.0,-45.0,14,1
2024-01-24 15:00:00,427.0,30.28,2.34,87.52,Sudeste,-20.0,-45.0,15,1
2024-01-24 16:00:00,272.0,29.0,2.2,89.56,Sudeste,-20.0,-45.0,16,1
2024-01-24 17:00:00,125.4,27.62,2.0,88.06,Sudeste,-20.0,-45.0,17,1
2024-01-24 18:00:00,10.8,25.58,1.76,96.6,Sudeste,-20.0,-45.0,18,1
2024-01-24 19:00:00,0.0,24.45,1.97,99.97,Sudeste,-20.0,-45.0,19,1
2024-01-24 20:00:00,0.0,23.73,2.27,99.87,Sudeste,-20.0,-45.0,20,1
2024-01-24 21:00:00,0.0,23.11,2.54,100.0,Sudeste,-20.0,-45.0,21,1
2024-01-24 22:00:00,0.0,22.52,2.89,98.14,Sudeste,-20.0,-45.0,22,1
2024-01-24 23:00:00,0.0,21.97,3.06,95.96,Sudeste,-20.0,-45.0,23,1
2024-01-25 00:00:00,0.0,21.53,3.13,84.33,Sudeste,-20.0,-45.0,0,1
2024-01-25 01:00:00,0.0,21.14,2.97,89.82,Sudeste,-20.0,-45.0,1,1
2024-01-25 02:00:00,0.0,20.68,2.71,93.92,Sudeste,-20.0,-45.0,2,1
2024-01-25 03:00:00,0.0,20.37,2.84,82.98,Sudeste,-20.0,-45.0,3,1
2024-01-25 04:00:00,0.0,20.09,3.04,51.85,Sudeste,-20.0,-45.0,4,1
2024-01-25 05:00:00,3.05,19.85,3.31,62.85,Sudeste,-20.0,-45.0,5,1
2024-01-25 06:00:00,79.0,20.68,4.05,76.02,Sudeste,-20.0,-45.0,6,1
2024-01-25 07:00:00,196.77,22.94,3.83,86.51,Sudeste,-20.0,-45.0,7,1
2024-01-25 08:00:00,351.98,25.69,2.91,96.2,Sudeste,-20.0,-45.0,8,1
2024-01-25 09:00:00,520.72,27.79,2.22,95.11,Sudeste,-20.0,-45.0,9,1
2024-01-25 10:00:00,646.35,29.23,2.07,94.7,Sudeste,-20.0,-45.0,10,1
2024-01-25 11:00:00,734.97,30.39,2.44,88.77,Sudeste,-20.0,-45.0,11,1
2024-01-25 12:00:00,780.47,31.26,3.02,84.24,Sudeste,-20.0,-45.0,12,1
2024-01-25 13:00:00,761.12,31.62,3.56,74.28,Sudeste,-20.0,-45.0,13,1
2024-01-25 14:00:00,726.38,31.42,4.0,86.15,Sudeste,-20.0,-45.0,14,1
2024-01-25 15:00:00,567.28,30.77,4.25,76.44,Sudeste,-20.0,-45.0,15,1
2024-01-25 16:00:00,357.38,29.76,4.24,81.89,Sudeste,-20.0,-45.0,16,1
2024-01-25 17:00:00,157.9,28.1,3.71,85.78,Sudeste,-20.0,-45.0,17,1
2024-01-25 18:00:00,17.35,25.05,2.43,92.76,Sudeste,-20.0,-45.0,18,1
2024-01-25 19:00:00,0.0,23.6,2.58,98.65,Sudeste,-20.0,-45.0,19,1
2024-01-25 20:00:00,0.0,22.85,2.7,98.48,Sudeste,-20.0,-45.0,20,1
2024-01-25 21:00:00,0.0,22.21,2.7,91.81,Sudeste,-20.0,-45.0,21,1
2024-01-25 22:00:00,0.0,21.62,2.61,75.1,Sudeste,-20.0,-45.0,22,1
2024-01-25 23:00:00,0.0,21.21,2.49,91.8,Sudeste,-20.0,-45.0,23,1
2024-01-26 00:00:00,0.0,20.93,2.53,97.82,Sudeste,-20.0,-45.0,0,1
2024-01-26 01:00:00,0.0,20.57,2.74,88.78,Sudeste,-20.0,-45.0,1,1
2024-01-26 02:00:00,0.0,20.15,3.15,87.45,Sudeste,-20.0,-45.0,2,1
2024-01-26 03:00:00,0.0,19.62,3.38,88.28,Sudeste,-20.0,-45.0,3,1
2024-01-26 04:00:00,0.0,19.05,3.2,99.92,Sudeste,-20.0,-45.0,4,1
2024-01-26 05:00:00,0.0,18.71,3.02,100.0,Sudeste,-20.0,-45.0,5,1
2024-01-26 06:00:00,86.93,20.04,3.36,87.61,Sudeste,-20.0,-45.0,6,1
2024-01-26 07:00:00,244.45,23.23,2.9,79.47,Sudeste,-20.0,-45.0,7,1
2024-01-26 08:00:00,440.58,26.3,1.54,72.67,Sudeste,-20.0,-45.0,8,1
2024-01-26 09:00:00,582.33,28.22,0.45,81.11,Sudeste,-20.0,-45.0,9,1
2024-01-26 10:00:00,734.62,29.75,1.27,95.26,Sudeste,-20.0,-45.0,10,1
2024-01-26 11:00:00,771.3,31.09,1.79,95.22,Sudeste,-20.0,-45.0,11,1
2024-01-26 12:00:00,798.5,31.8,2.15,81.1,Sudeste,-20.0,-45.0,12,1
2024-01-26 13:00:00,711.2,32.13,2.54,73.67,Sudeste,-20.0,-45.0,13,1
2024-01-26 14:00:00,619.9,31.8,2.8,71.59,Sudeste,-20.0,-45.0,14,1
2024-01-26 15:00:00,407.62,30.82,2.64,76.95,Sudeste,-20.0,-45.0,15,1
2024-01-26 16:00:00,233.65,29.59,2.08,82.66,Sudeste,-20.0,-45.0,16,1
2024-01-26 17:00:00,98.4,28.44,1.3,86.33,Sudeste,-20.0,-45.0,17,1
2024-01-26 18:00:00,9.4,26.66,1.08,94.45,Sudeste,-20.0,-45.0,18,1
2024-01-26 19:00:00,0.0,25.2,1.72,99.49,Sudeste,-20.0,-45.0,19,1
2024-01-26 20:00:00,0.0,24.3,2.33,99.57,Sudeste,-20.0,-45.0,20,1
2024-01-26 21:00:00,0.0,23.34,2.83,99.73,Sudeste,-20.0,-45.0,21,1
2024-01-26 22:00:00,0.0,22.47,3.24,100.0,Sudeste,-20.0,-45.0,22,1
2024-01-26 23:00:00,0.0,21.59,3.51,100.0,Sudeste,-20.0,-45.0,23,1
2024-01-27 00:00:00,0.0,21.08,3.54,99.82,Sudeste,-20.0,-45.0,0,1
2024-01-27 01:00:00,0.0,20.85,3.1,99.98,Sudeste,-20.0,-45.0,1,1
2024-01-27 02:00:00,0.0,20.63,2.37,100.0,Sudeste,-20.0,-45.0,2,1
2024-01-27 03:00:00,0.0,20.46,2.04,100.0,Sudeste,-20.0,-45.0,3,1
2024-01-27 04:00:00,0.0,20.32,1.91,100.0,Sudeste,-20.0,-45.0,4,1
2024-01-27 05:00:00,0.0,20.29,1.82,99.49,Sudeste,-20.0,-45.0,5,1
2024-01-27 06:00:00,56.75,21.23,2.74,99.95,Sudeste,-20.0,-45.0,6,1
2024-01-27 07:00:00,155.57,22.59,3.3,99.57,Sudeste,-20.0,-45.0,7,1
2024-01-27 08:00:00,267.92,24.55,3.62,99.85,Sudeste,-20.0,-45.0,8,1
2024-01-27 09:00:00,413.6,26.84,3.25,99.77,Sudeste,-20.0,-45.0,9,1
2024-01-27 10:00:00,628.53,28.54,2.89,82.62,Sudeste,-20.0,-45.0,10,1
2024-01-27 11:00:00,661.25,29.86,2.99,94.93,Sudeste,-20.0,-45.0,11,1
2024-01-27 12:00:00,605.53,31.0,3.15,96.97,Sudeste,-20.0,-45.0,12,1
2024-01-27 13:00:00,529.35,30.88,2.95,94.95,Sudeste,-20.0,-45.0,13,1
2024-01-27 14:00:00,442.3,30.55,2.65,94.76,Sudeste,-20.0,-45.0,14,1
2024-01-27 15:00:00,413.73,29.76,2.32,87.1,Sudeste,-20.0,-45.0,15,1
2024-01-27 16:00:00,268.4,28.69,1.88,85.28,Sudeste,-20.0,-45.0,16,1
2024-01-27 17:00:00,128.07,27.51,1.44,83.5,Sudeste,-20.0,-45.0,17,1
2024-01-27 18:00:00,16.5,25.85,1.23,80.04,Sudeste,-20.0,-45.0,18,1
2024-01-27 19:00:00,0.0,24.87,1.32,76.21,Sudeste,-20.0,-45.0,19,1
2024-01-27 20:00:00,0.0,24.17,1.59,79.32,Sudeste,-20.0,-45.0,20,1
2024-01-27 21:00:00,0.0,23.56,1.87,99.44,Sudeste,-20.0,-45.0,21,1
2024-01-27 22:00:00,0.0,23.06,2.03,100.0,Sudeste,-20.0,-45.0,22,1
2024-01-27 23:00:00,0.0,22.66,1.86,100.0,Sudeste,-20.0,-45.0,23,1
2024-01-28 00:00:00,0.0,22.4,1.44,99.88,Sudeste,-20.0,-45.0,0,1
2024-01-28 01:00:00,0.0,22.25,1.12,100.0,Sudeste,-20.0,-45.0,1,1
2024-01-28 02:00:00,0.0,22.11,1.44,99.97,Sudeste,-20.0,-45.0,2,1
2024-01-28 03:00:00,0.0,22.0,1.75,100.0,Sudeste,-20.0,-45.0,3,1
2024-01-28 04:00:00,0.0,21.91,1.77,99.86,Sudeste,-20.0,-45.0,4,1
2024-01-28 05:00:00,0.0,21.85,1.72,99.76,Sudeste,-20.0,-45.0,5,1
2024-01-28 06:00:00,61.75,22.05,1.99,98.98,Sudeste,-20.0,-45.0,6,1
2024-01-28 07:00:00,164.38,22.77,2.09,100.0,Sudeste,-20.0,-45.0,7,1
2024-01-28 08:00:00,290.4,23.83,2.68,100.0,Sudeste,-20.0,-45.0,8,1
2024-01-28 09:00:00,423.08,24.78,3.33,100.0,Sudeste,-20.0,-45.0,9,1
2024-01-28 10:00:00,607.15,25.2,3.74,99.21,Sudeste,-20.0,-45.0,10,1
2024-01-28 11:00:00,654.53,25.08,4.49,99.49,Sudeste,-20.0,-45.0,11,1
2024-01-28 12:00:00,699.7,25.12,4.86,97.8,Sudeste,-20.0,-45.0,12,1
2024-01-28 13:00:00,736.95,25.74,4.64,98.26,Sudeste,-20.0,-45.0,13,1
2024-01-28 14:00:00,645.83,26.67,3.82,97.71,Sudeste,-20.0,-45.0,14,1
2024-01-28 15:00:00,487.35,27.33,2.73,98.96,Sudeste,-20.0,-45.0,15,1
2024-01-28 16:00:00,295.17,27.31,1.87,98.3,Sudeste,-20.0,-45.0,16,1
2024-01-28 17:00:00,121.32,26.43,1.21,97.15,Sudeste,-20.0,-45.0,17,1
2024-01-28 18:00:00,12.65,24.72,0.84,95.87,Sudeste,-20.0,-45.0,18,1
2024-01-28 19:00:00,0.0,23.51,1.22,97.5,Sudeste,-20.0,-45.0,19,1
2024-01-28 20:00:00,0.0,22.57,1.73,98.92,Sudeste,-20.0,-45.0,20,1
2024-01-28 21:00:00,0.0,21.57,2.26,98.36,Sudeste,-20.0,-45.0,21,1
2024-01-28 22:00:00,0.0,20.95,2.62,99.59,Sudeste,-20.0,-45.0,22,1
2024-01-28 23:00:00,0.0,20.58,2.71,99.6,Sudeste,-20.0,-45.0,23,1
2024-01-29 00:00:00,0.0,20.21,2.48,100.0,Sudeste,-20.0,-45.0,0,1
2024-01-29 01:00:00,0.0,19.82,2.18,99.23,Sudeste,-20.0,-45.0,1,1
2024-01-29 02:00:00,0.0,19.49,2.02,99.49,Sudeste,-20.0,-45.0,2,1
2024-01-29 03:00:00,0.0,19.23,1.92,97.55,Sudeste,-20.0,-45.0,3,1
2024-01-29 04:00:00,0.0,19.14,1.79,94.34,Sudeste,-20.0,-45.0,4,1
2024-01-29 05:00:00,0.0,19.36,1.55,88.13,Sudeste,-20.0,-45.0,5,1
2024-01-29 06:00:00,73.75,20.98,1.88,94.0,Sudeste,-20.0,-45.0,6,1
2024-01-29 07:00:00,179.45,23.21,2.12,97.82,Sudeste,-20.0,-45.0,7,1
2024-01-29 08:00:00,297.25,25.97,2.01,99.5,Sudeste,-20.0,-45.0,8,1
2024-01-29 09:00:00,526.2,28.36,2.15,96.59,Sudeste,-20.0,-45.0,9,1
2024-01-29 10:00:00,709.5,30.09,2.76,85.2,Sudeste,-20.0,-45.0,10,1
2024-01-29 11:00:00,954.33,31.44,3.45,42.98,Sudeste,-20.0,-45.0,11,1
2024-01-29 12:00:00,975.25,32.29,3.87,55.93,Sudeste,-20.0,-45.0,12,1
2024-01-29 13:00:00,917.85,32.6,3.93,39.0,Sudeste,-20.0,-45.0,13,1
2024-01-29 14:00:00,730.92,32.36,3.83,45.67,Sudeste,-20.0,-45.0,14,1
2024-01-29 15:00:00,616.35,31.73,3.48,30.64,Sudeste,-20.0,-45.0,15,1
2024-01-29 16:00:00,396.83,30.85,2.98,36.29,Sudeste,-20.0,-45.0,16,1
2024-01-29 17:00:00,179.5,29.51,2.16,41.09,Sudeste,-20.0,-45.0,17,1
2024-01-29 18:00:00,17.92,26.62,1.76,49.16,Sudeste,-20.0,-45.0,18,1
2024-01-29 19:00:00,0.0,24.96,2.13,56.38,Sudeste,-20.0,-45.0,19,1
2024-01-29 20:00:00,0.0,24.11,2.27,79.15,Sudeste,-20.0,-45.0,20,1
2024-01-29 21:00:00,0.0,23.39,2.29,89.15,Sudeste,-20.0,-45.0,21,1
2024-01-29 22:00:00,0.0,22.79,2.26,95.8,Sudeste,-20.0,-45.0,22,1
2024-01-29 23:00:00,0.0,22.35,2.18,98.88,Sudeste,-20.0,-45.0,23,1
2024-01-30 00:00:00,0.0,21.99,2.09,99.39,Sudeste,-20.0,-45.0,0,1
2024-01-30 01:00:00,0.0,21.69,1.96,96.52,Sudeste,-20.0,-45.0,1,1
2024-01-30 02:00:00,0.0,21.09,1.95,96.24,Sudeste,-20.0,-45.0,2,1
2024-01-30 03:00:00,0.0,20.27,2.0,86.83,Sudeste,-20.0,-45.0,3,1
2024-01-30 04:00:00,0.0,19.9,1.8,58.12,Sudeste,-20.0,-45.0,4,1
2024-01-30 05:00:00,0.0,20.04,1.26,36.09,Sudeste,-20.0,-45.0,5,1
2024-01-30 06:00:00,91.3,21.66,0.73,60.25,Sudeste,-20.0,-45.0,6,1
2024-01-30 07:00:00,230.68,24.84,0.54,78.51,Sudeste,-20.0,-45.0,7,1
2024-01-30 08:00:00,406.62,27.97,0.62,96.74,Sudeste,-20.0,-45.0,8,1
2024-01-30 09:00:00,581.83,30.01,0.91,93.96,Sudeste,-20.0,-45.0,9,1
2024-01-30 10:00:00,768.67,31.51,1.56,95.04,Sudeste,-20.0,-45.0,10,1
2024-01-30 11:00:00,749.22,32.56,2.27,98.63,Sudeste,-20.0,-45.0,11,1
2024-01-30 12:00:00,692.15,33.2,2.91,99.5,Sudeste,-20.0,-45.0,12,1
2024-01-30 13:00:00,788.55,33.43,3.35,76.88,Sudeste,-20.0,-45.0,13,1
2024-01-30 14:00:00,746.6,33.38,3.51,77.04,Sudeste,-20.0,-45.0,14,1
2024-01-30 15:00:00,482.33,32.95,3.42,73.32,Sudeste,-20.0,-45.0,15,1
2024-01-30 16:00:00,300.42,32.06,3.08,77.54,Sudeste,-20.0,-45.0,16,1
2024-01-30 17:00:00,140.27,30.29,2.11,80.55,Sudeste,-20.0,-45.0,17,1
2024-01-30 18:00:00,13.57,28.3,1.18,90.84,Sudeste,-20.0,-45.0,18,1
2024-01-30 19:00:00,0.0,28.05,0.63,91.7,Sudeste,-20.0,-45.0,19,1
2024-01-30 20:00:00,0.0,26.69,1.22,100.0,Sudeste,-20.0,-45.0,20,1
2024-01-30 21:00:00,0.0,24.86,1.81,99.92,Sudeste,-20.0,-45.0,21,1
2024-01-30 22:00:00,0.0,23.36,2.1,100.0,Sudeste,-20.0,-45.0,22,1
2024-01-30 23:00:00,0.0,22.51,2.0,100.0,Sudeste,-20.0,-45.0,23,1
2024-01-31 00:00:00,0.0,21.66,1.93,99.43,Sudeste,-20.0,-45.0,0,1
2024-01-31 01:00:00,0.0,21.41,1.91,98.27,Sudeste,-20.0,-45.0,1,1
2024-01-31 02:00:00,0.0,21.32,1.82,99.52,Sudeste,-20.0,-45.0,2,1
2024-01-31 03:00:00,0.0,21.2,1.77,99.91,Sudeste,-20.0,-45.0,3,1
2024-01-31 04:00:00,0.0,20.98,1.73,100.0,Sudeste,-20.0,-45.0,4,1
2024-01-31 05:00:00,0.0,20.67,1.75,100.0,Sudeste,-20.0,-45.0,5,1
2024-01-31 06:00:00,50.42,22.19,2.57,100.0,Sudeste,-20.0,-45.0,6,1
2024-01-31 07:00:00,131.65,24.79,2.64,100.0,Sudeste,-20.0,-45.0,7,1
2024-01-31 08:00:00,210.65,27.77,1.92,100.0,Sudeste,-20.0,-45.0,8,1
2024-01-31 09:00:00,350.2,29.82,1.04,99.09,Sudeste,-20.0,-45.0,9,1
2024-01-31 10:00:00,490.1,31.05,0.9,100.0,Sudeste,-20.0,-45.0,10,1
2024-01-31 11:00:00,631.2,31.46,1.36,100.0,Sudeste,-20.0,-45.0,11,1
2024-01-31 12:00:00,905.85,31.19,2.09,82.24,Sudeste,-20.0,-45.0,12,1
2024-01-31 13:00:00,551.67,30.15,2.85,98.06,Sudeste,-20.0,-45.0,13,1
2024-01-31 14:00:00,400.7,28.73,3.67,99.85,Sudeste,-20.0,-45.0,14,1
2024-01-31 15:00:00,259.6,26.95,4.29,99.89,Sudeste,-20.0,-45.0,15,1
2024-01-31 16:00:00,159.45,24.96,4.67,100.0,Sudeste,-20.0,-45.0,16,1
2024-01-31 17:00:00,66.5,23.23,4.71,98.42,Sudeste,-20.0,-45.0,17,1
2024-01-31 18:00:00,5.22,21.94,4.68,100.0,Sudeste,-20.0,-45.0,18,1
2024-01-31 19:00:00,0.0,21.11,4.39,99.86,Sudeste,-20.0,-45.0,19,1
2024-01-31 20:00:00,0.0,20.43,3.51,100.0,Sudeste,-20.0,-45.0,20,1
2024-01-31 21:00:00,0.0,19.86,2.37,100.0,Sudeste,-20.0,-45.0,21,1
2024-01-31 22:00:00,0.0,19.6,1.16,99.81,Sudeste,-20.0,-45.0,22,1
2024-01-31 23:00:00,0.0,19.05,1.54,99.76,Sudeste,-20.0,-45.0,23,1
2024-01-01 00:00:00,0.0,16.68,1.39,81.36,Sul,-28.0,-52.0,0,1
2024-01-01 01:00:00,0.0,16.42,1.06,63.74,Sul,-28.0,-52.0,1,1
2024-01-01 02:00:00,0.0,16.69,1.08,71.35,Sul,-28.0,-52.0,2,1
2024-01-01 03:00:00,0.0,16.97,1.63,42.78,Sul,-28.0,-52.0,3,1
2024-01-01 04:00:00,0.0,17.2,2.24,44.84,Sul,-28.0,-52.0,4,1
2024-01-01 05:00:00,4.03,17.2,2.2,39.79,Sul,-28.0,-52.0,5,1
2024-01-01 06:00:00,100.35,18.23,2.52,31.43,Sul,-28.0,-52.0,6,1
2024-01-01 07:00:00,286.42,20.32,2.78,28.13,Sul,-28.0,-52.0,7,1
2024-01-01 08:00:00,527.17,22.79,2.77,25.05,Sul,-28.0,-52.0,8,1
2024-01-01 09:00:00,749.75,25.07,2.4,16.98,Sul,-28.0,-52.0,9,1
2024-01-01 10:00:00,922.28,26.85,1.81,10.42,Sul,-28.0,-52.0,10,1
2024-01-01 11:00:00,997.33,27.98,1.36,23.72,Sul,-28.0,-52.0,11,1
2024-01-01 12:00:00,993.47,28.86,1.17,42.26,Sul,-28.0,-52.0,12,1
2024-01-01 13:00:00,895.92,29.34,1.1,54.14,Sul,-28.0,-52.0,13,1
2024-01-01 14:00:00,718.3,29.45,1.15,48.55,Sul,-28.0,-52.0,14,1
2024-01-01 15:00:00,561.15,28.97,1.22,62.84,Sul,-28.0,-52.0,15,1
2024-01-01 16:00:00,440.23,27.69,1.21,51.81,Sul,-28.0,-52.0,16,1
2024-01-01 17:00:00,241.3,27.98,0.95,57.07,Sul,-28.0,-52.0,17,1
2024-01-01 18:00:00,84.62,26.24,0.97,62.41,Sul,-28.0,-52.0,18,1
2024-01-01 19:00:00,3.62,23.73,1.15,65.93,Sul,-28.0,-52.0,19,1
2024-01-01 20:00:00,0.0,22.5,1.36,70.86,Sul,-28.0,-52.0,20,1
2024-01-01 21:00:00,0.0,21.63,1.41,54.97,Sul,-28.0,-52.0,21,1
2024-01-01 22:00:00,0.0,20.82,1.41,71.46,Sul,-28.0,-52.0,22,1
2024-01-01 23:00:00,0.0,20.2,1.33,91.15,Sul,-28.0,-52.0,23,1
2024-01-02 00:00:00,0.0,19.52,1.51,99.65,Sul,-28.0,-52.0,0,1
2024-01-02 01:00:00,0.0,18.97,1.48,87.94,Sul,-28.0,-52.0,1,1
2024-01-02 02:00:00,0.0,18.71,1.6,75.3,Sul,-28.0,-52.0,2,1
2024-01-02 03:00:00,0.0,18.49,1.71,99.45,Sul,-28.0,-52.0,3,1
2024-01-02 04:00:00,0.0,18.24,1.73,99.28,Sul,-28.0,-52.0,4,1
2024-01-02 05:00:00,3.62,18.27,1.92,95.4,Sul,-28.0,-52.0,5,1
2024-01-02 06:00:00,76.93,19.03,2.34,92.13,Sul,-28.0,-52.0,6,1
2024-01-02 07:00:00,221.0,20.41,2.7,89.05,Sul,-28.0,-52.0,7,1
2024-01-02 08:00:00,387.1,22.98,2.09,85.58,Sul,-28.0,-52.0,8,1
2024-01-02 09:00:00,488.45,23.87,1.73,95.65,Sul,-28.0,-52.0,9,1
2024-01-02 10:00:00,371.85,24.07,1.41,99.21,Sul,-28.0,-52.0,10,1
2024-01-02 11:00:00,328.23,24.29,1.22,100.0,Sul,-28.0,-52.0,11,1
2024-01-02 12:00:00,299.85,24.39,1.13,100.0,Sul,-28.0,-52.0,12,1
2024-01-02 13:00:00,597.25,24.56,1.37,98.73,Sul,-28.0,-52.0,13,1
2024-01-02 14:00:00,569.2,24.64,1.79,90.83,Sul,-28.0,-52.0,14,1
2024-01-02 15:00:00,362.52,23.5,2.62,98.18,Sul,-28.0,-52.0,15,1
2024-01-02 16:00:00,178.4,22.55,2.3,99.98,Sul,-28.0,-52.0,16,1
2024-01-02 17:00:00,108.0,21.99,1.12,96.5,Sul,-28.0,-52.0,17,1
2024-01-02 18:00:00,48.4,21.37,1.09,92.22,Sul,-28.0,-52.0,18,1
2024-01-02 19:00:00,2.85,20.38,1.74,84.02,Sul,-28.0,-52.0,19,1
2024-01-02 20:00:00,0.0,19.72,2.1,79.6,Sul,-28.0,-52.0,20,1
2024-01-02 21:00:00,0.0,19.19,2.05,14.62,Sul,-28.0,-52.0,21,1
2024-01-02 22:00:00,0.0,18.8,2.12,7.58,Sul,-28.0,-52.0,22,1
2024-01-02 23:00:00,0.0,18.61,1.97,23.34,Sul,-28.0,-52.0,23,1
2024-01-03 00:00:00,0.0,18.89,1.9,40.06,Sul,-28.0,-52.0,0,1
2024-01-03 01:00:00,0.0,19.08,2.1,21.26,Sul,-28.0,-52.0,1,1
2024-01-03 02:00:00,0.0,18.99,2.38,15.24,Sul,-28.0,-52.0,2,1
2024-01-03 03:00:00,0.0,18.7,2.3,10.92,Sul,-28.0,-52.0,3,1
2024-01-03 04:00:00,0.0,18.33,2.21,2.39,Sul,-28.0,-52.0,4,1
2024-01-03 05:00:00,4.5,17.98,1.91,9.88,Sul,-28.0,-52.0,5,1
2024-01-03 06:00:00,116.3,18.56,2.05,20.52,Sul,-28.0,-52.0,6,1
2024-01-03 07:00:00,314.98,19.79,2.45,27.25,Sul,-28.0,-52.0,7,1
2024-01-03 08:00:00,519.35,21.91,2.61,33.14,Sul,-28.0,-52.0,8,1
2024-01-03 09:00:00,700.03,24.07,2.36,38.58,Sul,-28.0,-52.0,9,1
2024-01-03 10:00:00,768.67,25.98,2.05,63.94,Sul,-28.0,-52.0,10,1
2024-01-03 11:00:00,845.5,27.33,1.82,66.53,Sul,-28.0,-52.0,11,1
2024-01-03 12:00:00,905.67,28.08,1.81,65.41,Sul,-28.0,-52.0,12,1
2024-01-03 13:00:00,891.97,28.22,1.96,58.59,Sul,-28.0,-52.0,13,1
2024-01-03 14:00:00,762.58,28.02,1.99,50.16,Sul,-28.0,-52.0,14,1
2024-01-03 15:00:00,634.58,27.56,1.93,61.12,Sul,-28.0,-52.0,15,1
2024-01-03 16:00:00,526.6,26.74,1.87,27.67,Sul,-28.0,-52.0,16,1
2024-01-03 17:00:00,317.58,25.46,1.58,25.41,Sul,-28.0,-52.0,17,1
2024-01-03 18:00:00,114.7,23.9,1.37,23.71,Sul,-28.0,-52.0,18,1
2024-01-03 19:00:00,4.6,21.13,1.32,17.9,Sul,-28.0,-52.0,19,1
2024-01-03 20:00:00,0.0,20.23,1.38,14.01,Sul,-28.0,-52.0,20,1
2024-01-03 21:00:00,0.0,19.49,1.4,15.05,Sul,-28.0,-52.0,21,1
2024-01-03 22:00:00,0.0,19.03,1.48,15.7,Sul,-28.0,-52.0,22,1
2024-01-03 23:00:00,0.0,18.79,1.85,11.36,Sul,-28.0,-52.0,23,1
2024-01-04 00:00:00,0.0,18.56,2.31,14.81,Sul,-28.0,-52.0,0,1
2024-01-04 01:00:00,0.0,18.36,2.66,30.39,Sul,-28.0,-52.0,1,1
2024-01-04 02:00:00,0.0,17.98,2.64,31.5,Sul,-28.0,-52.0,2,1
2024-01-04 03:00:00,0.0,17.52,2.56,35.34,Sul,-28.0,-52.0,3,1
2024-01-04 04:00:00,0.0,17.11,2.53,46.83,Sul,-28.0,-52.0,4,1
2024-01-04 05:00:00,3.75,16.72,2.48,53.46,Sul,-28.0,-52.0,5,1
2024-01-04 06:00:00,90.72,17.47,2.72,63.66,Sul,-28.0,-52.0,6,1
2024-01-04 07:00:00,252.23,19.37,2.82,67.71,Sul,-28.0,-52.0,7,1
2024-01-04 08:00:00,427.12,21.71,2.75,73.31,Sul,-28.0,-52.0,8,1
2024-01-04 09:00:00,652.78,24.01,2.3,57.25,Sul,-28.0,-52.0,9,1
2024-01-04 10:00:00,834.83,26.1,1.65,42.22,Sul,-28.0,-52.0,10,1
2024-01-04 11:00:00,883.92,27.6,1.02,66.84,Sul,-28.0,-52.0,11,1
2024-01-04 12:00:00,852.22,28.62,0.54,65.79,Sul,-28.0,-52.0,12,1
2024-01-04 13:00:00,893.25,29.03,0.23,41.74,Sul,-28.0,-52.0,13,1
2024-01-04 14:00:00,704.33,28.98,0.07,70.78,Sul,-28.0,-52.0,14,1
2024-01-04 15:00:00,525.12,28.45,0.33,78.16,Sul,-28.0,-52.0,15,1
2024-01-04 16:00:00,394.15,27.5,0.71,60.31,Sul,-28.0,-52.0,16,1
2024-01-04 17:00:00,237.5,27.93,0.94,57.24,Sul,-28.0,-52.0,17,1
2024-01-04 18:00:00,89.78,24.85,1.15,52.87,Sul,-28.0,-52.0,18,1
2024-01-04 19:00:00,4.15,21.49,1.37,41.6,Sul,-28.0,-52.0,19,1
2024-01-04 20:00:00,0.0,20.41,1.55,39.29,Sul,-28.0,-52.0,20,1
2024-01-04 21:00:00,0.0,19.77,1.72,44.06,Sul,-28.0,-52.0,21,1
2024-01-04 22:00:00,0.0,19.33,1.88,34.25,Sul,-28.0,-52.0,22,1
2024-01-04 23:00:00,0.0,18.84,1.95,13.25,Sul,-28.0,-52.0,23,1
2024-01-05 00:00:00,0.0,18.53,2.02,6.22,Sul,-28.0,-52.0,0,1
2024-01-05 01:00:00,0.0,18.26,1.95,14.1,Sul,-28.0,-52.0,1,1
2024-01-05 02:00:00,0.0,17.99,1.95,8.03,Sul,-28.0,-52.0,2,1
2024-01-05 03:00:00,0.0,17.67,2.05,17.62,Sul,-28.0,-52.0,3,1
2024-01-05 04:00:00,0.0,17.28,1.9,12.86,Sul,-28.0,-52.0,4,1
2024-01-05 05:00:00,3.65,16.99,1.77,19.83,Sul,-28.0,-52.0,5,1
2024-01-05 06:00:00,105.3,17.96,2.28,31.22,Sul,-28.0,-52.0,6,1
2024-01-05 07:00:00,285.62,19.97,2.67,36.11,Sul,-28.0,-52.0,7,1
2024-01-05 08:00:00,496.45,22.13,2.76,41.23,Sul,-28.0,-52.0,8,1
2024-01-05 09:00:00,710.72,24.29,2.57,34.99,Sul,-28.0,-52.0,9,1
2024-01-05 10:00:00,868.1,26.01,2.23,35.85,Sul,-28.0,-52.0,10,1
2024-01-05 11:00:00,947.28,27.17,1.86,42.03,Sul,-28.0,-52.0,11,1
2024-01-05 12:00:00,991.25,27.85,1.53,37.59,Sul,-28.0,-52.0,12,1
2024-01-05 13:00:00,1004.17,28.29,1.29,20.23,Sul,-28.0,-52.0,13,1
2024-01-05 14:00:00,814.25,28.23,1.09,36.95,Sul,-28.0,-52.0,14,1
2024-01-05 15:00:00,648.22,27.6,0.98,44.04,Sul,-28.0,-52.0,15,1
2024-01-05 16:00:00,401.15,27.04,0.91,65.91,Sul,-28.0,-52.0,16,1
2024-01-05 17:00:00,248.23,27.35,0.78,54.25,Sul,-28.0,-52.0,17,1
2024-01-05 18:00:00,99.1,25.6,0.99,43.64,Sul,-28.0,-52.0,18,1
2024-01-05 19:00:00,4.7,22.56,1.6,21.65,Sul,-28.0,-52.0,19,1
2024-01-05 20:00:00,0.0,20.66,1.77,7.17,Sul,-28.0,-52.0,20,1
2024-01-05 21:00:00,0.0,19.66,1.69,9.04,Sul,-28.0,-52.0,21,1
2024-01-05 22:00:00,0.0,19.55,1.96,3.35,Sul,-28.0,-52.0,22,1
2024-01-05 23:00:00,0.0,20.05,2.66,7.59,Sul,-28.0,-52.0,23,1
2024-01-06 00:00:00,0.0,19.43,2.66,24.35,Sul,-28.0,-52.0,0,1
2024-01-06 01:00:00,0.0,18.75,2.66,17.15,Sul,-28.0,-52.0,1,1
2024-01-06 02:00:00,0.0,18.18,2.62,16.96,Sul,-28.0,-52.0,2,1
2024-01-06 03:00:00,0.0,17.77,2.52,23.84,Sul,-28.0,-52.0,3,1
2024-01-06 04:00:00,0.0,17.58,2.48,27.69,Sul,-28.0,-52.0,4,1
2024-01-06 05:00:00,0.0,17.5,2.5,27.7,Sul,-28.0,-52.0,5,1
2024-01-06 06:00:00,127.8,18.42,2.86,22.16,Sul,-28.0,-52.0,6,1
2024-01-06 07:00:00,339.85,20.47,3.29,15.29,Sul,-28.0,-52.0,7,1
2024-01-06 08:00:00,569.62,22.8,3.26,10.43,Sul,-28.0,-52.0,8,1
2024-01-06 09:00:00,785.55,25.24,2.93,3.78,Sul,-28.0,-52.0,9,1
2024-01-06 10:00:00,946.47,27.35,2.45,2.39,Sul,-28.0,-52.0,10,1
2024-01-06 11:00:00,1004.55,28.82,1.89,21.17,Sul,-28.0,-52.0,11,1
2024-01-06 12:00:00,997.17,29.72,1.52,47.05,Sul,-28.0,-52.0,12,1
2024-01-06 13:00:00,911.35,30.11,1.36,44.63,Sul,-28.0,-52.0,13,1
2024-01-06 14:00:00,700.72,30.31,1.33,59.05,Sul,-28.0,-52.0,14,1
2024-01-06 15:00:00,600.9,29.99,1.34,59.06,Sul,-28.0,-52.0,15,1
2024-01-06 16:00:00,387.38,29.22,1.29,57.39,Sul,-28.0,-52.0,16,1
2024-01-06 17:00:00,234.75,29.33,1.0,47.69,Sul,-28.0,-52.0,17,1
2024-01-06 18:00:00,103.6,27.93,0.97,29.92,Sul,-28.0,-52.0,18,1
2024-01-06 19:00:00,4.47,25.98,0.82,15.47,Sul,-28.0,-52.0,19,1
2024-01-06 20:00:00,0.0,25.75,0.37,1.91,Sul,-28.0,-52.0,20,1
2024-01-06 21:00:00,0.0,24.99,0.51,3.35,Sul,-28.0,-52.0,21,1
2024-01-06 22:00:00,0.0,22.79,1.48,8.67,Sul,-28.0,-52.0,22,1
2024-01-06 23:00:00,0.0,20.38,1.8,6.26,Sul,-28.0,-52.0,23,1
2024-01-07 00:00:00,0.0,19.84,1.72,0.96,Sul,-28.0,-52.0,0,1
2024-01-07 01:00:00,0.0,19.68,1.71,0.96,Sul,-28.0,-52.0,1,1
2024-01-07 02:00:00,0.0,19.73,1.93,16.29,Sul,-28.0,-52.0,2,1
2024-01-07 03:00:00,0.0,19.58,1.97,9.57,Sul,-28.0,-52.0,3,1
2024-01-07 04:00:00,0.0,19.42,1.97,13.38,Sul,-28.0,-52.0,4,1
2024-01-07 05:00:00,0.0,19.22,1.85,13.36,Sul,-28.0,-52.0,5,1
2024-01-07 06:00:00,118.65,20.27,2.29,9.31,Sul,-28.0,-52.0,6,1
2024-01-07 07:00:00,325.98,22.24,2.33,7.27,Sul,-28.0,-52.0,7,1
2024-01-07 08:00:00,554.47,24.46,2.25,6.38,Sul,-28.0,-52.0,8,1
2024-01-07 09:00:00,759.58,26.58,2.34,6.77,Sul,-28.0,-52.0,9,1
2024-01-07 10:00:00,906.0,28.41,2.43,15.5,Sul,-28.0,-52.0,10,1
2024-01-07 11:00:00,987.58,30.12,2.68,23.29,Sul,-28.0,-52.0,11,1
2024-01-07 12:00:00,935.97,30.85,2.85,52.04,Sul,-28.0,-52.0,12,1
2024-01-07 13:00:00,920.3,30.97,2.79,46.58,Sul,-28.0,-52.0,13,1
2024-01-07 14:00:00,804.78,30.86,2.48,70.51,Sul,-28.0,-52.0,14,1
2024-01-07 15:00:00,720.0,30.66,2.13,48.01,Sul,-28.0,-52.0,15,1
2024-01-07 16:00:00,522.42,29.97,1.84,22.6,Sul,-28.0,-52.0,16,1
2024-01-07 17:00:00,315.1,29.22,1.3,39.45,Sul,-28.0,-52.0,17,1
2024-01-07 18:00:00,107.65,27.33,1.24,58.91,Sul,-28.0,-52.0,18,1
2024-01-07 19:00:00,4.28,25.11,1.56,78.05,Sul,-28.0,-52.0,19,1
2024-01-07 20:00:00,0.0,24.46,1.65,97.13,Sul,-28.0,-52.0,20,1
2024-01-07 21:00:00,0.0,24.27,1.57,99.58,Sul,-28.0,-52.0,21,1
2024-01-07 22:00:00,0.0,23.84,1.57,99.55,Sul,-28.0,-52.0,22,1
2024-01-07 23:00:00,0.0,23.0,1.71,98.62,Sul,-28.0,-52.0,23,1
2024-01-08 00:00:00,0.0,22.35,1.74,98.34,Sul,-28.0,-52.0,0,1
2024-01-08 01:00:00,0.0,21.86,1.68,84.77,Sul,-28.0,-52.0,1,1
2024-01-08 02:00:00,0.0,21.54,1.59,61.5,Sul,-28.0,-52.0,2,1
2024-01-08 03:00:00,0.0,21.26,1.53,25.63,Sul,-28.0,-52.0,3,1
2024-01-08 04:00:00,0.0,20.93,1.55,55.18,Sul,-28.0,-52.0,4,1
2024-01-08 05:00:00,0.0,20.92,1.43,40.87,Sul,-28.0,-52.0,5,1
2024-01-08 06:00:00,98.75,21.81,0.98,55.62,Sul,-28.0,-52.0,6,1
2024-01-08 07:00:00,271.45,23.46,1.1,67.8,Sul,-28.0,-52.0,7,1
2024-01-08 08:00:00,446.7,25.78,0.69,80.71,Sul,-28.0,-52.0,8,1
2024-01-08 09:00:00,707.4,27.34,1.01,58.49,Sul,-28.0,-52.0,9,1
2024-01-08 10:00:00,877.2,28.34,1.25,34.49,Sul,-28.0,-52.0,10,1
2024-01-08 11:00:00,906.95,28.8,1.9,70.58,Sul,-28.0,-52.0,11,1
2024-01-08 12:00:00,926.47,28.97,2.33,62.59,Sul,-28.0,-52.0,12,1
2024-01-08 13:00:00,826.9,29.15,2.34,87.66,Sul,-28.0,-52.0,13,1
2024-01-08 14:00:00,749.53,28.94,2.22,80.91,Sul,-28.0,-52.0,14,1
2024-01-08 15:00:00,448.52,28.38,1.89,99.52,Sul,-28.0,-52.0,15,1
2024-01-08 16:00:00,348.9,27.6,1.64,99.51,Sul,-28.0,-52.0,16,1
2024-01-08 17:00:00,207.07,26.56,1.39,89.12,Sul,-28.0,-52.0,17,1
2024-01-08 18:00:00,77.53,25.21,1.12,81.29,Sul,-28.0,-52.0,18,1
2024-01-08 19:00:00,4.22,23.63,1.21,68.81,Sul,-28.0,-52.0,19,1
2024-01-08 20:00:00,0.0,23.17,1.49,60.47,Sul,-28.0,-52.0,20,1
2024-01-08 21:00:00,0.0,22.9,1.46,31.46,Sul,-28.0,-52.0,21,1
2024-01-08 22:00:00,0.0,22.25,1.41,22.77,Sul,-28.0,-52.0,22,1
2024-01-08 23:00:00,0.0,21.8,1.11,36.11,Sul,-28.0,-52.0,23,1
2024-01-09 00:00:00,0.0,21.52,1.36,22.07,Sul,-28.0,-52.0,0,1
2024-01-09 01:00:00,0.0,21.16,1.22,8.48,Sul,-28.0,-52.0,1,1
2024-01-09 02:00:00,0.0,21.11,1.25,52.28,Sul,-28.0,-52.0,2,1
2024-01-09 03:00:00,0.0,21.09,1.3,18.84,Sul,-28.0,-52.0,3,1
2024-01-09 04:00:00,0.0,20.99,1.41,35.49,Sul,-28.0,-52.0,4,1
2024-01-09 05:00:00,0.0,20.96,1.62,15.34,Sul,-28.0,-52.0,5,1
2024-01-09 06:00:00,107.57,21.82,2.0,11.76,Sul,-28.0,-52.0,6,1
2024-01-09 07:00:00,317.52,23.76,2.14,7.01,Sul,-28.0,-52.0,7,1
2024-01-09 08:00:00,547.65,26.25,2.53,4.78,Sul,-28.0,-52.0,8,1
2024-01-09 09:00:00,755.22,27.87,2.64,1.91,Sul,-28.0,-52.0,9,1
2024-01-09 10:00:00,907.03,28.65,2.5,5.27,Sul,-28.0,-52.0,10,1
2024-01-09 11:00:00,973.4,29.72,2.3,22.41,Sul,-28.0,-52.0,11,1
2024-01-09 12:00:00,830.47,28.44,2.06,96.79,Sul,-28.0,-52.0,12,1
2024-01-09 13:00:00,416.15,27.6,2.53,99.87,Sul,-28.0,-52.0,13,1
2024-01-09 14:00:00,134.93,26.61,3.05,100.0,Sul,-28.0,-52.0,14,1
2024-01-09 15:00:00,31.27,25.72,2.28,99.79,Sul,-28.0,-52.0,15,1
2024-01-09 16:00:00,19.55,26.16,1.56,99.89,Sul,-28.0,-52.0,16,1
2024-01-09 17:00:00,17.25,25.95,1.29,98.94,Sul,-28.0,-52.0,17,1
2024-01-09 18:00:00,7.55,25.03,1.04,99.67,Sul,-28.0,-52.0,18,1
2024-01-09 19:00:00,0.68,23.51,1.36,98.99,Sul,-28.0,-52.0,19,1
2024-01-09 20:00:00,0.0,23.12,1.4,99.91,Sul,-28.0,-52.0,20,1
2024-01-09 21:00:00,0.0,22.78,1.34,100.0,Sul,-28.0,-52.0,21,1
2024-01-09 22:00:00,0.0,22.33,1.33,100.0,Sul,-28.0,-52.0,22,1
2024-01-09 23:00:00,0.0,21.67,1.3,100.0,Sul,-28.0,-52.0,23,1
2024-01-10 00:00:00,0.0,21.65,1.4,99.31,Sul,-28.0,-52.0,0,1
2024-01-10 01:00:00,0.0,21.84,1.77,95.63,Sul,-28.0,-52.0,1,1
2024-01-10 02:00:00,0.0,21.62,1.73,92.66,Sul,-28.0,-52.0,2,1
2024-01-10 03:00:00,0.0,21.33,1.47,88.95,Sul,-28.0,-52.0,3,1
2024-01-10 04:00:00,0.0,21.07,1.34,68.83,Sul,-28.0,-52.0,4,1
2024-01-10 05:00:00,0.0,20.9,1.38,70.55,Sul,-28.0,-52.0,5,1
2024-01-10 06:00:00,104.57,21.54,1.67,46.24,Sul,-28.0,-52.0,6,1
2024-01-10 07:00:00,318.67,22.66,1.58,23.37,Sul,-28.0,-52.0,7,1
2024-01-10 08:00:00,550.22,24.68,1.83,3.35,Sul,-28.0,-52.0,8,1
2024-01-10 09:00:00,739.25,27.53,2.36,41.53,Sul,-28.0,-52.0,9,1
2024-01-10 10:00:00,826.53,29.2,2.48,99.69,Sul,-28.0,-52.0,10,1
2024-01-10 11:00:00,849.15,30.24,2.5,99.73,Sul,-28.0,-52.0,11,1
2024-01-10 12:00:00,843.22,30.71,2.2,98.64,Sul,-28.0,-52.0,12,1
2024-01-10 13:00:00,877.7,30.18,1.92,99.98,Sul,-28.0,-52.0,13,1
2024-01-10 14:00:00,669.0,29.36,1.46,95.36,Sul,-28.0,-52.0,14,1
2024-01-10 15:00:00,618.97,29.24,0.74,82.96,Sul,-28.0,-52.0,15,1
2024-01-10 16:00:00,412.65,30.11,0.24,73.54,Sul,-28.0,-52.0,16,1
2024-01-10 17:00:00,233.73,28.17,0.56,80.02,Sul,-28.0,-52.0,17,1
2024-01-10 18:00:00,82.07,26.57,1.05,85.65,Sul,-28.0,-52.0,18,1
2024-01-10 19:00:00,3.42,24.14,1.62,94.5,Sul,-28.0,-52.0,19,1
2024-01-10 20:00:00,0.0,23.35,1.72,99.11,Sul,-28.0,-52.0,20,1
2024-01-10 21:00:00,0.0,22.86,1.71,99.77,Sul,-28.0,-52.0,21,1
2024-01-10 22:00:00,0.0,22.39,1.64,99.8,Sul,-28.0,-52.0,22,1
2024-01-10 23:00:00,0.0,21.71,1.37,98.98,Sul,-28.0,-52.0,23,1
2024-01-11 00:00:00,0.0,21.54,1.67,100.0,Sul,-28.0,-52.0,0,1
2024-01-11 01:00:00,0.0,21.51,1.79,99.66,Sul,-28.0,-52.0,1,1
2024-01-11 02:00:00,0.0,21.37,1.39,99.31,Sul,-28.0,-52.0,2,1
2024-01-11 03:00:00,0.0,21.43,1.5,99.64,Sul,-28.0,-52.0,3,1
2024-01-11 04:00:00,0.0,21.11,1.18,92.24,Sul,-28.0,-52.0,4,1
2024-01-11 05:00:00,0.0,20.89,1.1,81.13,Sul,-28.0,-52.0,5,1
2024-01-11 06:00:00,67.07,22.3,1.13,90.27,Sul,-28.0,-52.0,6,1
2024-01-11 07:00:00,177.15,23.74,1.24,95.87,Sul,-28.0,-52.0,7,1
2024-01-11 08:00:00,285.92,25.97,1.42,99.69,Sul,-28.0,-52.0,8,1
2024-01-11 09:00:00,450.52,27.87,1.96,100.0,Sul,-28.0,-52.0,9,1
2024-01-11 10:00:00,590.4,28.72,2.47,99.4,Sul,-28.0,-52.0,10,1
2024-01-11 11:00:00,610.88,28.54,2.71,100.0,Sul,-28.0,-52.0,11,1
2024-01-11 12:00:00,566.03,28.59,3.08,100.0,Sul,-28.0,-52.0,12,1
2024-01-11 13:00:00,619.62,28.56,3.22,99.75,Sul,-28.0,-52.0,13,1
2024-01-11 14:00:00,454.52,28.46,3.04,99.06,Sul,-28.0,-52.0,14,1
2024-01-11 15:00:00,328.6,27.53,2.87,99.36,Sul,-28.0,-52.0,15,1
2024-01-11 16:00:00,296.75,26.45,2.51,100.0,Sul,-28.0,-52.0,16,1
2024-01-11 17:00:00,166.93,25.3,2.11,93.24,Sul,-28.0,-52.0,17,1
2024-01-11 18:00:00,63.67,24.05,1.67,86.7,Sul,-28.0,-52.0,18,1
2024-01-11 19:00:00,3.72,22.83,1.69,78.1,Sul,-28.0,-52.0,19,1
2024-01-11 20:00:00,0.0,22.08,2.05,70.79,Sul,-28.0,-52.0,20,1
2024-01-11 21:00:00,0.0,21.3,2.67,73.8,Sul,-28.0,-52.0,21,1
2024-01-11 22:00:00,0.0,20.7,2.65,81.82,Sul,-28.0,-52.0,22,1
2024-01-11 23:00:00,0.0,20.35,2.53,85.81,Sul,-28.0,-52.0,23,1
2024-01-12 00:00:00,0.0,20.08,2.24,94.93,Sul,-28.0,-52.0,0,1
2024-01-12 01:00:00,0.0,19.71,1.92,60.71,Sul,-28.0,-52.0,1,1
2024-01-12 02:00:00,0.0,19.2,1.98,70.92,Sul,-28.0,-52.0,2,1
2024-01-12 03:00:00,0.0,18.73,1.8,79.16,Sul,-28.0,-52.0,3,1
2024-01-12 04:00:00,0.0,18.24,1.58,93.21,Sul,-28.0,-52.0,4,1
2024-01-12 05:00:00,0.0,17.83,1.34,84.46,Sul,-28.0,-52.0,5,1
2024-01-12 06:00:00,64.62,18.21,1.68,82.89,Sul,-28.0,-52.0,6,1
2024-01-12 07:00:00,180.88,19.2,1.96,83.07,Sul,-28.0,-52.0,7,1
2024-01-12 08:00:00,364.0,21.2,1.91,82.86,Sul,-28.0,-52.0,8,1
2024-01-12 09:00:00,533.0,23.8,1.81,79.45,Sul,-28.0,-52.0,9,1
2024-01-12 10:00:00,627.75,25.5,1.83,91.08,Sul,-28.0,-52.0,10,1
2024-01-12 11:00:00,749.7,26.59,2.14,91.22,Sul,-28.0,-52.0,11,1
2024-01-12 12:00:00,759.7,27.35,2.51,95.2,Sul,-28.0,-52.0,12,1
2024-01-12 13:00:00,739.62,28.06,2.77,96.74,Sul,-28.0,-52.0,13,1
2024-01-12 14:00:00,696.17,28.27,2.92,96.73,Sul,-28.0,-52.0,14,1
2024-01-12 15:00:00,575.1,27.93,2.99,89.29,Sul,-28.0,-52.0,15,1
2024-01-12 16:00:00,402.6,27.09,3.0,78.34,Sul,-28.0,-52.0,16,1
2024-01-12 17:00:00,230.43,25.7,2.76,74.65,Sul,-28.0,-52.0,17,1
2024-01-12 18:00:00,86.12,23.52,2.29,70.85,Sul,-28.0,-52.0,18,1
2024-01-12 19:00:00,4.35,21.06,2.12,65.38,Sul,-28.0,-52.0,19,1
2024-01-12 20:00:00,0.0,20.0,2.12,62.35,Sul,-28.0,-52.0,20,1
2024-01-12 21:00:00,0.0,19.27,2.03,47.57,Sul,-28.0,-52.0,21,1
2024-01-12 22:00:00,0.0,18.81,1.99,27.68,Sul,-28.0,-52.0,22,1
2024-01-12 23:00:00,0.0,18.51,2.03,36.01,Sul,-28.0,-52.0,23,1
2024-01-13 00:00:00,0.0,18.2,2.02,42.93,Sul,-28.0,-52.0,0,1
2024-01-13 01:00:00,0.0,17.95,2.01,52.99,Sul,-28.0,-52.0,1,1
2024-01-13 02:00:00,0.0,17.72,2.02,50.6,Sul,-28.0,-52.0,2,1
2024-01-13 03:00:00,0.0,17.37,1.97,68.79,Sul,-28.0,-52.0,3,1
2024-01-13 04:00:00,0.0,17.06,1.97,78.37,Sul,-28.0,-52.0,4,1
2024-01-13 05:00:00,0.0,16.86,2.05,78.85,Sul,-28.0,-52.0,5,1
2024-01-13 06:00:00,58.47,17.8,2.62,74.07,Sul,-28.0,-52.0,6,1
2024-01-13 07:00:00,219.88,19.8,3.13,66.01,Sul,-28.0,-52.0,7,1
2024-01-13 08:00:00,425.5,22.11,3.1,61.49,Sul,-28.0,-52.0,8,1
2024-01-13 09:00:00,679.85,24.49,2.74,36.34,Sul,-28.0,-52.0,9,1
2024-01-13 10:00:00,906.9,26.78,2.2,14.89,Sul,-28.0,-52.0,10,1
2024-01-13 11:00:00,1027.15,28.41,1.58,6.11,Sul,-28.0,-52.0,11,1
2024-01-13 12:00:00,1028.3,29.62,1.08,22.74,Sul,-28.0,-52.0,12,1
2024-01-13 13:00:00,945.88,30.81,0.88,37.4,Sul,-28.0,-52.0,13,1
2024-01-13 14:00:00,829.97,31.33,0.88,36.73,Sul,-28.0,-52.0,14,1
2024-01-13 15:00:00,666.47,30.95,0.89,52.49,Sul,-28.0,-52.0,15,1
2024-01-13 16:00:00,468.75,30.19,0.76,46.53,Sul,-28.0,-52.0,16,1
2024-01-13 17:00:00,286.27,30.72,0.45,38.69,Sul,-28.0,-52.0,17,1
2024-01-13 18:00:00,109.65,27.78,0.34,30.43,Sul,-28.0,-52.0,18,1
2024-01-13 19:00:00,4.85,25.22,1.17,15.76,Sul,-28.0,-52.0,19,1
2024-01-13 20:00:00,0.0,23.24,1.71,5.57,Sul,-28.0,-52.0,20,1
2024-01-13 21:00:00,0.0,21.69,1.83,7.08,Sul,-28.0,-52.0,21,1
2024-01-13 22:00:00,0.0,20.9,1.69,16.16,Sul,-28.0,-52.0,22,1
2024-01-13 23:00:00,0.0,20.85,2.04,22.37,Sul,-28.0,-52.0,23,1
2024-01-14 00:00:00,0.0,20.58,2.32,32.9,Sul,-28.0,-52.0,0,1
2024-01-14 01:00:00,0.0,20.11,2.5,46.81,Sul,-28.0,-52.0,1,1
2024-01-14 02:00:00,0.0,19.44,2.1,31.95,Sul,-28.0,-52.0,2,1
2024-01-14 03:00:00,0.0,19.13,2.01,22.4,Sul,-28.0,-52.0,3,1
2024-01-14 04:00:00,0.0,18.82,1.91,14.3,Sul,-28.0,-52.0,4,1
2024-01-14 05:00:00,0.0,18.6,1.85,11.93,Sul,-28.0,-52.0,5,1
2024-01-14 06:00:00,102.97,19.61,2.26,6.11,Sul,-28.0,-52.0,6,1
2024-01-14 07:00:00,322.33,22.02,2.29,2.1,Sul,-28.0,-52.0,7,1
2024-01-14 08:00:00,552.2,24.86,2.56,3.35,Sul,-28.0,-52.0,8,1
2024-01-14 09:00:00,755.4,27.39,2.97,6.02,Sul,-28.0,-52.0,9,1
2024-01-14 10:00:00,911.35,29.01,2.98,9.42,Sul,-28.0,-52.0,10,1
2024-01-14 11:00:00,1012.25,30.04,2.89,11.43,Sul,-28.0,-52.0,11,1
2024-01-14 12:00:00,1026.57,30.62,2.8,29.94,Sul,-28.0,-52.0,12,1
2024-01-14 13:00:00,975.03,30.8,2.69,36.04,Sul,-28.0,-52.0,13,1
2024-01-14 14:00:00,850.4,30.86,2.6,25.1,Sul,-28.0,-52.0,14,1
2024-01-14 15:00:00,730.1,30.42,2.45,27.58,Sul,-28.0,-52.0,15,1
2024-01-14 16:00:00,524.15,29.49,2.12,40.37,Sul,-28.0,-52.0,16,1
2024-01-14 17:00:00,308.8,28.48,1.43,52.0,Sul,-28.0,-52.0,17,1
2024-01-14 18:00:00,102.12,27.13,1.15,60.83,Sul,-28.0,-52.0,18,1
2024-01-14 19:00:00,3.05,25.91,0.79,86.54,Sul,-28.0,-52.0,19,1
2024-01-14 20:00:00,0.0,25.64,0.45,100.0,Sul,-28.0,-52.0,20,1
2024-01-14 21:00:00,0.0,25.22,0.28,99.96,Sul,-28.0,-52.0,21,1
2024-01-14 22:00:00,0.0,24.17,0.87,100.0,Sul,-28.0,-52.0,22,1
2024-01-14 23:00:00,0.0,22.39,1.39,100.0,Sul,-28.0,-52.0,23,1
2024-01-15 00:00:00,0.0,21.85,1.43,99.68,Sul,-28.0,-52.0,0,1
2024-01-15 01:00:00,0.0,21.72,1.49,89.22,Sul,-28.0,-52.0,1,1
2024-01-15 02:00:00,0.0,21.48,1.48,99.51,Sul,-28.0,-52.0,2,1
2024-01-15 03:00:00,0.0,21.35,1.71,99.3,Sul,-28.0,-52.0,3,1
2024-01-15 04:00:00,0.0,21.46,2.07,98.65,Sul,-28.0,-52.0,4,1
2024-01-15 05:00:00,0.0,21.26,1.94,99.1,Sul,-28.0,-52.0,5,1
2024-01-15 06:00:00,48.03,22.21,1.87,99.2,Sul,-28.0,-52.0,6,1
2024-01-15 07:00:00,147.1,23.95,1.55,99.14,Sul,-28.0,-52.0,7,1
2024-01-15 08:00:00,274.95,26.34,2.29,96.26,Sul,-28.0,-52.0,8,1
2024-01-15 09:00:00,415.75,28.01,2.8,92.9,Sul,-28.0,-52.0,9,1
2024-01-15 10:00:00,579.4,29.18,3.14,89.07,Sul,-28.0,-52.0,10,1
2024-01-15 11:00:00,688.03,29.89,3.29,81.33,Sul,-28.0,-52.0,11,1
2024-01-15 12:00:00,819.78,30.37,3.37,73.11,Sul,-28.0,-52.0,12,1
2024-01-15 13:00:00,936.4,30.61,3.38,25.82,Sul,-28.0,-52.0,13,1
2024-01-15 14:00:00,893.28,30.5,3.31,20.47,Sul,-28.0,-52.0,14,1
2024-01-15 15:00:00,730.0,29.99,3.13,41.94,Sul,-28.0,-52.0,15,1
2024-01-15 16:00:00,534.0,29.16,2.83,31.95,Sul,-28.0,-52.0,16,1
2024-01-15 17:00:00,322.05,27.96,2.17,36.09,Sul,-28.0,-52.0,17,1
2024-01-15 18:00:00,122.22,26.31,1.27,39.71,Sul,-28.0,-52.0,18,1
2024-01-15 19:00:00,5.03,24.01,1.5,43.31,Sul,-28.0,-52.0,19,1
2024-01-15 20:00:00,0.0,23.69,1.46,45.42,Sul,-28.0,-52.0,20,1
2024-01-15 21:00:00,0.0,23.68,1.21,4.78,Sul,-28.0,-52.0,21,1
2024-01-15 22:00:00,0.0,23.54,0.93,0.96,Sul,-28.0,-52.0,22,1
2024-01-15 23:00:00,0.0,23.26,0.62,1.44,Sul,-28.0,-52.0,23,1
2024-01-16 00:00:00,0.0,22.3,0.99,24.47,Sul,-28.0,-52.0,0,1
2024-01-16 01:00:00,0.0,20.98,1.53,3.93,Sul,-28.0,-52.0,1,1
2024-01-16 02:00:00,0.0,20.31,1.55,19.49,Sul,-28.0,-52.0,2,1
2024-01-16 03:00:00,0.0,20.4,1.19,30.62,Sul,-28.0,-52.0,3,1
2024-01-16 04:00:00,0.0,20.38,1.17,42.1,Sul,-28.0,-52.0,4,1
2024-01-16 05:00:00,0.0,20.37,1.16,55.03,Sul,-28.0,-52.0,5,1
2024-01-16 06:00:00,85.03,22.16,1.43,46.41,Sul,-28.0,-52.0,6,1
2024-01-16 07:00:00,284.45,23.77,1.48,36.79,Sul,-28.0,-52.0,7,1
2024-01-16 08:00:00,509.77,25.56,1.89,30.04,Sul,-28.0,-52.0,8,1
2024-01-16 09:00:00,743.15,27.77,2.47,12.35,Sul,-28.0,-52.0,9,1
2024-01-16 10:00:00,896.53,29.42,2.94,13.65,Sul,-28.0,-52.0,10,1
2024-01-16 11:00:00,870.85,30.51,3.19,47.1,Sul,-28.0,-52.0,11,1
2024-01-16 12:00:00,917.7,31.02,3.14,78.35,Sul,-28.0,-52.0,12,1
2024-01-16 13:00:00,850.3,31.24,2.89,98.2,Sul,-28.0,-52.0,13,1
2024-01-16 14:00:00,759.8,31.26,2.62,99.23,Sul,-28.0,-52.0,14,1
2024-01-16 15:00:00,600.72,30.66,2.55,99.97,Sul,-28.0,-52.0,15,1
2024-01-16 16:00:00,403.42,29.21,1.92,98.52,Sul,-28.0,-52.0,16,1
2024-01-16 17:00:00,215.88,28.86,1.49,96.62,Sul,-28.0,-52.0,17,1
2024-01-16 18:00:00,72.75,26.88,1.17,94.3,Sul,-28.0,-52.0,18,1
2024-01-16 19:00:00,2.9,25.35,1.58,96.06,Sul,-28.0,-52.0,19,1
2024-01-16 20:00:00,0.0,24.59,1.54,99.57,Sul,-28.0,-52.0,20,1
2024-01-16 21:00:00,0.0,24.07,1.52,99.84,Sul,-28.0,-52.0,21,1
2024-01-16 22:00:00,0.0,23.94,1.71,99.96,Sul,-28.0,-52.0,22,1
2024-01-16 23:00:00,0.0,23.87,2.07,99.94,Sul,-28.0,-52.0,23,1
2024-01-17 00:00:00,0.0,23.64,2.37,100.0,Sul,-28.0,-52.0,0,1
2024-01-17 01:00:00,0.0,23.2,1.77,100.0,Sul,-28.0,-52.0,1,1
2024-01-17 02:00:00,0.0,22.9,1.42,100.0,Sul,-28.0,-52.0,2,1
2024-01-17 03:00:00,0.0,22.88,2.34,100.0,Sul,-28.0,-52.0,3,1
2024-01-17 04:00:00,0.0,22.74,2.16,100.0,Sul,-28.0,-52.0,4,1
2024-01-17 05:00:00,0.0,22.6,1.94,100.0,Sul,-28.0,-52.0,5,1
2024-01-17 06:00:00,25.05,22.84,1.67,100.0,Sul,-28.0,-52.0,6,1
2024-01-17 07:00:00,62.12,23.45,2.03,100.0,Sul,-28.0,-52.0,7,1
2024-01-17 08:00:00,48.35,24.34,1.86,100.0,Sul,-28.0,-52.0,8,1
2024-01-17 09:00:00,44.62,25.09,2.14,100.0,Sul,-28.0,-52.0,9,1
2024-01-17 10:00:00,39.58,25.86,2.37,100.0,Sul,-28.0,-52.0,10,1
2024-01-17 11:00:00,73.35,26.1,2.08,99.63,Sul,-28.0,-52.0,11,1
2024-01-17 12:00:00,94.93,25.95,1.97,100.0,Sul,-28.0,-52.0,12,1
2024-01-17 13:00:00,174.3,25.99,1.98,98.93,Sul,-28.0,-52.0,13,1
2024-01-17 14:00:00,317.77,26.03,1.95,100.0,Sul,-28.0,-52.0,14,1
2024-01-17 15:00:00,307.08,26.39,2.09,100.0,Sul,-28.0,-52.0,15,1
2024-01-17 16:00:00,143.93,26.1,2.08,100.0,Sul,-28.0,-52.0,16,1
2024-01-17 17:00:00,61.58,25.73,2.0,100.0,Sul,-28.0,-52.0,17,1
2024-01-17 18:00:00,28.05,24.63,2.02,100.0,Sul,-28.0,-52.0,18,1
2024-01-17 19:00:00,1.92,23.48,2.57,99.56,Sul,-28.0,-52.0,19,1
2024-01-17 20:00:00,0.0,23.09,2.55,100.0,Sul,-28.0,-52.0,20,1
2024-01-17 21:00:00,0.0,22.85,2.85,100.0,Sul,-28.0,-52.0,21,1
2024-01-17 22:00:00,0.0,22.62,2.98,99.25,Sul,-28.0,-52.0,22,1
2024-01-17 23:00:00,0.0,22.33,2.81,99.46,Sul,-28.0,-52.0,23,1
2024-01-18 00:00:00,0.0,21.85,2.34,99.32,Sul,-28.0,-52.0,0,1
2024-01-18 01:00:00,0.0,21.62,2.3,98.32,Sul,-28.0,-52.0,1,1
2024-01-18 02:00:00,0.0,21.38,2.68,98.98,Sul,-28.0,-52.0,2,1
2024-01-18 03:00:00,0.0,21.12,1.96,97.36,Sul,-28.0,-52.0,3,1
2024-01-18 04:00:00,0.0,20.92,2.24,99.54,Sul,-28.0,-52.0,4,1
2024-01-18 05:00:00,0.0,20.86,2.4,98.99,Sul,-28.0,-52.0,5,1
2024-01-18 06:00:00,33.42,21.31,2.28,99.77,Sul,-28.0,-52.0,6,1
2024-01-18 07:00:00,96.12,22.54,2.16,99.87,Sul,-28.0,-52.0,7,1
2024-01-18 08:00:00,155.32,23.8,2.79,99.03,Sul,-28.0,-52.0,8,1
2024-01-18 09:00:00,215.25,24.43,2.75,99.04,Sul,-28.0,-52.0,9,1
2024-01-18 10:00:00,199.7,26.48,2.51,99.52,Sul,-28.0,-52.0,10,1
2024-01-18 11:00:00,236.18,28.08,2.5,98.84,Sul,-28.0,-52.0,11,1
2024-01-18 12:00:00,222.6,28.29,2.47,100.0,Sul,-28.0,-52.0,12,1
2024-01-18 13:00:00,109.18,27.7,2.55,99.83,Sul,-28.0,-52.0,13,1
2024-01-18 14:00:00,80.07,27.49,2.46,99.4,Sul,-28.0,-52.0,14,1
2024-01-18 15:00:00,94.75,28.47,2.14,99.3,Sul,-28.0,-52.0,15,1
2024-01-18 16:00:00,39.38,28.8,2.02,99.99,Sul,-28.0,-52.0,16,1
2024-01-18 17:00:00,21.35,27.8,1.75,99.57,Sul,-28.0,-52.0,17,1
2024-01-18 18:00:00,11.2,26.19,1.67,100.0,Sul,-28.0,-52.0,18,1
2024-01-18 19:00:00,1.08,24.45,1.86,99.23,Sul,-28.0,-52.0,19,1
2024-01-18 20:00:00,0.0,23.77,2.07,99.62,Sul,-28.0,-52.0,20,1
2024-01-18 21:00:00,0.0,23.27,1.7,99.24,Sul,-28.0,-52.0,21,1
2024-01-18 22:00:00,0.0,22.74,1.15,99.42,Sul,-28.0,-52.0,22,1
2024-01-18 23:00:00,0.0,22.22,1.02,97.46,Sul,-28.0,-52.0,23,1
2024-01-19 00:00:00,0.0,21.86,1.04,99.1,Sul,-28.0,-52.0,0,1
2024-01-19 01:00:00,0.0,21.58,1.08,93.15,Sul,-28.0,-52.0,1,1
2024-01-19 02:00:00,0.0,21.31,1.09,82.67,Sul,-28.0,-52.0,2,1
2024-01-19 03:00:00,0.0,21.08,1.11,67.47,Sul,-28.0,-52.0,3,1
2024-01-19 04:00:00,0.0,20.8,1.02,87.04,Sul,-28.0,-52.0,4,1
2024-01-19 05:00:00,0.0,20.64,1.02,80.12,Sul,-28.0,-52.0,5,1
2024-01-19 06:00:00,56.35,21.73,1.41,74.17,Sul,-28.0,-52.0,6,1
2024-01-19 07:00:00,194.48,22.85,1.74,64.97,Sul,-28.0,-52.0,7,1
2024-01-19 08:00:00,370.27,24.31,2.36,56.89,Sul,-28.0,-52.0,8,1
2024-01-19 09:00:00,469.88,26.55,2.89,75.34,Sul,-28.0,-52.0,9,1
2024-01-19 10:00:00,664.78,28.28,2.98,66.99,Sul,-28.0,-52.0,10,1
2024-01-19 11:00:00,762.42,29.49,3.06,64.18,Sul,-28.0,-52.0,11,1
2024-01-19 12:00:00,897.67,30.23,3.37,58.14,Sul,-28.0,-52.0,12,1
2024-01-19 13:00:00,792.08,30.46,3.71,57.47,Sul,-28.0,-52.0,13,1
2024-01-19 14:00:00,677.45,30.22,3.9,68.21,Sul,-28.0,-52.0,14,1
2024-01-19 15:00:00,568.08,29.63,3.85,66.18,Sul,-28.0,-52.0,15,1
2024-01-19 16:00:00,419.02,28.71,3.53,65.03,Sul,-28.0,-52.0,16,1
2024-01-19 17:00:00,246.43,27.37,2.75,65.43,Sul,-28.0,-52.0,17,1
2024-01-19 18:00:00,89.5,25.6,1.87,65.3,Sul,-28.0,-52.0,18,1
2024-01-19 19:00:00,4.1,23.32,1.51,65.18,Sul,-28.0,-52.0,19,1
2024-01-19 20:00:00,0.0,22.8,1.57,60.59,Sul,-28.0,-52.0,20,1
2024-01-19 21:00:00,0.0,22.44,1.48,32.07,Sul,-28.0,-52.0,21,1
2024-01-19 22:00:00,0.0,22.05,1.43,13.22,Sul,-28.0,-52.0,22,1
2024-01-19 23:00:00,0.0,21.72,1.38,0.48,Sul,-28.0,-52.0,23,1
2024-01-20 00:00:00,0.0,21.53,1.32,1.44,Sul,-28.0,-52.0,0,1
2024-01-20 01:00:00,0.0,21.04,1.11,10.41,Sul,-28.0,-52.0,1,1
2024-01-20 02:00:00,0.0,20.75,1.12,23.21,Sul,-28.0,-52.0,2,1
2024-01-20 03:00:00,0.0,20.77,1.29,80.87,Sul,-28.0,-52.0,3,1
2024-01-20 04:00:00,0.0,20.57,1.32,79.34,Sul,-28.0,-52.0,4,1
2024-01-20 05:00:00,0.0,20.31,1.33,71.28,Sul,-28.0,-52.0,5,1
2024-01-20 06:00:00,69.45,21.21,1.75,52.3,Sul,-28.0,-52.0,6,1
2024-01-20 07:00:00,254.7,22.71,2.2,38.92,Sul,-28.0,-52.0,7,1
2024-01-20 08:00:00,487.02,24.59,2.48,26.7,Sul,-28.0,-52.0,8,1
2024-01-20 09:00:00,743.0,26.21,2.69,3.83,Sul,-28.0,-52.0,9,1
2024-01-20 10:00:00,841.0,27.58,2.92,25.56,Sul,-28.0,-52.0,10,1
2024-01-20 11:00:00,819.5,28.73,3.14,64.85,Sul,-28.0,-52.0,11,1
2024-01-20 12:00:00,907.22,29.4,3.22,55.38,Sul,-28.0,-52.0,12,1
2024-01-20 13:00:00,882.33,29.66,3.13,38.05,Sul,-28.0,-52.0,13,1
2024-01-20 14:00:00,783.72,29.57,2.87,54.08,Sul,-28.0,-52.0,14,1
2024-01-20 15:00:00,622.88,29.06,2.74,63.37,Sul,-28.0,-52.0,15,1
2024-01-20 16:00:00,401.5,28.04,2.67,61.54,Sul,-28.0,-52.0,16,1
2024-01-20 17:00:00,251.52,26.59,2.46,52.94,Sul,-28.0,-52.0,17,1
2024-01-20 18:00:00,100.18,24.5,2.0,43.43,Sul,-28.0,-52.0,18,1
2024-01-20 19:00:00,4.6,22.15,1.96,22.75,Sul,-28.0,-52.0,19,1
2024-01-20 20:00:00,0.0,21.07,2.24,10.05,Sul,-28.0,-52.0,20,1
2024-01-20 21:00:00,0.0,20.38,2.51,2.87,Sul,-28.0,-52.0,21,1
2024-01-20 22:00:00,0.0,19.84,2.44,4.31,Sul,-28.0,-52.0,22,1
2024-01-20 23:00:00,0.0,19.39,2.32,14.29,Sul,-28.0,-52.0,23,1
2024-01-21 00:00:00,0.0,19.04,1.97,34.83,Sul,-28.0,-52.0,0,1
2024-01-21 01:00:00,0.0,18.74,1.68,21.2,Sul,-28.0,-52.0,1,1
2024-01-21 02:00:00,0.0,18.47,1.55,31.56,Sul,-28.0,-52.0,2,1
2024-01-21 03:00:00,0.0,18.25,1.54,37.78,Sul,-28.0,-52.0,3,1
2024-01-21 04:00:00,0.0,18.03,1.41,30.57,Sul,-28.0,-52.0,4,1
2024-01-21 05:00:00,0.0,17.82,1.38,48.28,Sul,-28.0,-52.0,5,1
2024-01-21 06:00:00,67.12,18.49,1.83,63.37,Sul,-28.0,-52.0,6,1
2024-01-21 07:00:00,204.43,19.71,2.1,70.67,Sul,-28.0,-52.0,7,1
2024-01-21 08:00:00,356.95,21.34,2.21,78.01,Sul,-28.0,-52.0,8,1
2024-01-21 09:00:00,528.25,24.02,1.89,68.01,Sul,-28.0,-52.0,9,1
2024-01-21 10:00:00,710.1,26.16,1.51,69.63,Sul,-28.0,-52.0,10,1
2024-01-21 11:00:00,941.8,27.53,1.32,39.44,Sul,-28.0,-52.0,11,1
2024-01-21 12:00:00,1035.53,28.84,1.3,24.28,Sul,-28.0,-52.0,12,1
2024-01-21 13:00:00,974.22,29.33,1.36,23.65,Sul,-28.0,-52.0,13,1
2024-01-21 14:00:00,842.83,29.55,1.49,51.73,Sul,-28.0,-52.0,14,1
2024-01-21 15:00:00,726.92,29.15,1.66,40.05,Sul,-28.0,-52.0,15,1
2024-01-21 16:00:00,542.88,27.85,1.77,33.06,Sul,-28.0,-52.0,16,1
2024-01-21 17:00:00,307.77,26.34,1.76,33.17,Sul,-28.0,-52.0,17,1
2024-01-21 18:00:00,113.45,24.1,1.97,34.13,Sul,-28.0,-52.0,18,1
2024-01-21 19:00:00,4.38,22.17,2.49,31.55,Sul,-28.0,-52.0,19,1
2024-01-21 20:00:00,0.0,21.2,2.46,29.49,Sul,-28.0,-52.0,20,1
2024-01-21 21:00:00,0.0,20.7,2.42,90.81,Sul,-28.0,-52.0,21,1
2024-01-21 22:00:00,0.0,20.32,2.56,99.65,Sul,-28.0,-52.0,22,1
2024-01-21 23:00:00,0.0,19.77,2.94,98.02,Sul,-28.0,-52.0,23,1
2024-01-22 00:00:00,0.0,19.08,2.95,89.43,Sul,-28.0,-52.0,0,1
2024-01-22 01:00:00,0.0,18.61,2.93,80.02,Sul,-28.0,-52.0,1,1
2024-01-22 02:00:00,0.0,18.26,2.77,92.93,Sul,-28.0,-52.0,2,1
2024-01-22 03:00:00,0.0,17.95,2.39,63.38,Sul,-28.0,-52.0,3,1
2024-01-22 04:00:00,0.0,17.67,1.95,92.35,Sul,-28.0,-52.0,4,1
2024-01-22 05:00:00,0.0,17.49,1.99,92.89,Sul,-28.0,-52.0,5,1
2024-01-22 06:00:00,36.22,17.73,2.31,95.46,Sul,-28.0,-52.0,6,1
2024-01-22 07:00:00,123.12,18.33,2.57,96.23,Sul,-28.0,-52.0,7,1
2024-01-22 08:00:00,231.55,19.14,2.77,96.66,Sul,-28.0,-52.0,8,1
2024-01-22 09:00:00,348.17,20.56,2.88,97.72,Sul,-28.0,-52.0,9,1
2024-01-22 10:00:00,329.67,22.46,2.84,99.57,Sul,-28.0,-52.0,10,1
2024-01-22 11:00:00,439.45,23.85,2.55,98.0,Sul,-28.0,-52.0,11,1
2024-01-22 12:00:00,424.55,24.53,2.32,99.65,Sul,-28.0,-52.0,12,1
2024-01-22 13:00:00,495.7,24.75,2.19,94.21,Sul,-28.0,-52.0,13,1
2024-01-22 14:00:00,504.8,24.64,2.34,86.12,Sul,-28.0,-52.0,14,1
2024-01-22 15:00:00,579.47,24.5,2.73,73.04,Sul,-28.0,-52.0,15,1
2024-01-22 16:00:00,426.12,23.52,2.92,59.68,Sul,-28.0,-52.0,16,1
2024-01-22 17:00:00,234.52,22.26,2.8,69.0,Sul,-28.0,-52.0,17,1
2024-01-22 18:00:00,86.28,20.65,2.41,75.69,Sul,-28.0,-52.0,18,1
2024-01-22 19:00:00,2.9,19.27,2.49,90.48,Sul,-28.0,-52.0,19,1
2024-01-22 20:00:00,0.0,18.65,2.77,99.33,Sul,-28.0,-52.0,20,1
2024-01-22 21:00:00,0.0,18.18,2.79,89.06,Sul,-28.0,-52.0,21,1
2024-01-22 22:00:00,0.0,17.86,2.51,99.25,Sul,-28.0,-52.0,22,1
2024-01-22 23:00:00,0.0,17.58,2.41,88.24,Sul,-28.0,-52.0,23,1
2024-01-23 00:00:00,0.0,17.31,2.22,82.98,Sul,-28.0,-52.0,0,1
2024-01-23 01:00:00,0.0,17.03,2.14,45.45,Sul,-28.0,-52.0,1,1
2024-01-23 02:00:00,0.0,16.81,2.09,57.22,Sul,-28.0,-52.0,2,1
2024-01-23 03:00:00,0.0,16.56,2.11,27.74,Sul,-28.0,-52.0,3,1
2024-01-23 04:00:00,0.0,16.32,2.15,37.78,Sul,-28.0,-52.0,4,1
2024-01-23 05:00:00,0.0,16.13,2.23,20.5,Sul,-28.0,-52.0,5,1
2024-01-23 06:00:00,61.67,16.39,2.24,46.64,Sul,-28.0,-52.0,6,1
2024-01-23 07:00:00,199.27,17.26,2.42,67.64,Sul,-28.0,-52.0,7,1
2024-01-23 08:00:00,342.7,18.52,2.79,86.62,Sul,-28.0,-52.0,8,1
2024-01-23 09:00:00,447.5,19.88,2.9,98.57,Sul,-28.0,-52.0,9,1
2024-01-23 10:00:00,478.7,21.22,2.74,99.04,Sul,-28.0,-52.0,10,1
2024-01-23 11:00:00,575.7,23.11,2.65,99.37,Sul,-28.0,-52.0,11,1
2024-01-23 12:00:00,572.55,24.73,2.69,98.6,Sul,-28.0,-52.0,12,1
2024-01-23 13:00:00,574.75,25.01,2.75,97.04,Sul,-28.0,-52.0,13,1
2024-01-23 14:00:00,467.55,24.49,2.76,94.75,Sul,-28.0,-52.0,14,1
2024-01-23 15:00:00,368.95,23.26,2.76,98.15,Sul,-28.0,-52.0,15,1
2024-01-23 16:00:00,235.32,22.53,2.83,98.5,Sul,-28.0,-52.0,16,1
2024-01-23 17:00:00,126.38,21.43,2.56,98.96,Sul,-28.0,-52.0,17,1
2024-01-23 18:00:00,45.33,19.72,2.2,99.57,Sul,-28.0,-52.0,18,1
2024-01-23 19:00:00,2.2,18.12,2.33,99.87,Sul,-28.0,-52.0,19,1
2024-01-23 20:00:00,0.0,17.32,2.49,99.68,Sul,-28.0,-52.0,20,1
2024-01-23 21:00:00,0.0,16.8,2.6,99.49,Sul,-28.0,-52.0,21,1
2024-01-23 22:00:00,0.0,16.18,2.55,99.82,Sul,-28.0,-52.0,22,1
2024-01-23 23:00:00,0.0,15.52,2.44,95.05,Sul,-28.0,-52.0,23,1
2024-01-24 00:00:00,0.0,14.96,2.23,91.06,Sul,-28.0,-52.0,0,1
2024-01-24 01:00:00,0.0,14.54,2.05,79.82,Sul,-28.0,-52.0,1,1
2024-01-24 02:00:00,0.0,14.2,1.95,98.71,Sul,-28.0,-52.0,2,1
2024-01-24 03:00:00,0.0,13.94,1.86,97.75,Sul,-28.0,-52.0,3,1
2024-01-24 04:00:00,0.0,13.71,1.73,93.56,Sul,-28.0,-52.0,4,1
2024-01-24 05:00:00,0.0,13.51,1.62,84.41,Sul,-28.0,-52.0,5,1
2024-01-24 06:00:00,42.92,14.42,1.98,89.11,Sul,-28.0,-52.0,6,1
2024-01-24 07:00:00,156.75,16.39,2.39,91.59,Sul,-28.0,-52.0,7,1
2024-01-24 08:00:00,323.27,18.44,2.77,93.39,Sul,-28.0,-52.0,8,1
2024-01-24 09:00:00,351.52,20.35,2.72,98.95,Sul,-28.0,-52.0,9,1
2024-01-24 10:00:00,443.75,22.0,2.46,99.04,Sul,-28.0,-52.0,10,1
2024-01-24 11:00:00,555.47,23.31,2.16,98.82,Sul,-28.0,-52.0,11,1
2024-01-24 12:00:00,662.45,24.13,1.86,93.41,Sul,-28.0,-52.0,12,1
2024-01-24 13:00:00,790.8,24.42,1.72,80.62,Sul,-28.0,-52.0,13,1
2024-01-24 14:00:00,836.62,23.97,1.81,40.3,Sul,-28.0,-52.0,14,1
2024-01-24 15:00:00,658.12,23.19,1.93,55.86,Sul,-28.0,-52.0,15,1
2024-01-24 16:00:00,483.4,22.52,2.02,54.12,Sul,-28.0,-52.0,16,1
2024-01-24 17:00:00,289.58,21.52,1.86,52.17,Sul,-28.0,-52.0,17,1
2024-01-24 18:00:00,105.7,19.76,1.53,49.87,Sul,-28.0,-52.0,18,1
2024-01-24 19:00:00,4.0,17.73,1.84,47.5,Sul,-28.0,-52.0,19,1
2024-01-24 20:00:00,0.0,16.96,2.13,44.32,Sul,-28.0,-52.0,20,1
2024-01-24 21:00:00,0.0,16.36,1.97,26.76,Sul,-28.0,-52.0,21,1
2024-01-24 22:00:00,0.0,15.91,1.85,13.31,Sul,-28.0,-52.0,22,1
2024-01-24 23:00:00,0.0,15.5,1.75,31.81,Sul,-28.0,-52.0,23,1
2024-01-25 00:00:00,0.0,15.13,1.73,31.39,Sul,-28.0,-52.0,0,1
2024-01-25 01:00:00,0.0,14.71,1.67,11.49,Sul,-28.0,-52.0,1,1
2024-01-25 02:00:00,0.0,14.28,1.62,13.32,Sul,-28.0,-52.0,2,1
2024-01-25 03:00:00,0.0,13.87,1.57,8.57,Sul,-28.0,-52.0,3,1
2024-01-25 04:00:00,0.0,13.51,1.55,5.71,Sul,-28.0,-52.0,4,1
2024-01-25 05:00:00,0.0,13.18,1.6,8.1,Sul,-28.0,-52.0,5,1
2024-01-25 06:00:00,64.4,13.74,2.02,24.89,Sul,-28.0,-52.0,6,1
2024-01-25 07:00:00,237.7,15.61,2.53,38.43,Sul,-28.0,-52.0,7,1
2024-01-25 08:00:00,431.42,18.34,3.23,49.1,Sul,-28.0,-52.0,8,1
2024-01-25 09:00:00,568.2,20.68,3.25,74.36,Sul,-28.0,-52.0,9,1
2024-01-25 10:00:00,515.12,22.39,3.03,93.98,Sul,-28.0,-52.0,10,1
2024-01-25 11:00:00,532.85,23.33,2.83,95.06,Sul,-28.0,-52.0,11,1
2024-01-25 12:00:00,596.28,23.94,2.72,95.74,Sul,-28.0,-52.0,12,1
2024-01-25 13:00:00,775.92,24.43,2.69,60.78,Sul,-28.0,-52.0,13,1
2024-01-25 14:00:00,727.4,24.75,2.63,63.72,Sul,-28.0,-52.0,14,1
2024-01-25 15:00:00,606.67,24.37,2.51,67.58,Sul,-28.0,-52.0,15,1
2024-01-25 16:00:00,473.35,22.85,2.13,64.7,Sul,-28.0,-52.0,16,1
2024-01-25 17:00:00,286.23,21.88,2.01,58.71,Sul,-28.0,-52.0,17,1
2024-01-25 18:00:00,102.47,19.93,1.93,53.23,Sul,-28.0,-52.0,18,1
2024-01-25 19:00:00,3.7,18.31,2.4,46.42,Sul,-28.0,-52.0,19,1
2024-01-25 20:00:00,0.0,17.48,2.62,39.69,Sul,-28.0,-52.0,20,1
2024-01-25 21:00:00,0.0,16.3,2.37,22.92,Sul,-28.0,-52.0,21,1
2024-01-25 22:00:00,0.0,15.37,2.28,11.02,Sul,-28.0,-52.0,22,1
2024-01-25 23:00:00,0.0,14.45,2.13,15.81,Sul,-28.0,-52.0,23,1
2024-01-26 00:00:00,0.0,13.65,1.87,14.37,Sul,-28.0,-52.0,0,1
2024-01-26 01:00:00,0.0,13.06,1.78,21.85,Sul,-28.0,-52.0,1,1
2024-01-26 02:00:00,0.0,12.84,1.71,27.71,Sul,-28.0,-52.0,2,1
2024-01-26 03:00:00,0.0,12.72,1.61,28.89,Sul,-28.0,-52.0,3,1
2024-01-26 04:00:00,0.0,12.71,1.54,20.33,Sul,-28.0,-52.0,4,1
2024-01-26 05:00:00,0.0,12.54,1.45,9.1,Sul,-28.0,-52.0,5,1
2024-01-26 06:00:00,70.38,13.46,1.59,13.92,Sul,-28.0,-52.0,6,1
2024-01-26 07:00:00,281.05,15.49,1.94,19.17,Sul,-28.0,-52.0,7,1
2024-01-26 08:00:00,512.72,17.57,2.36,23.44,Sul,-28.0,-52.0,8,1
2024-01-26 09:00:00,671.3,19.39,2.44,34.65,Sul,-28.0,-52.0,9,1
2024-01-26 10:00:00,786.53,21.16,2.38,71.96,Sul,-28.0,-52.0,10,1
2024-01-26 11:00:00,775.42,22.48,2.36,87.04,Sul,-28.0,-52.0,11,1
2024-01-26 12:00:00,828.92,22.94,2.39,88.5,Sul,-28.0,-52.0,12,1
2024-01-26 13:00:00,796.72,23.09,2.53,70.68,Sul,-28.0,-52.0,13,1
2024-01-26 14:00:00,607.4,22.81,2.61,85.85,Sul,-28.0,-52.0,14,1
2024-01-26 15:00:00,462.67,21.86,2.42,94.98,Sul,-28.0,-52.0,15,1
2024-01-26 16:00:00,325.67,20.56,2.06,93.59,Sul,-28.0,-52.0,16,1
2024-01-26 17:00:00,196.7,19.17,1.72,92.4,Sul,-28.0,-52.0,17,1
2024-01-26 18:00:00,73.72,17.85,1.48,90.36,Sul,-28.0,-52.0,18,1
2024-01-26 19:00:00,3.12,16.97,1.61,87.67,Sul,-28.0,-52.0,19,1
2024-01-26 20:00:00,0.0,16.74,1.75,85.39,Sul,-28.0,-52.0,20,1
2024-01-26 21:00:00,0.0,16.42,1.87,65.95,Sul,-28.0,-52.0,21,1
2024-01-26 22:00:00,0.0,16.12,1.92,46.26,Sul,-28.0,-52.0,22,1
2024-01-26 23:00:00,0.0,15.75,1.82,17.28,Sul,-28.0,-52.0,23,1
2024-01-27 00:00:00,0.0,15.28,1.71,10.32,Sul,-28.0,-52.0,0,1
2024-01-27 01:00:00,0.0,14.76,1.63,8.59,Sul,-28.0,-52.0,1,1
2024-01-27 02:00:00,0.0,14.32,1.58,13.36,Sul,-28.0,-52.0,2,1
2024-01-27 03:00:00,0.0,13.95,1.5,22.45,Sul,-28.0,-52.0,3,1
2024-01-27 04:00:00,0.0,13.6,1.42,42.48,Sul,-28.0,-52.0,4,1
2024-01-27 05:00:00,0.0,13.3,1.38,43.2,Sul,-28.0,-52.0,5,1
2024-01-27 06:00:00,51.53,13.81,1.69,63.02,Sul,-28.0,-52.0,6,1
2024-01-27 07:00:00,179.55,15.57,1.99,76.16,Sul,-28.0,-52.0,7,1
2024-01-27 08:00:00,301.45,18.32,2.56,89.7,Sul,-28.0,-52.0,8,1
2024-01-27 09:00:00,507.77,21.07,2.54,95.89,Sul,-28.0,-52.0,9,1
2024-01-27 10:00:00,587.7,22.89,2.23,90.65,Sul,-28.0,-52.0,10,1
2024-01-27 11:00:00,656.9,23.94,1.92,94.1,Sul,-28.0,-52.0,11,1
2024-01-27 12:00:00,813.5,23.71,1.67,83.98,Sul,-28.0,-52.0,12,1
2024-01-27 13:00:00,725.75,23.45,1.5,73.04,Sul,-28.0,-52.0,13,1
2024-01-27 14:00:00,430.92,23.34,1.23,99.04,Sul,-28.0,-52.0,14,1
2024-01-27 15:00:00,370.1,23.15,0.99,98.71,Sul,-28.0,-52.0,15,1
2024-01-27 16:00:00,340.77,24.16,0.92,89.43,Sul,-28.0,-52.0,16,1
2024-01-27 17:00:00,193.82,23.58,1.12,92.32,Sul,-28.0,-52.0,17,1
2024-01-27 18:00:00,70.75,20.5,1.17,94.14,Sul,-28.0,-52.0,18,1
2024-01-27 19:00:00,2.47,17.88,1.44,97.94,Sul,-28.0,-52.0,19,1
2024-01-27 20:00:00,0.0,17.21,1.58,99.87,Sul,-28.0,-52.0,20,1
2024-01-27 21:00:00,0.0,16.83,1.59,87.49,Sul,-28.0,-52.0,21,1
2024-01-27 22:00:00,0.0,16.48,1.53,69.89,Sul,-28.0,-52.0,22,1
2024-01-27 23:00:00,0.0,16.19,1.47,62.84,Sul,-28.0,-52.0,23,1
2024-01-28 00:00:00,0.0,16.13,1.52,82.44,Sul,-28.0,-52.0,0,1
2024-01-28 01:00:00,0.0,16.19,1.61,32.12,Sul,-28.0,-52.0,1,1
2024-01-28 02:00:00,0.0,16.18,1.6,39.13,Sul,-28.0,-52.0,2,1
2024-01-28 03:00:00,0.0,16.03,1.52,31.67,Sul,-28.0,-52.0,3,1
2024-01-28 04:00:00,0.0,15.84,1.48,47.93,Sul,-28.0,-52.0,4,1
2024-01-28 05:00:00,0.0,15.73,1.49,58.94,Sul,-28.0,-52.0,5,1
2024-01-28 06:00:00,56.72,16.18,1.79,43.54,Sul,-28.0,-52.0,6,1
2024-01-28 07:00:00,252.25,17.25,1.97,30.26,Sul,-28.0,-52.0,7,1
2024-01-28 08:00:00,486.75,18.82,2.11,18.99,Sul,-28.0,-52.0,8,1
2024-01-28 09:00:00,693.92,20.91,1.94,23.37,Sul,-28.0,-52.0,9,1
2024-01-28 10:00:00,872.5,22.46,1.66,21.48,Sul,-28.0,-52.0,10,1
2024-01-28 11:00:00,871.12,22.83,1.51,49.32,Sul,-28.0,-52.0,11,1
2024-01-28 12:00:00,761.83,22.7,1.46,69.33,Sul,-28.0,-52.0,12,1
2024-01-28 13:00:00,546.5,22.62,1.38,92.69,Sul,-28.0,-52.0,13,1
2024-01-28 14:00:00,403.77,22.06,1.25,93.88,Sul,-28.0,-52.0,14,1
2024-01-28 15:00:00,373.83,22.07,1.02,97.35,Sul,-28.0,-52.0,15,1
2024-01-28 16:00:00,167.3,22.9,1.0,100.0,Sul,-28.0,-52.0,16,1
2024-01-28 17:00:00,128.85,22.1,0.91,99.94,Sul,-28.0,-52.0,17,1
2024-01-28 18:00:00,49.22,20.57,0.9,99.82,Sul,-28.0,-52.0,18,1
2024-01-28 19:00:00,2.17,19.15,1.32,96.25,Sul,-28.0,-52.0,19,1
2024-01-28 20:00:00,0.0,17.64,1.7,96.0,Sul,-28.0,-52.0,20,1
2024-01-28 21:00:00,0.0,16.45,1.86,77.45,Sul,-28.0,-52.0,21,1
2024-01-28 22:00:00,0.0,15.61,1.65,46.78,Sul,-28.0,-52.0,22,1
2024-01-28 23:00:00,0.0,15.02,1.46,19.53,Sul,-28.0,-52.0,23,1
2024-01-29 00:00:00,0.0,14.72,1.55,8.09,Sul,-28.0,-52.0,0,1
2024-01-29 01:00:00,0.0,14.86,1.47,8.83,Sul,-28.0,-52.0,1,1
2024-01-29 02:00:00,0.0,14.88,1.43,11.46,Sul,-28.0,-52.0,2,1
2024-01-29 03:00:00,0.0,14.62,1.37,16.26,Sul,-28.0,-52.0,3,1
2024-01-29 04:00:00,0.0,14.28,1.28,21.03,Sul,-28.0,-52.0,4,1
2024-01-29 05:00:00,0.0,14.23,1.15,25.34,Sul,-28.0,-52.0,5,1
2024-01-29 06:00:00,51.28,15.91,1.09,24.7,Sul,-28.0,-52.0,6,1
2024-01-29 07:00:00,234.38,17.97,0.59,24.38,Sul,-28.0,-52.0,7,1
2024-01-29 08:00:00,453.65,20.86,1.16,23.24,Sul,-28.0,-52.0,8,1
2024-01-29 09:00:00,697.6,23.33,1.57,5.9,Sul,-28.0,-52.0,9,1
2024-01-29 10:00:00,878.75,24.83,1.81,0.96,Sul,-28.0,-52.0,10,1
2024-01-29 11:00:00,955.17,25.85,1.97,18.78,Sul,-28.0,-52.0,11,1
2024-01-29 12:00:00,1016.3,26.61,2.18,33.55,Sul,-28.0,-52.0,12,1
2024-01-29 13:00:00,930.38,26.78,2.38,42.39,Sul,-28.0,-52.0,13,1
2024-01-29 14:00:00,824.8,26.62,2.47,34.89,Sul,-28.0,-52.0,14,1
2024-01-29 15:00:00,716.4,26.22,2.45,32.97,Sul,-28.0,-52.0,15,1
2024-01-29 16:00:00,570.25,25.44,2.31,7.93,Sul,-28.0,-52.0,16,1
2024-01-29 17:00:00,343.42,24.19,1.8,6.66,Sul,-28.0,-52.0,17,1
2024-01-29 18:00:00,128.9,22.09,1.32,6.02,Sul,-28.0,-52.0,18,1
2024-01-29 19:00:00,0.0,19.14,1.51,2.87,Sul,-28.0,-52.0,19,1
2024-01-29 20:00:00,0.0,18.48,1.57,1.44,Sul,-28.0,-52.0,20,1
2024-01-29 21:00:00,0.0,17.87,1.63,1.32,Sul,-28.0,-52.0,21,1
2024-01-29 22:00:00,0.0,17.41,1.5,1.2,Sul,-28.0,-52.0,22,1
2024-01-29 23:00:00,0.0,16.98,1.35,1.08,Sul,-28.0,-52.0,23,1
2024-01-30 00:00:00,0.0,16.51,1.32,0.96,Sul,-28.0,-52.0,0,1
2024-01-30 01:00:00,0.0,16.13,1.43,3.24,Sul,-28.0,-52.0,1,1
2024-01-30 02:00:00,0.0,15.85,1.64,4.78,Sul,-28.0,-52.0,2,1
2024-01-30 03:00:00,0.0,15.61,1.65,16.24,Sul,-28.0,-52.0,3,1
2024-01-30 04:00:00,0.0,15.46,1.64,21.5,Sul,-28.0,-52.0,4,1
2024-01-30 05:00:00,0.0,15.42,1.58,32.99,Sul,-28.0,-52.0,5,1
2024-01-30 06:00:00,57.92,17.16,1.2,29.51,Sul,-28.0,-52.0,6,1
2024-01-30 07:00:00,261.4,19.71,0.62,23.54,Sul,-28.0,-52.0,7,1
2024-01-30 08:00:00,490.95,23.17,1.01,20.09,Sul,-28.0,-52.0,8,1
2024-01-30 09:00:00,733.15,25.18,1.33,3.83,Sul,-28.0,-52.0,9,1
2024-01-30 10:00:00,905.33,26.52,1.43,5.16,Sul,-28.0,-52.0,10,1
2024-01-30 11:00:00,1008.22,27.52,1.63,11.64,Sul,-28.0,-52.0,11,1
2024-01-30 12:00:00,1049.78,28.3,1.93,15.0,Sul,-28.0,-52.0,12,1
2024-01-30 13:00:00,1004.33,28.59,2.26,24.28,Sul,-28.0,-52.0,13,1
2024-01-30 14:00:00,909.55,28.33,2.44,13.7,Sul,-28.0,-52.0,14,1
2024-01-30 15:00:00,746.62,27.84,2.57,26.27,Sul,-28.0,-52.0,15,1
2024-01-30 16:00:00,550.22,26.89,2.51,16.35,Sul,-28.0,-52.0,16,1
2024-01-30 17:00:00,331.95,25.39,2.03,13.51,Sul,-28.0,-52.0,17,1
2024-01-30 18:00:00,123.57,23.06,1.51,10.55,Sul,-28.0,-52.0,18,1
2024-01-30 19:00:00,0.0,20.23,1.66,5.01,Sul,-28.0,-52.0,19,1
2024-01-30 20:00:00,0.0,19.47,1.66,0.48,Sul,-28.0,-52.0,20,1
2024-01-30 21:00:00,0.0,18.92,1.66,0.64,Sul,-28.0,-52.0,21,1
2024-01-30 22:00:00,0.0,18.35,1.68,0.8,Sul,-28.0,-52.0,22,1
2024-01-30 23:00:00,0.0,17.76,1.64,0.96,Sul,-28.0,-52.0,23,1
2024-01-31 00:00:00,0.0,17.08,1.59,0.96,Sul,-28.0,-52.0,0,1
2024-01-31 01:00:00,0.0,16.38,1.54,0.96,Sul,-28.0,-52.0,1,1
2024-01-31 02:00:00,0.0,15.76,1.51,0.96,Sul,-28.0,-52.0,2,1
2024-01-31 03:00:00,0.0,15.3,1.51,1.44,Sul,-28.0,-52.0,3,1
2024-01-31 04:00:00,0.0,15.01,1.48,7.61,Sul,-28.0,-52.0,4,1
2024-01-31 05:00:00,0.0,14.73,1.39,29.63,Sul,-28.0,-52.0,5,1
2024-01-31 06:00:00,56.45,16.58,1.62,29.7,Sul,-28.0,-52.0,6,1
2024-01-31 07:00:00,249.6,19.28,1.35,26.92,Sul,-28.0,-52.0,7,1
2024-01-31 08:00:00,468.58,22.87,1.16,24.27,Sul,-28.0,-52.0,8,1
2024-01-31 09:00:00,726.28,25.45,0.7,8.23,Sul,-28.0,-52.0,9,1
2024-01-31 10:00:00,913.53,27.47,0.27,0.48,Sul,-28.0,-52.0,10,1
2024-01-31 11:00:00,1025.8,29.09,0.39,2.39,Sul,-28.0,-52.0,11,1
2024-01-31 12:00:00,1056.1,30.05,0.95,9.21,Sul,-28.0,-52.0,12,1
2024-01-31 13:00:00,1021.53,30.28,1.45,12.18,Sul,-28.0,-52.0,13,1
2024-01-31 14:00:00,901.4,30.02,1.81,24.1,Sul,-28.0,-52.0,14,1
2024-01-31 15:00:00,749.55,29.22,2.1,22.14,Sul,-28.0,-52.0,15,1
2024-01-31 16:00:00,572.5,27.88,2.27,5.2,Sul,-28.0,-52.0,16,1
2024-01-31 17:00:00,341.17,26.1,2.15,4.47,Sul,-28.0,-52.0,17,1
2024-01-31 18:00:00,126.12,23.23,2.11,2.71,Sul,-28.0,-52.0,18,1
2024-01-31 19:00:00,0.0,20.61,2.33,0.96,Sul,-28.0,-52.0,19,1
2024-01-31 20:00:00,0.0,19.77,2.46,0.96,Sul,-28.0,-52.0,20,1
2024-01-31 21:00:00,0.0,19.17,2.34,1.91,Sul,-28.0,-52.0,21,1
2024-01-31 22:00:00,0.0,18.45,1.97,0.48,Sul,-28.0,-52.0,22,1
2024-01-31 23:00:00,0.0,17.8,1.73,0.96,Sul,-28.0,-52.0,23,1
2024-01-01 00:00:00,0.0,25.93,1.19,100.0,Norte,-5.0,-60.0,0,1
2024-01-01 01:00:00,0.0,25.55,1.28,88.76,Norte,-5.0,-60.0,1,1
2024-01-01 02:00:00,0.0,25.08,1.39,96.68,Norte,-5.0,-60.0,2,1
2024-01-01 03:00:00,0.0,24.65,1.44,99.89,Norte,-5.0,-60.0,3,1
2024-01-01 04:00:00,0.0,24.3,1.46,99.92,Norte,-5.0,-60.0,4,1
2024-01-01 05:00:00,0.0,24.12,1.42,100.0,Norte,-5.0,-60.0,5,1
2024-01-01 06:00:00,47.95,24.59,1.0,98.42,Norte,-5.0,-60.0,6,1
2024-01-01 07:00:00,161.23,25.96,0.46,97.37,Norte,-5.0,-60.0,7,1
2024-01-01 08:00:00,320.27,27.44,0.65,95.93,Norte,-5.0,-60.0,8,1
2024-01-01 09:00:00,479.75,28.83,0.77,99.54,Norte,-5.0,-60.0,9,1
2024-01-01 10:00:00,636.1,29.75,0.75,99.08,Norte,-5.0,-60.0,10,1
2024-01-01 11:00:00,641.78,30.28,0.68,98.26,Norte,-5.0,-60.0,11,1
2024-01-01 12:00:00,745.22,30.54,0.63,51.31,Norte,-5.0,-60.0,12,1
2024-01-01 13:00:00,601.97,30.55,0.57,84.8,Norte,-5.0,-60.0,13,1
2024-01-01 14:00:00,503.67,30.14,0.48,80.88,Norte,-5.0,-60.0,14,1
2024-01-01 15:00:00,352.17,29.61,0.32,86.64,Norte,-5.0,-60.0,15,1
2024-01-01 16:00:00,196.23,29.06,0.16,89.6,Norte,-5.0,-60.0,16,1
2024-01-01 17:00:00,60.03,28.51,0.22,93.67,Norte,-5.0,-60.0,17,1
2024-01-01 18:00:00,0.0,27.98,0.27,98.85,Norte,-5.0,-60.0,18,1
2024-01-01 19:00:00,0.0,27.77,0.4,95.47,Norte,-5.0,-60.0,19,1
2024-01-01 20:00:00,0.0,27.69,0.67,98.86,Norte,-5.0,-60.0,20,1
2024-01-01 21:00:00,0.0,27.44,0.8,99.59,Norte,-5.0,-60.0,21,1
2024-01-01 22:00:00,0.0,27.1,0.94,100.0,Norte,-5.0,-60.0,22,1
2024-01-01 23:00:00,0.0,26.82,0.99,100.0,Norte,-5.0,-60.0,23,1
2024-01-02 00:00:00,0.0,26.66,0.93,96.88,Norte,-5.0,-60.0,0,1
2024-01-02 01:00:00,0.0,26.55,0.86,99.43,Norte,-5.0,-60.0,1,1
2024-01-02 02:00:00,0.0,26.4,0.83,98.92,Norte,-5.0,-60.0,2,1
2024-01-02 03:00:00,0.0,26.12,0.93,99.16,Norte,-5.0,-60.0,3,1
2024-01-02 04:00:00,0.0,25.86,1.01,99.46,Norte,-5.0,-60.0,4,1
2024-01-02 05:00:00,0.0,25.76,0.96,90.17,Norte,-5.0,-60.0,5,1
2024-01-02 06:00:00,57.42,25.81,0.83,93.52,Norte,-5.0,-60.0,6,1
2024-01-02 07:00:00,181.1,26.17,0.52,95.76,Norte,-5.0,-60.0,7,1
2024-01-02 08:00:00,335.42,26.73,0.42,98.22,Norte,-5.0,-60.0,8,1
2024-01-02 09:00:00,515.72,27.94,0.6,97.84,Norte,-5.0,-60.0,9,1
2024-01-02 10:00:00,682.22,29.07,0.79,91.47,Norte,-5.0,-60.0,10,1
2024-01-02 11:00:00,726.15,29.58,0.89,92.24,Norte,-5.0,-60.0,11,1
2024-01-02 12:00:00,690.3,29.9,0.91,91.44,Norte,-5.0,-60.0,12,1
2024-01-02 13:00:00,628.5,29.89,0.9,93.78,Norte,-5.0,-60.0,13,1
2024-01-02 14:00:00,463.15,29.56,0.86,99.12,Norte,-5.0,-60.0,14,1
2024-01-02 15:00:00,342.95,29.04,0.69,97.82,Norte,-5.0,-60.0,15,1
2024-01-02 16:00:00,185.32,28.46,0.46,95.85,Norte,-5.0,-60.0,16,1
2024-01-02 17:00:00,56.25,27.82,0.41,96.35,Norte,-5.0,-60.0,17,1
2024-01-02 18:00:00,0.0,27.02,0.67,97.1,Norte,-5.0,-60.0,18,1
2024-01-02 19:00:00,0.0,26.38,0.97,97.92,Norte,-5.0,-60.0,19,1
2024-01-02 20:00:00,0.0,25.99,0.92,98.06,Norte,-5.0,-60.0,20,1
2024-01-02 21:00:00,0.0,25.85,0.86,99.45,Norte,-5.0,-60.0,21,1
2024-01-02 22:00:00,0.0,25.63,0.82,100.0,Norte,-5.0,-60.0,22,1
2024-01-02 23:00:00,0.0,25.42,0.69,99.71,Norte,-5.0,-60.0,23,1
2024-01-03 00:00:00,0.0,25.21,0.87,91.13,Norte,-5.0,-60.0,0,1
2024-01-03 01:00:00,0.0,24.99,0.99,99.88,Norte,-5.0,-60.0,1,1
2024-01-03 02:00:00,0.0,24.81,1.06,99.97,Norte,-5.0,-60.0,2,1
2024-01-03 03:00:00,0.0,24.66,1.21,99.88,Norte,-5.0,-60.0,3,1
2024-01-03 04:00:00,0.0,24.57,1.34,100.0,Norte,-5.0,-60.0,4,1
2024-01-03 05:00:00,0.0,24.49,1.39,99.94,Norte,-5.0,-60.0,5,1
2024-01-03 06:00:00,50.88,24.88,1.04,92.89,Norte,-5.0,-60.0,6,1
2024-01-03 07:00:00,179.7,26.42,0.81,86.58,Norte,-5.0,-60.0,7,1
2024-01-03 08:00:00,367.5,27.71,0.94,80.06,Norte,-5.0,-60.0,8,1
2024-01-03 09:00:00,526.62,28.9,0.99,91.51,Norte,-5.0,-60.0,9,1
2024-01-03 10:00:00,705.53,29.79,0.96,87.31,Norte,-5.0,-60.0,10,1
2024-01-03 11:00:00,681.08,30.42,0.98,93.08,Norte,-5.0,-60.0,11,1
2024-01-03 12:00:00,675.15,30.86,1.04,94.08,Norte,-5.0,-60.0,12,1
2024-01-03 13:00:00,566.08,30.97,1.05,96.17,Norte,-5.0,-60.0,13,1
2024-01-03 14:00:00,494.15,30.87,0.96,82.94,Norte,-5.0,-60.0,14,1
2024-01-03 15:00:00,315.15,30.53,0.77,90.1,Norte,-5.0,-60.0,15,1
2024-01-03 16:00:00,183.62,30.02,0.51,93.37,Norte,-5.0,-60.0,16,1
2024-01-03 17:00:00,58.0,29.37,0.41,97.39,Norte,-5.0,-60.0,17,1
2024-01-03 18:00:00,0.0,28.39,0.8,99.35,Norte,-5.0,-60.0,18,1
2024-01-03 19:00:00,0.0,27.58,1.26,99.12,Norte,-5.0,-60.0,19,1
2024-01-03 20:00:00,0.0,27.06,1.24,99.57,Norte,-5.0,-60.0,20,1
2024-01-03 21:00:00,0.0,26.77,1.17,100.0,Norte,-5.0,-60.0,21,1
2024-01-03 22:00:00,0.0,26.49,1.16,100.0,Norte,-5.0,-60.0,22,1
2024-01-03 23:00:00,0.0,26.27,1.13,100.0,Norte,-5.0,-60.0,23,1
2024-01-04 00:00:00,0.0,26.13,1.17,100.0,Norte,-5.0,-60.0,0,1
2024-01-04 01:00:00,0.0,26.1,1.1,100.0,Norte,-5.0,-60.0,1,1
2024-01-04 02:00:00,0.0,26.03,1.06,99.45,Norte,-5.0,-60.0,2,1
2024-01-04 03:00:00,0.0,25.84,1.11,100.0,Norte,-5.0,-60.0,3,1
2024-01-04 04:00:00,0.0,25.68,1.17,100.0,Norte,-5.0,-60.0,4,1
2024-01-04 05:00:00,0.0,25.56,1.21,99.94,Norte,-5.0,-60.0,5,1
2024-01-04 06:00:00,35.97,25.68,1.03,99.7,Norte,-5.0,-60.0,6,1
2024-01-04 07:00:00,125.1,26.63,0.62,99.4,Norte,-5.0,-60.0,7,1
2024-01-04 08:00:00,237.57,27.35,0.49,99.25,Norte,-5.0,-60.0,8,1
2024-01-04 09:00:00,352.58,27.77,0.61,99.59,Norte,-5.0,-60.0,9,1
2024-01-04 10:00:00,520.4,27.99,0.68,100.0,Norte,-5.0,-60.0,10,1
2024-01-04 11:00:00,604.12,28.22,0.61,99.17,Norte,-5.0,-60.0,11,1
2024-01-04 12:00:00,643.45,28.45,0.49,95.79,Norte,-5.0,-60.0,12,1
2024-01-04 13:00:00,628.05,28.59,0.34,90.66,Norte,-5.0,-60.0,13,1
2024-01-04 14:00:00,508.6,28.54,0.13,93.97,Norte,-5.0,-60.0,14,1
2024-01-04 15:00:00,329.88,28.35,0.27,94.1,Norte,-5.0,-60.0,15,1
2024-01-04 16:00:00,181.65,27.93,0.27,95.03,Norte,-5.0,-60.0,16,1
2024-01-04 17:00:00,54.03,27.72,0.43,97.03,Norte,-5.0,-60.0,17,1
2024-01-04 18:00:00,0.0,27.4,0.79,100.0,Norte,-5.0,-60.0,18,1
2024-01-04 19:00:00,0.0,27.06,0.99,100.0,Norte,-5.0,-60.0,19,1
2024-01-04 20:00:00,0.0,26.77,1.09,100.0,Norte,-5.0,-60.0,20,1
2024-01-04 21:00:00,0.0,26.53,1.15,100.0,Norte,-5.0,-60.0,21,1
2024-01-04 22:00:00,0.0,26.2,1.1,100.0,Norte,-5.0,-60.0,22,1
2024-01-04 23:00:00,0.0,25.91,0.94,100.0,Norte,-5.0,-60.0,23,1
2024-01-05 00:00:00,0.0,25.78,0.86,99.78,Norte,-5.0,-60.0,0,1
2024-01-05 01:00:00,0.0,25.65,0.87,98.17,Norte,-5.0,-60.0,1,1
2024-01-05 02:00:00,0.0,25.5,0.89,98.63,Norte,-5.0,-60.0,2,1
2024-01-05 03:00:00,0.0,25.34,0.96,98.57,Norte,-5.0,-60.0,3,1
2024-01-05 04:00:00,0.0,25.14,0.99,97.28,Norte,-5.0,-60.0,4,1
2024-01-05 05:00:00,0.0,24.9,1.01,99.75,Norte,-5.0,-60.0,5,1
2024-01-05 06:00:00,35.47,24.78,0.97,99.8,Norte,-5.0,-60.0,6,1
2024-01-05 07:00:00,127.5,25.06,0.84,99.93,Norte,-5.0,-60.0,7,1
2024-01-05 08:00:00,245.43,25.57,0.74,99.1,Norte,-5.0,-60.0,8,1
2024-01-05 09:00:00,360.25,26.05,0.74,99.14,Norte,-5.0,-60.0,9,1
2024-01-05 10:00:00,438.92,26.93,0.63,99.11,Norte,-5.0,-60.0,10,1
2024-01-05 11:00:00,571.85,27.72,0.57,100.0,Norte,-5.0,-60.0,11,1
2024-01-05 12:00:00,527.55,28.17,0.58,100.0,Norte,-5.0,-60.0,12,1
2024-01-05 13:00:00,400.4,28.35,0.58,99.92,Norte,-5.0,-60.0,13,1
2024-01-05 14:00:00,364.12,28.34,0.48,100.0,Norte,-5.0,-60.0,14,1
2024-01-05 15:00:00,295.7,28.23,0.24,100.0,Norte,-5.0,-60.0,15,1
2024-01-05 16:00:00,151.77,27.84,0.12,99.78,Norte,-5.0,-60.0,16,1
2024-01-05 17:00:00,46.92,27.23,0.33,100.0,Norte,-5.0,-60.0,17,1
2024-01-05 18:00:00,0.0,26.51,0.75,100.0,Norte,-5.0,-60.0,18,1
2024-01-05 19:00:00,0.0,25.86,0.96,99.82,Norte,-5.0,-60.0,19,1
2024-01-05 20:00:00,0.0,25.58,0.86,95.66,Norte,-5.0,-60.0,20,1
2024-01-05 21:00:00,0.0,25.51,0.94,89.29,Norte,-5.0,-60.0,21,1
2024-01-05 22:00:00,0.0,25.47,0.88,99.41,Norte,-5.0,-60.0,22,1
2024-01-05 23:00:00,0.0,25.3,0.84,99.86,Norte,-5.0,-60.0,23,1
2024-01-06 00:00:00,0.0,25.19,0.92,99.99,Norte,-5.0,-60.0,0,1
2024-01-06 01:00:00,0.0,25.04,0.79,99.97,Norte,-5.0,-60.0,1,1
2024-01-06 02:00:00,0.0,24.7,0.79,100.0,Norte,-5.0,-60.0,2,1
2024-01-06 03:00:00,0.0,24.36,0.92,100.0,Norte,-5.0,-60.0,3,1
2024-01-06 04:00:00,0.0,24.09,0.85,100.0,Norte,-5.0,-60.0,4,1
2024-01-06 05:00:00,0.0,23.99,0.8,100.0,Norte,-5.0,-60.0,5,1
2024-01-06 06:00:00,40.08,24.27,0.89,99.1,Norte,-5.0,-60.0,6,1
2024-01-06 07:00:00,148.5,25.39,0.97,100.0,Norte,-5.0,-60.0,7,1
2024-01-06 08:00:00,282.55,26.73,1.25,100.0,Norte,-5.0,-60.0,8,1
2024-01-06 09:00:00,455.2,27.77,1.27,99.73,Norte,-5.0,-60.0,9,1
2024-01-06 10:00:00,586.5,28.37,1.22,98.71,Norte,-5.0,-60.0,10,1
2024-01-06 11:00:00,627.47,28.61,1.11,98.77,Norte,-5.0,-60.0,11,1
2024-01-06 12:00:00,648.4,28.6,0.96,94.95,Norte,-5.0,-60.0,12,1
2024-01-06 13:00:00,642.38,28.43,0.83,83.25,Norte,-5.0,-60.0,13,1
2024-01-06 14:00:00,543.2,28.13,0.73,91.54,Norte,-5.0,-60.0,14,1
2024-01-06 15:00:00,380.02,27.76,0.67,80.0,Norte,-5.0,-60.0,15,1
2024-01-06 16:00:00,210.5,27.34,0.6,77.35,Norte,-5.0,-60.0,16,1
2024-01-06 17:00:00,68.85,26.8,0.54,74.94,Norte,-5.0,-60.0,17,1
2024-01-06 18:00:00,0.0,25.99,0.59,68.11,Norte,-5.0,-60.0,18,1
2024-01-06 19:00:00,0.0,25.44,0.71,57.02,Norte,-5.0,-60.0,19,1
2024-01-06 20:00:00,0.0,25.08,0.74,67.09,Norte,-5.0,-60.0,20,1
2024-01-06 21:00:00,0.0,24.76,0.71,79.69,Norte,-5.0,-60.0,21,1
2024-01-06 22:00:00,0.0,24.47,1.0,92.05,Norte,-5.0,-60.0,22,1
2024-01-06 23:00:00,0.0,24.25,1.06,99.77,Norte,-5.0,-60.0,23,1
2024-01-07 00:00:00,0.0,24.08,1.11,99.8,Norte,-5.0,-60.0,0,1
2024-01-07 01:00:00,0.0,23.83,1.19,98.38,Norte,-5.0,-60.0,1,1
2024-01-07 02:00:00,0.0,23.54,1.32,99.21,Norte,-5.0,-60.0,2,1
2024-01-07 03:00:00,0.0,23.3,1.41,99.84,Norte,-5.0,-60.0,3,1
2024-01-07 04:00:00,0.0,23.11,1.35,99.8,Norte,-5.0,-60.0,4,1
2024-01-07 05:00:00,0.0,23.09,1.21,99.76,Norte,-5.0,-60.0,5,1
2024-01-07 06:00:00,64.28,23.92,1.02,71.33,Norte,-5.0,-60.0,6,1
2024-01-07 07:00:00,249.85,26.02,0.89,54.86,Norte,-5.0,-60.0,7,1
2024-01-07 08:00:00,476.8,27.5,1.05,37.69,Norte,-5.0,-60.0,8,1
2024-01-07 09:00:00,614.78,28.67,1.15,50.77,Norte,-5.0,-60.0,9,1
2024-01-07 10:00:00,829.62,29.6,1.21,37.59,Norte,-5.0,-60.0,10,1
2024-01-07 11:00:00,858.4,30.32,1.17,51.64,Norte,-5.0,-60.0,11,1
2024-01-07 12:00:00,868.9,30.79,1.06,37.72,Norte,-5.0,-60.0,12,1
2024-01-07 13:00:00,737.97,30.96,0.98,40.31,Norte,-5.0,-60.0,13,1
2024-01-07 14:00:00,663.88,30.84,0.89,36.12,Norte,-5.0,-60.0,14,1
2024-01-07 15:00:00,494.55,30.47,0.75,32.9,Norte,-5.0,-60.0,15,1
2024-01-07 16:00:00,291.17,29.92,0.54,30.27,Norte,-5.0,-60.0,16,1
2024-01-07 17:00:00,97.9,29.25,0.47,26.95,Norte,-5.0,-60.0,17,1
2024-01-07 18:00:00,0.0,28.24,0.82,17.79,Norte,-5.0,-60.0,18,1
2024-01-07 19:00:00,0.0,27.34,1.33,20.48,Norte,-5.0,-60.0,19,1
2024-01-07 20:00:00,0.0,26.73,1.51,28.94,Norte,-5.0,-60.0,20,1
2024-01-07 21:00:00,0.0,26.29,1.54,17.81,Norte,-5.0,-60.0,21,1
2024-01-07 22:00:00,0.0,25.95,1.54,16.47,Norte,-5.0,-60.0,22,1
2024-01-07 23:00:00,0.0,25.6,1.47,20.13,Norte,-5.0,-60.0,23,1
2024-01-08 00:00:00,0.0,25.32,1.14,2.59,Norte,-5.0,-60.0,0,1
2024-01-08 01:00:00,0.0,25.17,0.97,31.74,Norte,-5.0,-60.0,1,1
2024-01-08 02:00:00,0.0,24.95,0.91,45.49,Norte,-5.0,-60.0,2,1
2024-01-08 03:00:00,0.0,24.7,0.88,31.52,Norte,-5.0,-60.0,3,1
2024-01-08 04:00:00,0.0,24.46,0.89,31.72,Norte,-5.0,-60.0,4,1
2024-01-08 05:00:00,0.0,24.27,0.85,22.79,Norte,-5.0,-60.0,5,1
2024-01-08 06:00:00,54.92,25.02,0.9,47.86,Norte,-5.0,-60.0,6,1
2024-01-08 07:00:00,187.45,26.98,0.82,63.07,Norte,-5.0,-60.0,7,1
2024-01-08 08:00:00,302.65,28.34,1.08,76.32,Norte,-5.0,-60.0,8,1
2024-01-08 09:00:00,541.08,29.21,1.16,54.74,Norte,-5.0,-60.0,9,1
2024-01-08 10:00:00,658.9,29.97,1.19,60.77,Norte,-5.0,-60.0,10,1
2024-01-08 11:00:00,580.08,30.5,1.11,85.25,Norte,-5.0,-60.0,11,1
2024-01-08 12:00:00,601.28,30.74,1.0,86.43,Norte,-5.0,-60.0,12,1
2024-01-08 13:00:00,630.42,30.75,0.9,82.78,Norte,-5.0,-60.0,13,1
2024-01-08 14:00:00,471.25,30.51,0.77,86.88,Norte,-5.0,-60.0,14,1
2024-01-08 15:00:00,331.0,30.07,0.59,89.38,Norte,-5.0,-60.0,15,1
2024-01-08 16:00:00,180.75,29.52,0.46,91.17,Norte,-5.0,-60.0,16,1
2024-01-08 17:00:00,61.15,28.79,0.63,93.98,Norte,-5.0,-60.0,17,1
2024-01-08 18:00:00,0.0,27.68,0.84,98.31,Norte,-5.0,-60.0,18,1
2024-01-08 19:00:00,0.0,27.03,1.05,98.43,Norte,-5.0,-60.0,19,1
2024-01-08 20:00:00,0.0,26.72,0.87,99.01,Norte,-5.0,-60.0,20,1
2024-01-08 21:00:00,0.0,26.55,0.85,99.27,Norte,-5.0,-60.0,21,1
2024-01-08 22:00:00,0.0,26.35,0.84,99.49,Norte,-5.0,-60.0,22,1
2024-01-08 23:00:00,0.0,26.18,0.8,99.63,Norte,-5.0,-60.0,23,1
2024-01-09 00:00:00,0.0,26.01,0.8,99.71,Norte,-5.0,-60.0,0,1
2024-01-09 01:00:00,0.0,25.87,0.82,99.89,Norte,-5.0,-60.0,1,1
2024-01-09 02:00:00,0.0,25.73,0.81,99.71,Norte,-5.0,-60.0,2,1
2024-01-09 03:00:00,0.0,25.56,0.82,99.84,Norte,-5.0,-60.0,3,1
2024-01-09 04:00:00,0.0,25.38,0.84,99.97,Norte,-5.0,-60.0,4,1
2024-01-09 05:00:00,0.0,25.22,0.87,100.0,Norte,-5.0,-60.0,5,1
2024-01-09 06:00:00,30.8,25.47,0.9,100.0,Norte,-5.0,-60.0,6,1
2024-01-09 07:00:00,116.65,26.29,0.61,100.0,Norte,-5.0,-60.0,7,1
2024-01-09 08:00:00,278.62,27.12,0.59,100.0,Norte,-5.0,-60.0,8,1
2024-01-09 09:00:00,459.45,27.86,0.77,99.51,Norte,-5.0,-60.0,9,1
2024-01-09 10:00:00,657.72,28.64,0.86,100.0,Norte,-5.0,-60.0,10,1
2024-01-09 11:00:00,628.55,29.13,0.9,100.0,Norte,-5.0,-60.0,11,1
2024-01-09 12:00:00,633.1,29.32,0.88,99.16,Norte,-5.0,-60.0,12,1
2024-01-09 13:00:00,660.25,29.08,0.77,99.57,Norte,-5.0,-60.0,13,1
2024-01-09 14:00:00,362.25,28.72,0.62,99.13,Norte,-5.0,-60.0,14,1
2024-01-09 15:00:00,153.73,28.27,0.43,99.82,Norte,-5.0,-60.0,15,1
2024-01-09 16:00:00,91.4,27.83,0.33,100.0,Norte,-5.0,-60.0,16,1
2024-01-09 17:00:00,40.92,27.47,0.38,97.91,Norte,-5.0,-60.0,17,1
2024-01-09 18:00:00,0.0,26.84,0.83,100.0,Norte,-5.0,-60.0,18,1
2024-01-09 19:00:00,0.0,26.37,1.04,100.0,Norte,-5.0,-60.0,19,1
2024-01-09 20:00:00,0.0,26.12,1.24,99.54,Norte,-5.0,-60.0,20,1
2024-01-09 21:00:00,0.0,25.94,1.28,99.99,Norte,-5.0,-60.0,21,1
2024-01-09 22:00:00,0.0,25.84,1.26,100.0,Norte,-5.0,-60.0,22,1
2024-01-09 23:00:00,0.0,25.81,1.2,99.92,Norte,-5.0,-60.0,23,1
2024-01-10 00:00:00,0.0,25.74,1.11,99.71,Norte,-5.0,-60.0,0,1
2024-01-10 01:00:00,0.0,25.45,1.19,100.0,Norte,-5.0,-60.0,1,1
2024-01-10 02:00:00,0.0,25.15,1.3,99.29,Norte,-5.0,-60.0,2,1
2024-01-10 03:00:00,0.0,25.03,1.28,100.0,Norte,-5.0,-60.0,3,1
2024-01-10 04:00:00,0.0,24.65,1.39,100.0,Norte,-5.0,-60.0,4,1
2024-01-10 05:00:00,0.0,24.51,1.3,100.0,Norte,-5.0,-60.0,5,1
2024-01-10 06:00:00,24.02,24.78,1.0,100.0,Norte,-5.0,-60.0,6,1
2024-01-10 07:00:00,80.88,25.66,0.72,100.0,Norte,-5.0,-60.0,7,1
2024-01-10 08:00:00,139.77,26.5,0.57,100.0,Norte,-5.0,-60.0,8,1
2024-01-10 09:00:00,177.45,26.98,0.83,100.0,Norte,-5.0,-60.0,9,1
2024-01-10 10:00:00,305.92,27.6,0.97,99.19,Norte,-5.0,-60.0,10,1
2024-01-10 11:00:00,400.52,28.22,1.09,100.0,Norte,-5.0,-60.0,11,1
2024-01-10 12:00:00,421.6,28.36,1.2,99.9,Norte,-5.0,-60.0,12,1
2024-01-10 13:00:00,393.42,28.11,1.14,99.98,Norte,-5.0,-60.0,13,1
2024-01-10 14:00:00,366.27,27.76,0.92,100.0,Norte,-5.0,-60.0,14,1
2024-01-10 15:00:00,347.9,27.38,0.63,92.13,Norte,-5.0,-60.0,15,1
2024-01-10 16:00:00,221.1,26.98,0.38,69.39,Norte,-5.0,-60.0,16,1
2024-01-10 17:00:00,89.38,26.53,0.27,46.47,Norte,-5.0,-60.0,17,1
2024-01-10 18:00:00,0.0,26.07,0.79,17.43,Norte,-5.0,-60.0,18,1
2024-01-10 19:00:00,0.0,25.65,1.1,27.95,Norte,-5.0,-60.0,19,1
2024-01-10 20:00:00,0.0,25.4,1.24,61.74,Norte,-5.0,-60.0,20,1
2024-01-10 21:00:00,0.0,25.2,1.31,98.83,Norte,-5.0,-60.0,21,1
2024-01-10 22:00:00,0.0,24.96,1.38,99.93,Norte,-5.0,-60.0,22,1
2024-01-10 23:00:00,0.0,24.66,1.46,99.83,Norte,-5.0,-60.0,23,1
2024-01-11 00:00:00,0.0,24.36,1.44,95.1,Norte,-5.0,-60.0,0,1
2024-01-11 01:00:00,0.0,24.17,1.18,87.39,Norte,-5.0,-60.0,1,1
2024-01-11 02:00:00,0.0,24.19,0.93,84.97,Norte,-5.0,-60.0,2,1
2024-01-11 03:00:00,0.0,24.22,0.9,65.7,Norte,-5.0,-60.0,3,1
2024-01-11 04:00:00,0.0,24.14,0.89,52.14,Norte,-5.0,-60.0,4,1
2024-01-11 05:00:00,0.0,24.07,0.86,6.23,Norte,-5.0,-60.0,5,1
2024-01-11 06:00:00,71.18,24.44,0.89,9.11,Norte,-5.0,-60.0,6,1
2024-01-11 07:00:00,293.77,25.38,0.67,4.12,Norte,-5.0,-60.0,7,1
2024-01-11 08:00:00,534.65,26.29,0.69,3.01,Norte,-5.0,-60.0,8,1
2024-01-11 09:00:00,733.4,27.86,0.52,4.52,Norte,-5.0,-60.0,9,1
2024-01-11 10:00:00,812.1,29.47,0.22,22.53,Norte,-5.0,-60.0,10,1
2024-01-11 11:00:00,735.12,30.32,0.09,54.52,Norte,-5.0,-60.0,11,1
2024-01-11 12:00:00,734.17,30.77,0.15,61.52,Norte,-5.0,-60.0,12,1
2024-01-11 13:00:00,615.78,30.82,0.17,66.92,Norte,-5.0,-60.0,13,1
2024-01-11 14:00:00,438.42,30.55,0.18,79.77,Norte,-5.0,-60.0,14,1
2024-01-11 15:00:00,357.6,30.03,0.19,79.91,Norte,-5.0,-60.0,15,1
2024-01-11 16:00:00,205.02,29.53,0.22,85.26,Norte,-5.0,-60.0,16,1
2024-01-11 17:00:00,68.72,28.99,0.38,88.56,Norte,-5.0,-60.0,17,1
2024-01-11 18:00:00,0.0,28.81,0.55,98.79,Norte,-5.0,-60.0,18,1
2024-01-11 19:00:00,0.0,28.51,0.64,98.88,Norte,-5.0,-60.0,19,1
2024-01-11 20:00:00,0.0,28.19,0.69,98.7,Norte,-5.0,-60.0,20,1
2024-01-11 21:00:00,0.0,27.86,0.72,99.02,Norte,-5.0,-60.0,21,1
2024-01-11 22:00:00,0.0,27.5,0.72,99.05,Norte,-5.0,-60.0,22,1
2024-01-11 23:00:00,0.0,27.09,0.74,96.22,Norte,-5.0,-60.0,23,1
2024-01-12 00:00:00,0.0,26.74,0.72,95.81,Norte,-5.0,-60.0,0,1
2024-01-12 01:00:00,0.0,26.45,0.72,98.64,Norte,-5.0,-60.0,1,1
2024-01-12 02:00:00,0.0,26.07,0.9,98.87,Norte,-5.0,-60.0,2,1
2024-01-12 03:00:00,0.0,25.4,1.26,96.14,Norte,-5.0,-60.0,3,1
2024-01-12 04:00:00,0.0,24.8,1.33,86.14,Norte,-5.0,-60.0,4,1
2024-01-12 05:00:00,0.0,24.64,0.91,68.21,Norte,-5.0,-60.0,5,1
2024-01-12 06:00:00,42.33,24.94,0.89,78.15,Norte,-5.0,-60.0,6,1
2024-01-12 07:00:00,166.57,25.91,0.62,83.53,Norte,-5.0,-60.0,7,1
2024-01-12 08:00:00,317.83,27.2,0.66,88.34,Norte,-5.0,-60.0,8,1
2024-01-12 09:00:00,496.42,28.34,0.78,92.29,Norte,-5.0,-60.0,9,1
2024-01-12 10:00:00,589.4,29.37,0.75,94.14,Norte,-5.0,-60.0,10,1
2024-01-12 11:00:00,591.78,29.9,0.69,87.89,Norte,-5.0,-60.0,11,1
2024-01-12 12:00:00,589.67,30.15,0.62,84.37,Norte,-5.0,-60.0,12,1
2024-01-12 13:00:00,493.58,30.16,0.56,89.4,Norte,-5.0,-60.0,13,1
2024-01-12 14:00:00,370.95,29.98,0.52,97.61,Norte,-5.0,-60.0,14,1
2024-01-12 15:00:00,72.45,29.61,0.52,99.32,Norte,-5.0,-60.0,15,1
2024-01-12 16:00:00,39.65,29.16,0.5,100.0,Norte,-5.0,-60.0,16,1
2024-01-12 17:00:00,15.27,28.46,0.42,100.0,Norte,-5.0,-60.0,17,1
2024-01-12 18:00:00,0.0,27.45,0.7,99.84,Norte,-5.0,-60.0,18,1
2024-01-12 19:00:00,0.0,26.76,0.94,100.0,Norte,-5.0,-60.0,19,1
2024-01-12 20:00:00,0.0,26.47,0.77,100.0,Norte,-5.0,-60.0,20,1
2024-01-12 21:00:00,0.0,26.3,0.79,100.0,Norte,-5.0,-60.0,21,1
2024-01-12 22:00:00,0.0,26.08,0.76,100.0,Norte,-5.0,-60.0,22,1
2024-01-12 23:00:00,0.0,25.85,0.77,100.0,Norte,-5.0,-60.0,23,1
2024-01-13 00:00:00,0.0,25.65,0.79,99.13,Norte,-5.0,-60.0,0,1
2024-01-13 01:00:00,0.0,25.47,0.79,100.0,Norte,-5.0,-60.0,1,1
2024-01-13 02:00:00,0.0,25.29,0.78,100.0,Norte,-5.0,-60.0,2,1
2024-01-13 03:00:00,0.0,25.14,0.77,100.0,Norte,-5.0,-60.0,3,1
2024-01-13 04:00:00,0.0,25.0,0.78,99.16,Norte,-5.0,-60.0,4,1
2024-01-13 05:00:00,0.0,24.87,0.78,98.85,Norte,-5.0,-60.0,5,1
2024-01-13 06:00:00,49.25,25.1,0.76,91.48,Norte,-5.0,-60.0,6,1
2024-01-13 07:00:00,195.6,25.83,0.52,85.72,Norte,-5.0,-60.0,7,1
2024-01-13 08:00:00,372.75,26.63,0.54,79.0,Norte,-5.0,-60.0,8,1
2024-01-13 09:00:00,579.22,27.89,0.64,63.51,Norte,-5.0,-60.0,9,1
2024-01-13 10:00:00,688.12,29.11,0.6,80.72,Norte,-5.0,-60.0,10,1
2024-01-13 11:00:00,748.67,29.78,0.47,79.44,Norte,-5.0,-60.0,11,1
2024-01-13 12:00:00,798.62,30.26,0.33,50.94,Norte,-5.0,-60.0,12,1
2024-01-13 13:00:00,742.3,30.41,0.21,44.37,Norte,-5.0,-60.0,13,1
2024-01-13 14:00:00,573.78,30.23,0.13,62.86,Norte,-5.0,-60.0,14,1
2024-01-13 15:00:00,360.73,29.63,0.05,85.33,Norte,-5.0,-60.0,15,1
2024-01-13 16:00:00,209.27,27.84,0.32,90.19,Norte,-5.0,-60.0,16,1
2024-01-13 17:00:00,70.0,27.34,0.58,94.34,Norte,-5.0,-60.0,17,1
2024-01-13 18:00:00,0.0,27.01,0.8,98.75,Norte,-5.0,-60.0,18,1
2024-01-13 19:00:00,0.0,26.55,1.07,98.33,Norte,-5.0,-60.0,19,1
2024-01-13 20:00:00,0.0,26.19,1.22,99.86,Norte,-5.0,-60.0,20,1
2024-01-13 21:00:00,0.0,25.97,1.24,100.0,Norte,-5.0,-60.0,21,1
2024-01-13 22:00:00,0.0,25.85,1.2,100.0,Norte,-5.0,-60.0,22,1
2024-01-13 23:00:00,0.0,25.7,1.17,100.0,Norte,-5.0,-60.0,23,1
2024-01-14 00:00:00,0.0,25.28,1.18,99.21,Norte,-5.0,-60.0,0,1
2024-01-14 01:00:00,0.0,24.76,1.15,100.0,Norte,-5.0,-60.0,1,1
2024-01-14 02:00:00,0.0,24.51,0.89,100.0,Norte,-5.0,-60.0,2,1
2024-01-14 03:00:00,0.0,24.31,0.81,100.0,Norte,-5.0,-60.0,3,1
2024-01-14 04:00:00,0.0,24.19,0.82,100.0,Norte,-5.0,-60.0,4,1
2024-01-14 05:00:00,0.0,24.21,0.88,100.0,Norte,-5.0,-60.0,5,1
2024-01-14 06:00:00,16.88,24.45,0.83,100.0,Norte,-5.0,-60.0,6,1
2024-01-14 07:00:00,56.8,25.03,0.7,100.0,Norte,-5.0,-60.0,7,1
2024-01-14 08:00:00,89.35,25.65,0.52,100.0,Norte,-5.0,-60.0,8,1
2024-01-14 09:00:00,149.73,26.09,0.54,100.0,Norte,-5.0,-60.0,9,1
2024-01-14 10:00:00,348.35,26.04,0.71,98.86,Norte,-5.0,-60.0,10,1
2024-01-14 11:00:00,414.1,26.14,0.74,100.0,Norte,-5.0,-60.0,11,1
2024-01-14 12:00:00,548.83,26.44,0.7,98.6,Norte,-5.0,-60.0,12,1
2024-01-14 13:00:00,530.33,26.92,0.59,97.77,Norte,-5.0,-60.0,13,1
2024-01-14 14:00:00,542.33,27.16,0.48,86.8,Norte,-5.0,-60.0,14,1
2024-01-14 15:00:00,433.8,27.08,0.35,65.43,Norte,-5.0,-60.0,15,1
2024-01-14 16:00:00,246.68,26.75,0.21,70.19,Norte,-5.0,-60.0,16,1
2024-01-14 17:00:00,82.2,26.19,0.1,74.92,Norte,-5.0,-60.0,17,1
2024-01-14 18:00:00,0.0,25.69,0.51,79.4,Norte,-5.0,-60.0,18,1
2024-01-14 19:00:00,0.0,25.45,0.9,98.73,Norte,-5.0,-60.0,19,1
2024-01-14 20:00:00,0.0,25.24,1.12,99.46,Norte,-5.0,-60.0,20,1
2024-01-14 21:00:00,0.0,24.97,1.28,100.0,Norte,-5.0,-60.0,21,1
2024-01-14 22:00:00,0.0,24.74,1.36,99.82,Norte,-5.0,-60.0,22,1
2024-01-14 23:00:00,0.0,24.46,1.31,98.96,Norte,-5.0,-60.0,23,1
2024-01-15 00:00:00,0.0,24.4,1.0,100.0,Norte,-5.0,-60.0,0,1
2024-01-15 01:00:00,0.0,24.44,0.9,99.99,Norte,-5.0,-60.0,1,1
2024-01-15 02:00:00,0.0,24.4,0.89,92.42,Norte,-5.0,-60.0,2,1
2024-01-15 03:00:00,0.0,24.37,0.93,99.37,Norte,-5.0,-60.0,3,1
2024-01-15 04:00:00,0.0,24.38,0.97,92.14,Norte,-5.0,-60.0,4,1
2024-01-15 05:00:00,0.0,24.29,0.88,99.85,Norte,-5.0,-60.0,5,1
2024-01-15 06:00:00,32.7,24.38,0.9,100.0,Norte,-5.0,-60.0,6,1
2024-01-15 07:00:00,124.28,24.88,0.73,100.0,Norte,-5.0,-60.0,7,1
2024-01-15 08:00:00,242.27,25.53,0.66,100.0,Norte,-5.0,-60.0,8,1
2024-01-15 09:00:00,467.6,26.52,0.87,99.0,Norte,-5.0,-60.0,9,1
2024-01-15 10:00:00,647.0,28.02,1.03,96.07,Norte,-5.0,-60.0,10,1
2024-01-15 11:00:00,708.65,28.84,1.08,87.88,Norte,-5.0,-60.0,11,1
2024-01-15 12:00:00,762.2,29.36,1.08,86.18,Norte,-5.0,-60.0,12,1
2024-01-15 13:00:00,729.95,29.71,1.05,53.74,Norte,-5.0,-60.0,13,1
2024-01-15 14:00:00,461.42,29.67,0.99,73.53,Norte,-5.0,-60.0,14,1
2024-01-15 15:00:00,248.9,29.31,0.77,95.27,Norte,-5.0,-60.0,15,1
2024-01-15 16:00:00,153.7,28.8,0.47,98.14,Norte,-5.0,-60.0,16,1
2024-01-15 17:00:00,52.85,28.11,0.34,99.98,Norte,-5.0,-60.0,17,1
2024-01-15 18:00:00,0.0,27.16,0.83,98.88,Norte,-5.0,-60.0,18,1
2024-01-15 19:00:00,0.0,26.31,1.13,99.32,Norte,-5.0,-60.0,19,1
2024-01-15 20:00:00,0.0,25.94,0.9,81.33,Norte,-5.0,-60.0,20,1
2024-01-15 21:00:00,0.0,25.79,0.93,46.97,Norte,-5.0,-60.0,21,1
2024-01-15 22:00:00,0.0,25.64,0.82,36.03,Norte,-5.0,-60.0,22,1
2024-01-15 23:00:00,0.0,25.45,0.69,29.07,Norte,-5.0,-60.0,23,1
2024-01-16 00:00:00,0.0,25.22,0.83,25.97,Norte,-5.0,-60.0,0,1
2024-01-16 01:00:00,0.0,25.0,1.07,35.36,Norte,-5.0,-60.0,1,1
2024-01-16 02:00:00,0.0,24.78,1.2,62.75,Norte,-5.0,-60.0,2,1
2024-01-16 03:00:00,0.0,24.57,1.31,56.75,Norte,-5.0,-60.0,3,1
2024-01-16 04:00:00,0.0,24.39,1.35,55.06,Norte,-5.0,-60.0,4,1
2024-01-16 05:00:00,0.0,24.25,1.36,41.33,Norte,-5.0,-60.0,5,1
2024-01-16 06:00:00,50.08,24.8,1.0,55.39,Norte,-5.0,-60.0,6,1
2024-01-16 07:00:00,198.88,26.52,0.75,64.38,Norte,-5.0,-60.0,7,1
2024-01-16 08:00:00,363.58,27.78,0.93,71.88,Norte,-5.0,-60.0,8,1
2024-01-16 09:00:00,630.6,28.82,1.09,44.14,Norte,-5.0,-60.0,9,1
2024-01-16 10:00:00,783.6,29.62,1.22,35.86,Norte,-5.0,-60.0,10,1
2024-01-16 11:00:00,740.05,30.13,1.3,47.24,Norte,-5.0,-60.0,11,1
2024-01-16 12:00:00,733.65,30.28,1.29,57.17,Norte,-5.0,-60.0,12,1
2024-01-16 13:00:00,702.5,30.23,1.2,47.33,Norte,-5.0,-60.0,13,1
2024-01-16 14:00:00,540.42,29.81,0.96,76.32,Norte,-5.0,-60.0,14,1
2024-01-16 15:00:00,472.75,29.27,0.66,50.41,Norte,-5.0,-60.0,15,1
2024-01-16 16:00:00,270.3,28.8,0.43,61.08,Norte,-5.0,-60.0,16,1
2024-01-16 17:00:00,97.62,28.28,0.36,72.42,Norte,-5.0,-60.0,17,1
2024-01-16 18:00:00,0.0,27.51,0.8,84.05,Norte,-5.0,-60.0,18,1
2024-01-16 19:00:00,0.0,26.96,0.89,90.83,Norte,-5.0,-60.0,19,1
2024-01-16 20:00:00,0.0,26.73,0.88,78.23,Norte,-5.0,-60.0,20,1
2024-01-16 21:00:00,0.0,26.52,0.88,86.22,Norte,-5.0,-60.0,21,1
2024-01-16 22:00:00,0.0,26.36,0.83,96.01,Norte,-5.0,-60.0,22,1
2024-01-16 23:00:00,0.0,26.22,0.75,95.26,Norte,-5.0,-60.0,23,1
2024-01-17 00:00:00,0.0,25.96,0.94,59.09,Norte,-5.0,-60.0,0,1
2024-01-17 01:00:00,0.0,25.66,1.2,2.87,Norte,-5.0,-60.0,1,1
2024-01-17 02:00:00,0.0,25.41,1.37,48.62,Norte,-5.0,-60.0,2,1
2024-01-17 03:00:00,0.0,25.24,1.42,30.11,Norte,-5.0,-60.0,3,1
2024-01-17 04:00:00,0.0,25.15,1.4,9.62,Norte,-5.0,-60.0,4,1
2024-01-17 05:00:00,0.0,25.03,1.41,10.53,Norte,-5.0,-60.0,5,1
2024-01-17 06:00:00,61.45,25.3,1.12,6.38,Norte,-5.0,-60.0,6,1
2024-01-17 07:00:00,280.1,26.6,0.64,4.34,Norte,-5.0,-60.0,7,1
2024-01-17 08:00:00,523.28,27.59,0.63,1.2,Norte,-5.0,-60.0,8,1
2024-01-17 09:00:00,720.83,28.7,1.07,5.35,Norte,-5.0,-60.0,9,1
2024-01-17 10:00:00,822.38,29.79,1.43,20.52,Norte,-5.0,-60.0,10,1
2024-01-17 11:00:00,772.85,30.21,1.55,38.23,Norte,-5.0,-60.0,11,1
2024-01-17 12:00:00,838.65,30.39,1.53,36.47,Norte,-5.0,-60.0,12,1
2024-01-17 13:00:00,808.95,30.45,1.42,26.59,Norte,-5.0,-60.0,13,1
2024-01-17 14:00:00,695.65,30.3,1.22,21.98,Norte,-5.0,-60.0,14,1
2024-01-17 15:00:00,542.62,29.93,0.94,15.89,Norte,-5.0,-60.0,15,1
2024-01-17 16:00:00,316.3,29.37,0.66,43.4,Norte,-5.0,-60.0,16,1
2024-01-17 17:00:00,109.07,28.63,0.52,70.44,Norte,-5.0,-60.0,17,1
2024-01-17 18:00:00,0.0,27.7,0.99,99.38,Norte,-5.0,-60.0,18,1
2024-01-17 19:00:00,0.0,27.01,1.4,99.07,Norte,-5.0,-60.0,19,1
2024-01-17 20:00:00,0.0,26.57,1.49,98.95,Norte,-5.0,-60.0,20,1
2024-01-17 21:00:00,0.0,26.3,1.49,98.97,Norte,-5.0,-60.0,21,1
2024-01-17 22:00:00,0.0,26.12,1.46,98.54,Norte,-5.0,-60.0,22,1
2024-01-17 23:00:00,0.0,25.97,1.41,99.06,Norte,-5.0,-60.0,23,1
2024-01-18 00:00:00,0.0,25.86,1.32,99.33,Norte,-5.0,-60.0,0,1
2024-01-18 01:00:00,0.0,25.77,1.24,99.47,Norte,-5.0,-60.0,1,1
2024-01-18 02:00:00,0.0,25.55,1.29,99.31,Norte,-5.0,-60.0,2,1
2024-01-18 03:00:00,0.0,25.32,1.36,99.04,Norte,-5.0,-60.0,3,1
2024-01-18 04:00:00,0.0,25.22,1.39,99.69,Norte,-5.0,-60.0,4,1
2024-01-18 05:00:00,0.0,25.23,1.35,99.26,Norte,-5.0,-60.0,5,1
2024-01-18 06:00:00,51.1,25.51,1.11,73.91,Norte,-5.0,-60.0,6,1
2024-01-18 07:00:00,227.48,26.59,0.57,57.48,Norte,-5.0,-60.0,7,1
2024-01-18 08:00:00,455.95,27.39,0.5,40.15,Norte,-5.0,-60.0,8,1
2024-01-18 09:00:00,710.45,28.19,0.61,5.57,Norte,-5.0,-60.0,9,1
2024-01-18 10:00:00,834.92,29.14,0.75,15.23,Norte,-5.0,-60.0,10,1
2024-01-18 11:00:00,844.45,29.63,0.79,42.73,Norte,-5.0,-60.0,11,1
2024-01-18 12:00:00,830.95,29.7,0.83,33.14,Norte,-5.0,-60.0,12,1
2024-01-18 13:00:00,821.35,29.4,0.79,23.17,Norte,-5.0,-60.0,13,1
2024-01-18 14:00:00,740.97,28.9,0.62,19.06,Norte,-5.0,-60.0,14,1
2024-01-18 15:00:00,543.72,28.43,0.43,22.81,Norte,-5.0,-60.0,15,1
2024-01-18 16:00:00,321.98,27.98,0.35,46.38,Norte,-5.0,-60.0,16,1
2024-01-18 17:00:00,116.75,27.59,0.39,71.2,Norte,-5.0,-60.0,17,1
2024-01-18 18:00:00,0.0,27.13,0.92,99.15,Norte,-5.0,-60.0,18,1
2024-01-18 19:00:00,0.0,26.73,1.2,99.18,Norte,-5.0,-60.0,19,1
2024-01-18 20:00:00,0.0,26.44,1.34,91.29,Norte,-5.0,-60.0,20,1
2024-01-18 21:00:00,0.0,26.19,1.38,98.21,Norte,-5.0,-60.0,21,1
2024-01-18 22:00:00,0.0,25.94,1.41,92.57,Norte,-5.0,-60.0,22,1
2024-01-18 23:00:00,0.0,25.72,1.33,90.86,Norte,-5.0,-60.0,23,1
2024-01-19 00:00:00,0.0,25.51,1.26,89.47,Norte,-5.0,-60.0,0,1
2024-01-19 01:00:00,0.0,25.3,1.14,84.73,Norte,-5.0,-60.0,1,1
2024-01-19 02:00:00,0.0,25.12,1.07,87.13,Norte,-5.0,-60.0,2,1
2024-01-19 03:00:00,0.0,25.04,0.81,95.09,Norte,-5.0,-60.0,3,1
2024-01-19 04:00:00,0.0,25.01,0.82,99.17,Norte,-5.0,-60.0,4,1
2024-01-19 05:00:00,0.0,24.98,0.79,99.55,Norte,-5.0,-60.0,5,1
2024-01-19 06:00:00,36.3,25.16,0.75,99.78,Norte,-5.0,-60.0,6,1
2024-01-19 07:00:00,148.2,25.84,0.67,99.89,Norte,-5.0,-60.0,7,1
2024-01-19 08:00:00,261.33,26.54,0.34,99.55,Norte,-5.0,-60.0,8,1
2024-01-19 09:00:00,431.7,27.39,0.42,94.77,Norte,-5.0,-60.0,9,1
2024-01-19 10:00:00,602.03,28.05,0.53,91.25,Norte,-5.0,-60.0,10,1
2024-01-19 11:00:00,658.9,28.67,0.56,93.97,Norte,-5.0,-60.0,11,1
2024-01-19 12:00:00,615.85,29.05,0.56,86.98,Norte,-5.0,-60.0,12,1
2024-01-19 13:00:00,540.33,29.18,0.52,81.03,Norte,-5.0,-60.0,13,1
2024-01-19 14:00:00,443.83,29.08,0.44,80.93,Norte,-5.0,-60.0,14,1
2024-01-19 15:00:00,323.05,28.8,0.32,88.52,Norte,-5.0,-60.0,15,1
2024-01-19 16:00:00,185.27,28.41,0.17,91.8,Norte,-5.0,-60.0,16,1
2024-01-19 17:00:00,68.28,27.97,0.31,95.14,Norte,-5.0,-60.0,17,1
2024-01-19 18:00:00,0.0,27.38,0.64,98.39,Norte,-5.0,-60.0,18,1
2024-01-19 19:00:00,0.0,26.79,1.12,99.04,Norte,-5.0,-60.0,19,1
2024-01-19 20:00:00,0.0,26.27,1.36,99.68,Norte,-5.0,-60.0,20,1
2024-01-19 21:00:00,0.0,25.91,1.46,99.63,Norte,-5.0,-60.0,21,1
2024-01-19 22:00:00,0.0,25.69,1.46,99.69,Norte,-5.0,-60.0,22,1
2024-01-19 23:00:00,0.0,25.48,1.44,99.34,Norte,-5.0,-60.0,23,1
2024-01-20 00:00:00,0.0,25.26,1.39,99.71,Norte,-5.0,-60.0,0,1
2024-01-20 01:00:00,0.0,25.03,1.36,99.78,Norte,-5.0,-60.0,1,1
2024-01-20 02:00:00,0.0,24.83,1.33,99.22,Norte,-5.0,-60.0,2,1
2024-01-20 03:00:00,0.0,24.7,1.32,99.33,Norte,-5.0,-60.0,3,1
2024-01-20 04:00:00,0.0,24.63,1.35,100.0,Norte,-5.0,-60.0,4,1
2024-01-20 05:00:00,0.0,24.59,1.37,100.0,Norte,-5.0,-60.0,5,1
2024-01-20 06:00:00,20.95,24.78,1.28,100.0,Norte,-5.0,-60.0,6,1
2024-01-20 07:00:00,103.75,25.84,0.63,99.45,Norte,-5.0,-60.0,7,1
2024-01-20 08:00:00,198.32,26.83,0.35,99.98,Norte,-5.0,-60.0,8,1
2024-01-20 09:00:00,318.67,27.64,0.42,98.9,Norte,-5.0,-60.0,9,1
2024-01-20 10:00:00,500.42,28.17,0.45,90.05,Norte,-5.0,-60.0,10,1
2024-01-20 11:00:00,659.83,28.51,0.37,94.13,Norte,-5.0,-60.0,11,1
2024-01-20 12:00:00,777.9,28.74,0.3,90.11,Norte,-5.0,-60.0,12,1
2024-01-20 13:00:00,709.6,28.96,0.25,87.44,Norte,-5.0,-60.0,13,1
2024-01-20 14:00:00,665.67,28.97,0.28,77.67,Norte,-5.0,-60.0,14,1
2024-01-20 15:00:00,456.02,28.77,0.34,75.41,Norte,-5.0,-60.0,15,1
2024-01-20 16:00:00,265.9,28.33,0.33,82.03,Norte,-5.0,-60.0,16,1
2024-01-20 17:00:00,96.15,27.7,0.27,88.2,Norte,-5.0,-60.0,17,1
2024-01-20 18:00:00,0.0,27.09,0.57,96.28,Norte,-5.0,-60.0,18,1
2024-01-20 19:00:00,0.0,26.65,0.95,97.95,Norte,-5.0,-60.0,19,1
2024-01-20 20:00:00,0.0,26.3,1.12,98.23,Norte,-5.0,-60.0,20,1
2024-01-20 21:00:00,0.0,26.09,1.18,99.57,Norte,-5.0,-60.0,21,1
2024-01-20 22:00:00,0.0,25.98,1.14,97.4,Norte,-5.0,-60.0,22,1
2024-01-20 23:00:00,0.0,25.96,1.03,97.32,Norte,-5.0,-60.0,23,1
2024-01-21 00:00:00,0.0,25.78,1.02,99.5,Norte,-5.0,-60.0,0,1
2024-01-21 01:00:00,0.0,25.31,1.25,86.52,Norte,-5.0,-60.0,1,1
2024-01-21 02:00:00,0.0,24.9,1.36,87.19,Norte,-5.0,-60.0,2,1
2024-01-21 03:00:00,0.0,24.69,1.11,92.93,Norte,-5.0,-60.0,3,1
2024-01-21 04:00:00,0.0,24.71,0.91,99.52,Norte,-5.0,-60.0,4,1
2024-01-21 05:00:00,0.0,24.72,0.88,97.69,Norte,-5.0,-60.0,5,1
2024-01-21 06:00:00,43.45,25.02,0.81,82.87,Norte,-5.0,-60.0,6,1
2024-01-21 07:00:00,190.02,26.04,0.62,68.18,Norte,-5.0,-60.0,7,1
2024-01-21 08:00:00,382.1,27.17,0.45,52.64,Norte,-5.0,-60.0,8,1
2024-01-21 09:00:00,583.0,28.29,0.41,49.09,Norte,-5.0,-60.0,9,1
2024-01-21 10:00:00,699.47,29.34,0.38,49.71,Norte,-5.0,-60.0,10,1
2024-01-21 11:00:00,606.28,30.01,0.52,78.88,Norte,-5.0,-60.0,11,1
2024-01-21 12:00:00,645.08,30.25,0.69,92.9,Norte,-5.0,-60.0,12,1
2024-01-21 13:00:00,593.85,30.08,0.77,87.38,Norte,-5.0,-60.0,13,1
2024-01-21 14:00:00,573.47,29.65,0.69,74.59,Norte,-5.0,-60.0,14,1
2024-01-21 15:00:00,363.83,29.21,0.51,86.3,Norte,-5.0,-60.0,15,1
2024-01-21 16:00:00,215.18,28.74,0.29,89.89,Norte,-5.0,-60.0,16,1
2024-01-21 17:00:00,77.55,28.15,0.31,92.77,Norte,-5.0,-60.0,17,1
2024-01-21 18:00:00,0.0,27.55,0.72,99.13,Norte,-5.0,-60.0,18,1
2024-01-21 19:00:00,0.0,27.13,0.96,99.07,Norte,-5.0,-60.0,19,1
2024-01-21 20:00:00,0.0,26.94,0.98,99.42,Norte,-5.0,-60.0,20,1
2024-01-21 21:00:00,0.0,26.8,0.96,99.58,Norte,-5.0,-60.0,21,1
2024-01-21 22:00:00,0.0,26.57,0.99,99.9,Norte,-5.0,-60.0,22,1
2024-01-21 23:00:00,0.0,26.21,1.11,100.0,Norte,-5.0,-60.0,23,1
2024-01-22 00:00:00,0.0,25.8,1.24,100.0,Norte,-5.0,-60.0,0,1
2024-01-22 01:00:00,0.0,25.36,1.34,99.93,Norte,-5.0,-60.0,1,1
2024-01-22 02:00:00,0.0,25.04,1.3,99.96,Norte,-5.0,-60.0,2,1
2024-01-22 03:00:00,0.0,24.84,1.27,99.69,Norte,-5.0,-60.0,3,1
2024-01-22 04:00:00,0.0,24.75,1.32,99.66,Norte,-5.0,-60.0,4,1
2024-01-22 05:00:00,0.0,24.93,1.15,99.62,Norte,-5.0,-60.0,5,1
2024-01-22 06:00:00,44.12,25.3,0.96,78.55,Norte,-5.0,-60.0,6,1
2024-01-22 07:00:00,215.2,26.24,0.4,62.02,Norte,-5.0,-60.0,7,1
2024-01-22 08:00:00,434.75,27.21,0.16,44.56,Norte,-5.0,-60.0,8,1
2024-01-22 09:00:00,666.1,28.53,0.35,23.94,Norte,-5.0,-60.0,9,1
2024-01-22 10:00:00,752.17,29.63,0.56,38.54,Norte,-5.0,-60.0,10,1
2024-01-22 11:00:00,750.8,30.39,0.68,50.97,Norte,-5.0,-60.0,11,1
2024-01-22 12:00:00,795.85,30.81,0.66,46.27,Norte,-5.0,-60.0,12,1
2024-01-22 13:00:00,765.75,30.9,0.59,41.18,Norte,-5.0,-60.0,13,1
2024-01-22 14:00:00,625.65,30.68,0.48,55.31,Norte,-5.0,-60.0,14,1
2024-01-22 15:00:00,462.92,30.25,0.3,46.59,Norte,-5.0,-60.0,15,1
2024-01-22 16:00:00,259.23,29.76,0.23,61.32,Norte,-5.0,-60.0,16,1
2024-01-22 17:00:00,91.35,29.19,0.46,76.84,Norte,-5.0,-60.0,17,1
2024-01-22 18:00:00,0.0,28.71,0.6,98.53,Norte,-5.0,-60.0,18,1
2024-01-22 19:00:00,0.0,28.28,0.75,92.5,Norte,-5.0,-60.0,19,1
2024-01-22 20:00:00,0.0,27.68,1.05,88.99,Norte,-5.0,-60.0,20,1
2024-01-22 21:00:00,0.0,27.08,1.25,93.68,Norte,-5.0,-60.0,21,1
2024-01-22 22:00:00,0.0,26.66,1.26,98.16,Norte,-5.0,-60.0,22,1
2024-01-22 23:00:00,0.0,26.41,1.23,99.48,Norte,-5.0,-60.0,23,1
2024-01-23 00:00:00,0.0,26.13,1.23,98.95,Norte,-5.0,-60.0,0,1
2024-01-23 01:00:00,0.0,25.82,1.2,99.08,Norte,-5.0,-60.0,1,1
2024-01-23 02:00:00,0.0,25.66,0.9,99.66,Norte,-5.0,-60.0,2,1
2024-01-23 03:00:00,0.0,25.6,0.83,99.3,Norte,-5.0,-60.0,3,1
2024-01-23 04:00:00,0.0,25.48,0.86,99.23,Norte,-5.0,-60.0,4,1
2024-01-23 05:00:00,0.0,25.38,1.0,93.33,Norte,-5.0,-60.0,5,1
2024-01-23 06:00:00,37.75,25.76,0.9,83.36,Norte,-5.0,-60.0,6,1
2024-01-23 07:00:00,177.85,26.52,0.28,71.97,Norte,-5.0,-60.0,7,1
2024-01-23 08:00:00,366.45,27.2,0.47,60.96,Norte,-5.0,-60.0,8,1
2024-01-23 09:00:00,411.6,28.57,0.53,93.59,Norte,-5.0,-60.0,9,1
2024-01-23 10:00:00,504.5,29.34,0.38,96.83,Norte,-5.0,-60.0,10,1
2024-01-23 11:00:00,543.47,29.78,0.18,98.27,Norte,-5.0,-60.0,11,1
2024-01-23 12:00:00,603.33,30.26,0.12,94.9,Norte,-5.0,-60.0,12,1
2024-01-23 13:00:00,434.67,30.44,0.22,95.22,Norte,-5.0,-60.0,13,1
2024-01-23 14:00:00,435.27,30.13,0.21,91.33,Norte,-5.0,-60.0,14,1
2024-01-23 15:00:00,332.92,29.72,0.13,91.6,Norte,-5.0,-60.0,15,1
2024-01-23 16:00:00,186.55,29.01,0.14,92.4,Norte,-5.0,-60.0,16,1
2024-01-23 17:00:00,69.55,27.92,0.3,94.17,Norte,-5.0,-60.0,17,1
2024-01-23 18:00:00,0.0,27.88,0.47,93.8,Norte,-5.0,-60.0,18,1
2024-01-23 19:00:00,0.0,27.61,0.74,93.77,Norte,-5.0,-60.0,19,1
2024-01-23 20:00:00,0.0,27.03,1.13,74.9,Norte,-5.0,-60.0,20,1
2024-01-23 21:00:00,0.0,26.37,1.31,78.85,Norte,-5.0,-60.0,21,1
2024-01-23 22:00:00,0.0,26.06,1.24,79.78,Norte,-5.0,-60.0,22,1
2024-01-23 23:00:00,0.0,25.96,1.14,98.82,Norte,-5.0,-60.0,23,1
2024-01-24 00:00:00,0.0,25.89,1.07,99.66,Norte,-5.0,-60.0,0,1
2024-01-24 01:00:00,0.0,25.88,1.17,99.83,Norte,-5.0,-60.0,1,1
2024-01-24 02:00:00,0.0,26.04,1.09,99.63,Norte,-5.0,-60.0,2,1
2024-01-24 03:00:00,0.0,26.08,1.05,99.64,Norte,-5.0,-60.0,3,1
2024-01-24 04:00:00,0.0,26.04,1.04,99.65,Norte,-5.0,-60.0,4,1
2024-01-24 05:00:00,0.0,25.88,1.1,99.56,Norte,-5.0,-60.0,5,1
2024-01-24 06:00:00,33.28,25.65,1.19,94.31,Norte,-5.0,-60.0,6,1
2024-01-24 07:00:00,161.15,26.54,0.79,87.27,Norte,-5.0,-60.0,7,1
2024-01-24 08:00:00,324.5,27.16,0.63,80.63,Norte,-5.0,-60.0,8,1
2024-01-24 09:00:00,580.72,27.52,0.63,57.45,Norte,-5.0,-60.0,9,1
2024-01-24 10:00:00,741.3,27.9,0.54,55.58,Norte,-5.0,-60.0,10,1
2024-01-24 11:00:00,761.55,28.03,0.39,64.89,Norte,-5.0,-60.0,11,1
2024-01-24 12:00:00,743.83,28.03,0.21,55.48,Norte,-5.0,-60.0,12,1
2024-01-24 13:00:00,697.05,27.99,0.07,57.46,Norte,-5.0,-60.0,13,1
2024-01-24 14:00:00,626.62,27.9,0.1,48.14,Norte,-5.0,-60.0,14,1
2024-01-24 15:00:00,471.33,27.75,0.2,39.87,Norte,-5.0,-60.0,15,1
2024-01-24 16:00:00,275.75,27.53,0.2,57.2,Norte,-5.0,-60.0,16,1
2024-01-24 17:00:00,102.6,27.25,0.25,73.71,Norte,-5.0,-60.0,17,1
2024-01-24 18:00:00,0.0,26.82,0.79,93.77,Norte,-5.0,-60.0,18,1
2024-01-24 19:00:00,0.0,26.39,1.17,84.64,Norte,-5.0,-60.0,19,1
2024-01-24 20:00:00,0.0,26.11,1.32,87.62,Norte,-5.0,-60.0,20,1
2024-01-24 21:00:00,0.0,26.03,1.31,95.27,Norte,-5.0,-60.0,21,1
2024-01-24 22:00:00,0.0,25.96,1.27,89.48,Norte,-5.0,-60.0,22,1
2024-01-24 23:00:00,0.0,25.73,1.21,98.97,Norte,-5.0,-60.0,23,1
2024-01-25 00:00:00,0.0,25.64,1.11,99.25,Norte,-5.0,-60.0,0,1
2024-01-25 01:00:00,0.0,25.49,1.16,99.49,Norte,-5.0,-60.0,1,1
2024-01-25 02:00:00,0.0,25.23,0.95,98.72,Norte,-5.0,-60.0,2,1
2024-01-25 03:00:00,0.0,25.27,0.76,90.98,Norte,-5.0,-60.0,3,1
2024-01-25 04:00:00,0.0,25.21,0.77,98.54,Norte,-5.0,-60.0,4,1
2024-01-25 05:00:00,0.0,25.12,0.82,85.23,Norte,-5.0,-60.0,5,1
2024-01-25 06:00:00,21.3,25.34,0.8,95.05,Norte,-5.0,-60.0,6,1
2024-01-25 07:00:00,94.18,25.95,0.71,98.62,Norte,-5.0,-60.0,7,1
2024-01-25 08:00:00,163.32,26.6,0.5,100.0,Norte,-5.0,-60.0,8,1
2024-01-25 09:00:00,259.08,27.31,0.5,99.47,Norte,-5.0,-60.0,9,1
2024-01-25 10:00:00,72.72,27.8,0.6,99.63,Norte,-5.0,-60.0,10,1
2024-01-25 11:00:00,60.7,28.64,0.53,99.25,Norte,-5.0,-60.0,11,1
2024-01-25 12:00:00,76.53,29.25,0.42,98.94,Norte,-5.0,-60.0,12,1
2024-01-25 13:00:00,69.55,29.5,0.37,99.59,Norte,-5.0,-60.0,13,1
2024-01-25 14:00:00,296.5,29.38,0.44,100.0,Norte,-5.0,-60.0,14,1
2024-01-25 15:00:00,241.3,28.99,0.49,100.0,Norte,-5.0,-60.0,15,1
2024-01-25 16:00:00,68.62,28.41,0.4,100.0,Norte,-5.0,-60.0,16,1
2024-01-25 17:00:00,29.5,27.77,0.37,100.0,Norte,-5.0,-60.0,17,1
2024-01-25 18:00:00,0.0,26.99,0.57,99.18,Norte,-5.0,-60.0,18,1
2024-01-25 19:00:00,0.0,26.54,0.72,99.48,Norte,-5.0,-60.0,19,1
2024-01-25 20:00:00,0.0,26.31,0.8,99.62,Norte,-5.0,-60.0,20,1
2024-01-25 21:00:00,0.0,26.18,1.13,99.72,Norte,-5.0,-60.0,21,1
2024-01-25 22:00:00,0.0,26.01,1.17,99.81,Norte,-5.0,-60.0,22,1
2024-01-25 23:00:00,0.0,25.71,1.23,99.78,Norte,-5.0,-60.0,23,1
2024-01-26 00:00:00,0.0,25.43,1.26,99.84,Norte,-5.0,-60.0,0,1
2024-01-26 01:00:00,0.0,25.23,1.24,99.8,Norte,-5.0,-60.0,1,1
2024-01-26 02:00:00,0.0,25.05,1.24,100.0,Norte,-5.0,-60.0,2,1
2024-01-26 03:00:00,0.0,24.89,1.09,100.0,Norte,-5.0,-60.0,3,1
2024-01-26 04:00:00,0.0,25.04,0.91,100.0,Norte,-5.0,-60.0,4,1
2024-01-26 05:00:00,0.0,25.03,0.89,100.0,Norte,-5.0,-60.0,5,1
2024-01-26 06:00:00,15.55,25.35,0.82,100.0,Norte,-5.0,-60.0,6,1
2024-01-26 07:00:00,86.07,26.16,0.53,100.0,Norte,-5.0,-60.0,7,1
2024-01-26 08:00:00,164.23,26.89,0.32,99.43,Norte,-5.0,-60.0,8,1
2024-01-26 09:00:00,246.93,27.3,0.52,99.25,Norte,-5.0,-60.0,9,1
2024-01-26 10:00:00,370.77,28.13,0.8,99.5,Norte,-5.0,-60.0,10,1
2024-01-26 11:00:00,401.08,29.25,1.08,99.73,Norte,-5.0,-60.0,11,1
2024-01-26 12:00:00,467.08,29.82,1.12,99.71,Norte,-5.0,-60.0,12,1
2024-01-26 13:00:00,496.27,30.12,0.88,96.99,Norte,-5.0,-60.0,13,1
2024-01-26 14:00:00,439.5,30.02,0.52,92.0,Norte,-5.0,-60.0,14,1
2024-01-26 15:00:00,318.9,29.67,0.22,94.13,Norte,-5.0,-60.0,15,1
2024-01-26 16:00:00,168.98,28.76,0.09,95.27,Norte,-5.0,-60.0,16,1
2024-01-26 17:00:00,65.47,28.02,0.2,96.31,Norte,-5.0,-60.0,17,1
2024-01-26 18:00:00,0.0,27.63,0.36,99.32,Norte,-5.0,-60.0,18,1
2024-01-26 19:00:00,0.0,27.35,0.67,99.64,Norte,-5.0,-60.0,19,1
2024-01-26 20:00:00,0.0,26.79,1.04,99.84,Norte,-5.0,-60.0,20,1
2024-01-26 21:00:00,0.0,26.18,1.25,99.85,Norte,-5.0,-60.0,21,1
2024-01-26 22:00:00,0.0,25.79,0.93,100.0,Norte,-5.0,-60.0,22,1
2024-01-26 23:00:00,0.0,25.64,0.89,100.0,Norte,-5.0,-60.0,23,1
2024-01-27 00:00:00,0.0,25.5,0.87,99.95,Norte,-5.0,-60.0,0,1
2024-01-27 01:00:00,0.0,25.32,0.77,99.92,Norte,-5.0,-60.0,1,1
2024-01-27 02:00:00,0.0,25.18,0.91,99.93,Norte,-5.0,-60.0,2,1
2024-01-27 03:00:00,0.0,25.3,1.08,99.9,Norte,-5.0,-60.0,3,1
2024-01-27 04:00:00,0.0,25.29,1.12,99.95,Norte,-5.0,-60.0,4,1
2024-01-27 05:00:00,0.0,25.06,1.22,99.88,Norte,-5.0,-60.0,5,1
2024-01-27 06:00:00,20.7,25.14,1.07,100.0,Norte,-5.0,-60.0,6,1
2024-01-27 07:00:00,111.53,26.12,0.54,99.72,Norte,-5.0,-60.0,7,1
2024-01-27 08:00:00,241.73,26.81,0.36,100.0,Norte,-5.0,-60.0,8,1
2024-01-27 09:00:00,297.15,27.5,0.53,100.0,Norte,-5.0,-60.0,9,1
2024-01-27 10:00:00,350.17,28.25,0.63,99.35,Norte,-5.0,-60.0,10,1
2024-01-27 11:00:00,466.58,28.88,0.65,98.69,Norte,-5.0,-60.0,11,1
2024-01-27 12:00:00,463.05,29.23,0.63,98.4,Norte,-5.0,-60.0,12,1
2024-01-27 13:00:00,333.45,29.26,0.61,98.59,Norte,-5.0,-60.0,13,1
2024-01-27 14:00:00,303.52,28.96,0.56,97.83,Norte,-5.0,-60.0,14,1
2024-01-27 15:00:00,277.48,28.54,0.43,97.12,Norte,-5.0,-60.0,15,1
2024-01-27 16:00:00,157.48,28.09,0.34,98.82,Norte,-5.0,-60.0,16,1
2024-01-27 17:00:00,65.12,27.54,0.28,99.83,Norte,-5.0,-60.0,17,1
2024-01-27 18:00:00,0.0,27.03,0.79,99.22,Norte,-5.0,-60.0,18,1
2024-01-27 19:00:00,0.0,26.62,1.07,94.99,Norte,-5.0,-60.0,19,1
2024-01-27 20:00:00,0.0,26.29,1.21,77.35,Norte,-5.0,-60.0,20,1
2024-01-27 21:00:00,0.0,25.97,1.3,77.27,Norte,-5.0,-60.0,21,1
2024-01-27 22:00:00,0.0,25.66,1.35,94.5,Norte,-5.0,-60.0,22,1
2024-01-27 23:00:00,0.0,25.38,1.33,99.72,Norte,-5.0,-60.0,23,1
2024-01-28 00:00:00,0.0,25.24,0.96,100.0,Norte,-5.0,-60.0,0,1
2024-01-28 01:00:00,0.0,25.25,0.85,97.06,Norte,-5.0,-60.0,1,1
2024-01-28 02:00:00,0.0,25.18,0.85,100.0,Norte,-5.0,-60.0,2,1
2024-01-28 03:00:00,0.0,25.13,0.8,100.0,Norte,-5.0,-60.0,3,1
2024-01-28 04:00:00,0.0,25.07,0.76,99.82,Norte,-5.0,-60.0,4,1
2024-01-28 05:00:00,0.0,24.98,0.77,99.98,Norte,-5.0,-60.0,5,1
2024-01-28 06:00:00,19.33,25.17,0.85,100.0,Norte,-5.0,-60.0,6,1
2024-01-28 07:00:00,116.97,25.84,0.8,100.0,Norte,-5.0,-60.0,7,1
2024-01-28 08:00:00,239.05,26.58,0.79,100.0,Norte,-5.0,-60.0,8,1
2024-01-28 09:00:00,392.38,27.56,1.02,99.57,Norte,-5.0,-60.0,9,1
2024-01-28 10:00:00,579.92,29.15,1.18,98.6,Norte,-5.0,-60.0,10,1
2024-01-28 11:00:00,658.42,29.94,1.27,95.34,Norte,-5.0,-60.0,11,1
2024-01-28 12:00:00,685.65,30.2,1.3,93.89,Norte,-5.0,-60.0,12,1
2024-01-28 13:00:00,675.92,30.09,1.23,97.18,Norte,-5.0,-60.0,13,1
2024-01-28 14:00:00,501.58,29.77,1.0,96.57,Norte,-5.0,-60.0,14,1
2024-01-28 15:00:00,224.95,29.33,0.69,99.76,Norte,-5.0,-60.0,15,1
2024-01-28 16:00:00,127.75,28.83,0.46,99.82,Norte,-5.0,-60.0,16,1
2024-01-28 17:00:00,45.45,28.2,0.33,99.08,Norte,-5.0,-60.0,17,1
2024-01-28 18:00:00,0.0,27.4,0.69,100.0,Norte,-5.0,-60.0,18,1
2024-01-28 19:00:00,0.0,26.71,0.93,100.0,Norte,-5.0,-60.0,19,1
2024-01-28 20:00:00,0.0,26.42,0.79,99.87,Norte,-5.0,-60.0,20,1
2024-01-28 21:00:00,0.0,26.27,0.85,100.0,Norte,-5.0,-60.0,21,1
2024-01-28 22:00:00,0.0,26.09,0.84,100.0,Norte,-5.0,-60.0,22,1
2024-01-28 23:00:00,0.0,25.88,0.84,100.0,Norte,-5.0,-60.0,23,1
2024-01-29 00:00:00,0.0,25.73,0.89,99.89,Norte,-5.0,-60.0,0,1
2024-01-29 01:00:00,0.0,25.56,0.9,100.0,Norte,-5.0,-60.0,1,1
2024-01-29 02:00:00,0.0,25.35,0.9,100.0,Norte,-5.0,-60.0,2,1
2024-01-29 03:00:00,0.0,25.13,0.91,100.0,Norte,-5.0,-60.0,3,1
2024-01-29 04:00:00,0.0,24.89,0.9,100.0,Norte,-5.0,-60.0,4,1
2024-01-29 05:00:00,0.0,24.63,0.88,99.85,Norte,-5.0,-60.0,5,1
2024-01-29 06:00:00,37.05,24.75,0.88,91.52,Norte,-5.0,-60.0,6,1
2024-01-29 07:00:00,188.7,25.59,0.94,84.96,Norte,-5.0,-60.0,7,1
2024-01-29 08:00:00,397.58,26.84,1.2,78.4,Norte,-5.0,-60.0,8,1
2024-01-29 09:00:00,584.65,28.2,1.31,61.86,Norte,-5.0,-60.0,9,1
2024-01-29 10:00:00,795.65,29.28,1.3,68.75,Norte,-5.0,-60.0,10,1
2024-01-29 11:00:00,904.3,30.13,1.29,53.51,Norte,-5.0,-60.0,11,1
2024-01-29 12:00:00,847.03,30.68,1.23,64.35,Norte,-5.0,-60.0,12,1
2024-01-29 13:00:00,760.95,30.89,1.13,86.91,Norte,-5.0,-60.0,13,1
2024-01-29 14:00:00,658.33,30.82,1.02,60.42,Norte,-5.0,-60.0,14,1
2024-01-29 15:00:00,482.95,30.47,0.89,59.03,Norte,-5.0,-60.0,15,1
2024-01-29 16:00:00,273.52,29.84,0.69,69.2,Norte,-5.0,-60.0,16,1
2024-01-29 17:00:00,93.38,28.99,0.59,80.83,Norte,-5.0,-60.0,17,1
2024-01-29 18:00:00,0.0,27.87,0.62,93.52,Norte,-5.0,-60.0,18,1
2024-01-29 19:00:00,0.0,27.16,0.78,96.56,Norte,-5.0,-60.0,19,1
2024-01-29 20:00:00,0.0,26.83,0.87,98.84,Norte,-5.0,-60.0,20,1
2024-01-29 21:00:00,0.0,26.55,0.9,99.61,Norte,-5.0,-60.0,21,1
2024-01-29 22:00:00,0.0,26.3,0.82,99.64,Norte,-5.0,-60.0,22,1
2024-01-29 23:00:00,0.0,26.02,0.79,99.61,Norte,-5.0,-60.0,23,1
2024-01-30 00:00:00,0.0,25.79,0.78,93.72,Norte,-5.0,-60.0,0,1
2024-01-30 01:00:00,0.0,25.55,0.82,97.83,Norte,-5.0,-60.0,1,1
2024-01-30 02:00:00,0.0,25.38,0.85,99.46,Norte,-5.0,-60.0,2,1
2024-01-30 03:00:00,0.0,25.24,0.86,99.77,Norte,-5.0,-60.0,3,1
2024-01-30 04:00:00,0.0,25.07,0.86,99.49,Norte,-5.0,-60.0,4,1
2024-01-30 05:00:00,0.0,24.93,0.89,99.35,Norte,-5.0,-60.0,5,1
2024-01-30 06:00:00,38.4,25.37,0.94,91.52,Norte,-5.0,-60.0,6,1
2024-01-30 07:00:00,190.18,26.95,0.92,83.89,Norte,-5.0,-60.0,7,1
2024-01-30 08:00:00,382.98,28.39,1.14,75.32,Norte,-5.0,-60.0,8,1
2024-01-30 09:00:00,638.2,29.51,1.26,73.58,Norte,-5.0,-60.0,9,1
2024-01-30 10:00:00,864.25,30.4,1.33,41.01,Norte,-5.0,-60.0,10,1
2024-01-30 11:00:00,956.05,31.07,1.37,9.44,Norte,-5.0,-60.0,11,1
2024-01-30 12:00:00,913.33,31.4,1.34,21.04,Norte,-5.0,-60.0,12,1
2024-01-30 13:00:00,714.35,31.5,1.26,60.03,Norte,-5.0,-60.0,13,1
2024-01-30 14:00:00,714.92,31.22,1.1,21.39,Norte,-5.0,-60.0,14,1
2024-01-30 15:00:00,547.5,30.72,0.91,14.26,Norte,-5.0,-60.0,15,1
2024-01-30 16:00:00,314.25,30.13,0.64,33.34,Norte,-5.0,-60.0,16,1
2024-01-30 17:00:00,112.25,29.4,0.51,53.91,Norte,-5.0,-60.0,17,1
2024-01-30 18:00:00,0.0,28.47,0.75,78.53,Norte,-5.0,-60.0,18,1
2024-01-30 19:00:00,0.0,27.89,0.89,51.65,Norte,-5.0,-60.0,19,1
2024-01-30 20:00:00,0.0,27.74,0.98,50.76,Norte,-5.0,-60.0,20,1
2024-01-30 21:00:00,0.0,27.6,0.88,80.09,Norte,-5.0,-60.0,21,1
2024-01-30 22:00:00,0.0,27.35,0.78,92.04,Norte,-5.0,-60.0,22,1
2024-01-30 23:00:00,0.0,27.11,0.74,99.51,Norte,-5.0,-60.0,23,1
2024-01-31 00:00:00,0.0,26.84,0.88,99.44,Norte,-5.0,-60.0,0,1
2024-01-31 01:00:00,0.0,26.52,0.91,99.98,Norte,-5.0,-60.0,1,1
2024-01-31 02:00:00,0.0,26.19,0.98,99.42,Norte,-5.0,-60.0,2,1
2024-01-31 03:00:00,0.0,26.03,0.85,98.21,Norte,-5.0,-60.0,3,1
2024-01-31 04:00:00,0.0,25.91,0.83,71.51,Norte,-5.0,-60.0,4,1
2024-01-31 05:00:00,0.0,25.72,0.83,50.71,Norte,-5.0,-60.0,5,1
2024-01-31 06:00:00,45.42,25.85,0.91,52.98,Norte,-5.0,-60.0,6,1
2024-01-31 07:00:00,221.07,26.7,0.88,54.29,Norte,-5.0,-60.0,7,1
2024-01-31 08:00:00,423.88,27.38,1.14,54.25,Norte,-5.0,-60.0,8,1
2024-01-31 09:00:00,613.9,27.6,1.13,64.6,Norte,-5.0,-60.0,9,1
2024-01-31 10:00:00,757.17,27.92,1.07,62.69,Norte,-5.0,-60.0,10,1
2024-01-31 11:00:00,728.75,28.17,1.01,80.6,Norte,-5.0,-60.0,11,1
2024-01-31 12:00:00,684.53,28.15,0.9,77.75,Norte,-5.0,-60.0,12,1
2024-01-31 13:00:00,715.17,27.91,0.76,56.35,Norte,-5.0,-60.0,13,1
2024-01-31 14:00:00,591.8,27.78,0.69,61.8,Norte,-5.0,-60.0,14,1
2024-01-31 15:00:00,374.27,27.7,0.59,88.73,Norte,-5.0,-60.0,15,1
2024-01-31 16:00:00,217.77,27.5,0.4,90.07,Norte,-5.0,-60.0,16,1
2024-01-31 17:00:00,80.57,27.1,0.2,92.12,Norte,-5.0,-60.0,17,1
2024-01-31 18:00:00,1.73,26.76,0.46,99.82,Norte,-5.0,-60.0,18,1
2024-01-31 19:00:00,0.0,26.62,0.73,99.58,Norte,-5.0,-60.0,19,1
2024-01-31 20:00:00,0.0,26.49,0.84,100.0,Norte,-5.0,-60.0,20,1
2024-01-31 21:00:00,0.0,26.41,0.86,99.78,Norte,-5.0,-60.0,21,1
2024-01-31 22:00:00,0.0,26.24,0.95,100.0,Norte,-5.0,-60.0,22,1
2024-01-31 23:00:00,0.0,26.12,0.96,100.0,Norte,-5.0,-60.0,23,1
2024-01-01 00:00:00,0.0,23.19,2.09,98.66,Centro-Oeste,-15.0,-55.0,0,1
2024-01-01 01:00:00,0.0,23.03,2.23,99.96,Centro-Oeste,-15.0,-55.0,1,1
2024-01-01 02:00:00,0.0,22.88,2.34,98.8,Centro-Oeste,-15.0,-55.0,2,1
2024-01-01 03:00:00,0.0,22.73,2.32,98.89,Centro-Oeste,-15.0,-55.0,3,1
2024-01-01 04:00:00,0.0,22.57,2.21,100.0,Centro-Oeste,-15.0,-55.0,4,1
2024-01-01 05:00:00,9.93,22.72,2.34,99.88,Centro-Oeste,-15.0,-55.0,5,1
2024-01-01 06:00:00,74.12,23.79,2.81,99.81,Centro-Oeste,-15.0,-55.0,6,1
2024-01-01 07:00:00,183.02,25.48,3.11,99.66,Centro-Oeste,-15.0,-55.0,7,1
2024-01-01 08:00:00,374.25,27.1,3.18,98.3,Centro-Oeste,-15.0,-55.0,8,1
2024-01-01 09:00:00,491.52,28.38,2.94,98.74,Centro-Oeste,-15.0,-55.0,9,1
2024-01-01 10:00:00,597.38,29.04,2.54,94.9,Centro-Oeste,-15.0,-55.0,10,1
2024-01-01 11:00:00,533.28,29.5,2.26,97.66,Centro-Oeste,-15.0,-55.0,11,1
2024-01-01 12:00:00,386.77,29.75,2.2,98.3,Centro-Oeste,-15.0,-55.0,12,1
2024-01-01 13:00:00,264.12,29.39,2.18,99.51,Centro-Oeste,-15.0,-55.0,13,1
2024-01-01 14:00:00,142.15,28.42,1.92,99.6,Centro-Oeste,-15.0,-55.0,14,1
2024-01-01 15:00:00,94.3,27.42,1.55,100.0,Centro-Oeste,-15.0,-55.0,15,1
2024-01-01 16:00:00,64.9,26.43,1.1,100.0,Centro-Oeste,-15.0,-55.0,16,1
2024-01-01 17:00:00,25.45,25.68,0.83,100.0,Centro-Oeste,-15.0,-55.0,17,1
2024-01-01 18:00:00,0.0,24.89,0.61,100.0,Centro-Oeste,-15.0,-55.0,18,1
2024-01-01 19:00:00,0.0,24.28,0.87,99.95,Centro-Oeste,-15.0,-55.0,19,1
2024-01-01 20:00:00,0.0,23.8,1.15,100.0,Centro-Oeste,-15.0,-55.0,20,1
2024-01-01 21:00:00,0.0,23.5,1.23,99.68,Centro-Oeste,-15.0,-55.0,21,1
2024-01-01 22:00:00,0.0,23.24,1.18,100.0,Centro-Oeste,-15.0,-55.0,22,1
2024-01-01 23:00:00,0.0,23.04,1.26,100.0,Centro-Oeste,-15.0,-55.0,23,1
2024-01-02 00:00:00,0.0,22.89,1.51,100.0,Centro-Oeste,-15.0,-55.0,0,1
2024-01-02 01:00:00,0.0,22.69,1.59,100.0,Centro-Oeste,-15.0,-55.0,1,1
2024-01-02 02:00:00,0.0,22.45,1.51,100.0,Centro-Oeste,-15.0,-55.0,2,1
2024-01-02 03:00:00,0.0,22.25,1.39,99.86,Centro-Oeste,-15.0,-55.0,3,1
2024-01-02 04:00:00,0.0,22.06,1.34,99.92,Centro-Oeste,-15.0,-55.0,4,1
2024-01-02 05:00:00,16.83,22.17,1.39,97.71,Centro-Oeste,-15.0,-55.0,5,1
2024-01-02 06:00:00,122.25,23.22,2.05,95.15,Centro-Oeste,-15.0,-55.0,6,1
2024-01-02 07:00:00,275.17,25.05,1.98,93.17,Centro-Oeste,-15.0,-55.0,7,1
2024-01-02 08:00:00,408.73,27.11,1.5,98.63,Centro-Oeste,-15.0,-55.0,8,1
2024-01-02 09:00:00,501.02,28.6,1.44,97.68,Centro-Oeste,-15.0,-55.0,9,1
2024-01-02 10:00:00,603.55,29.48,1.8,99.38,Centro-Oeste,-15.0,-55.0,10,1
2024-01-02 11:00:00,674.6,29.94,2.24,93.5,Centro-Oeste,-15.0,-55.0,11,1
2024-01-02 12:00:00,691.5,30.01,2.62,93.78,Centro-Oeste,-15.0,-55.0,12,1
2024-01-02 13:00:00,649.0,29.83,2.88,92.31,Centro-Oeste,-15.0,-55.0,13,1
2024-01-02 14:00:00,577.67,29.32,2.94,84.29,Centro-Oeste,-15.0,-55.0,14,1
2024-01-02 15:00:00,420.0,28.54,2.71,92.66,Centro-Oeste,-15.0,-55.0,15,1
2024-01-02 16:00:00,223.05,27.69,2.21,94.48,Centro-Oeste,-15.0,-55.0,16,1
2024-01-02 17:00:00,66.88,26.74,1.46,96.94,Centro-Oeste,-15.0,-55.0,17,1
2024-01-02 18:00:00,0.0,25.85,0.72,99.77,Centro-Oeste,-15.0,-55.0,18,1
2024-01-02 19:00:00,0.0,25.63,0.14,99.71,Centro-Oeste,-15.0,-55.0,19,1
2024-01-02 20:00:00,0.0,24.87,0.66,99.58,Centro-Oeste,-15.0,-55.0,20,1
2024-01-02 21:00:00,0.0,24.11,1.15,99.51,Centro-Oeste,-15.0,-55.0,21,1
2024-01-02 22:00:00,0.0,23.6,1.49,99.77,Centro-Oeste,-15.0,-55.0,22,1
2024-01-02 23:00:00,0.0,23.14,1.85,99.89,Centro-Oeste,-15.0,-55.0,23,1
2024-01-03 00:00:00,0.0,22.76,2.26,99.92,Centro-Oeste,-15.0,-55.0,0,1
2024-01-03 01:00:00,0.0,22.42,2.45,99.82,Centro-Oeste,-15.0,-55.0,1,1
2024-01-03 02:00:00,0.0,22.17,2.18,99.34,Centro-Oeste,-15.0,-55.0,2,1
2024-01-03 03:00:00,0.0,22.02,1.77,99.58,Centro-Oeste,-15.0,-55.0,3,1
2024-01-03 04:00:00,0.0,21.96,1.64,99.86,Centro-Oeste,-15.0,-55.0,4,1
2024-01-03 05:00:00,11.7,22.2,2.08,100.0,Centro-Oeste,-15.0,-55.0,5,1
2024-01-03 06:00:00,81.97,23.36,2.87,100.0,Centro-Oeste,-15.0,-55.0,6,1
2024-01-03 07:00:00,181.7,25.38,3.16,99.46,Centro-Oeste,-15.0,-55.0,7,1
2024-01-03 08:00:00,303.2,27.45,2.75,100.0,Centro-Oeste,-15.0,-55.0,8,1
2024-01-03 09:00:00,438.42,28.78,2.35,99.5,Centro-Oeste,-15.0,-55.0,9,1
2024-01-03 10:00:00,606.35,29.59,2.35,99.95,Centro-Oeste,-15.0,-55.0,10,1
2024-01-03 11:00:00,754.45,30.1,2.31,99.29,Centro-Oeste,-15.0,-55.0,11,1
2024-01-03 12:00:00,779.4,30.33,2.12,88.99,Centro-Oeste,-15.0,-55.0,12,1
2024-01-03 13:00:00,727.83,30.24,2.09,87.49,Centro-Oeste,-15.0,-55.0,13,1
2024-01-03 14:00:00,517.65,29.48,2.05,84.1,Centro-Oeste,-15.0,-55.0,14,1
2024-01-03 15:00:00,305.9,28.72,1.83,96.1,Centro-Oeste,-15.0,-55.0,15,1
2024-01-03 16:00:00,159.88,27.97,1.35,96.98,Centro-Oeste,-15.0,-55.0,16,1
2024-01-03 17:00:00,42.45,27.06,1.24,98.43,Centro-Oeste,-15.0,-55.0,17,1
2024-01-03 18:00:00,0.0,26.13,0.81,99.99,Centro-Oeste,-15.0,-55.0,18,1
2024-01-03 19:00:00,0.0,25.72,0.75,100.0,Centro-Oeste,-15.0,-55.0,19,1
2024-01-03 20:00:00,0.0,25.32,0.82,100.0,Centro-Oeste,-15.0,-55.0,20,1
2024-01-03 21:00:00,0.0,24.89,0.93,99.95,Centro-Oeste,-15.0,-55.0,21,1
2024-01-03 22:00:00,0.0,24.5,1.03,98.94,Centro-Oeste,-15.0,-55.0,22,1
2024-01-03 23:00:00,0.0,24.14,1.08,99.13,Centro-Oeste,-15.0,-55.0,23,1
2024-01-04 00:00:00,0.0,23.82,1.1,100.0,Centro-Oeste,-15.0,-55.0,0,1
2024-01-04 01:00:00,0.0,23.55,1.18,99.79,Centro-Oeste,-15.0,-55.0,1,1
2024-01-04 02:00:00,0.0,23.38,1.23,99.86,Centro-Oeste,-15.0,-55.0,2,1
2024-01-04 03:00:00,0.0,23.3,1.1,94.91,Centro-Oeste,-15.0,-55.0,3,1
2024-01-04 04:00:00,0.0,23.23,1.02,99.98,Centro-Oeste,-15.0,-55.0,4,1
2024-01-04 05:00:00,13.48,23.31,1.14,96.47,Centro-Oeste,-15.0,-55.0,5,1
2024-01-04 06:00:00,103.07,23.8,1.43,91.32,Centro-Oeste,-15.0,-55.0,6,1
2024-01-04 07:00:00,228.77,24.55,1.32,86.76,Centro-Oeste,-15.0,-55.0,7,1
2024-01-04 08:00:00,396.65,25.47,1.24,81.02,Centro-Oeste,-15.0,-55.0,8,1
2024-01-04 09:00:00,591.5,25.98,1.18,69.3,Centro-Oeste,-15.0,-55.0,9,1
2024-01-04 10:00:00,743.5,26.55,1.02,71.65,Centro-Oeste,-15.0,-55.0,10,1
2024-01-04 11:00:00,794.0,27.14,0.87,68.28,Centro-Oeste,-15.0,-55.0,11,1
2024-01-04 12:00:00,701.83,27.59,0.84,72.31,Centro-Oeste,-15.0,-55.0,12,1
2024-01-04 13:00:00,620.4,27.85,0.82,77.03,Centro-Oeste,-15.0,-55.0,13,1
2024-01-04 14:00:00,432.38,27.81,0.59,88.29,Centro-Oeste,-15.0,-55.0,14,1
2024-01-04 15:00:00,242.8,27.61,0.19,98.65,Centro-Oeste,-15.0,-55.0,15,1
2024-01-04 16:00:00,132.82,27.1,0.24,99.42,Centro-Oeste,-15.0,-55.0,16,1
2024-01-04 17:00:00,41.12,26.49,0.47,99.88,Centro-Oeste,-15.0,-55.0,17,1
2024-01-04 18:00:00,0.0,25.48,0.85,99.9,Centro-Oeste,-15.0,-55.0,18,1
2024-01-04 19:00:00,0.0,24.78,1.11,100.0,Centro-Oeste,-15.0,-55.0,19,1
2024-01-04 20:00:00,0.0,24.38,1.13,100.0,Centro-Oeste,-15.0,-55.0,20,1
2024-01-04 21:00:00,0.0,24.08,1.0,99.85,Centro-Oeste,-15.0,-55.0,21,1
2024-01-04 22:00:00,0.0,23.8,0.89,99.96,Centro-Oeste,-15.0,-55.0,22,1
2024-01-04 23:00:00,0.0,23.51,0.84,99.98,Centro-Oeste,-15.0,-55.0,23,1
2024-01-05 00:00:00,0.0,23.22,0.84,99.72,Centro-Oeste,-15.0,-55.0,0,1
2024-01-05 01:00:00,0.0,22.91,0.89,100.0,Centro-Oeste,-15.0,-55.0,1,1
2024-01-05 02:00:00,0.0,22.62,1.05,99.82,Centro-Oeste,-15.0,-55.0,2,1
2024-01-05 03:00:00,0.0,22.43,1.31,100.0,Centro-Oeste,-15.0,-55.0,3,1
2024-01-05 04:00:00,0.0,22.39,1.68,100.0,Centro-Oeste,-15.0,-55.0,4,1
2024-01-05 05:00:00,9.23,22.57,2.51,99.91,Centro-Oeste,-15.0,-55.0,5,1
2024-01-05 06:00:00,77.03,23.27,3.56,99.82,Centro-Oeste,-15.0,-55.0,6,1
2024-01-05 07:00:00,176.5,24.14,4.33,99.73,Centro-Oeste,-15.0,-55.0,7,1
2024-01-05 08:00:00,302.8,25.13,4.67,99.73,Centro-Oeste,-15.0,-55.0,8,1
2024-01-05 09:00:00,425.08,26.24,4.71,98.26,Centro-Oeste,-15.0,-55.0,9,1
2024-01-05 10:00:00,586.75,27.31,4.5,94.97,Centro-Oeste,-15.0,-55.0,10,1
2024-01-05 11:00:00,705.92,28.26,4.1,88.63,Centro-Oeste,-15.0,-55.0,11,1
2024-01-05 12:00:00,820.25,28.99,3.67,72.75,Centro-Oeste,-15.0,-55.0,12,1
2024-01-05 13:00:00,712.2,29.27,3.4,85.21,Centro-Oeste,-15.0,-55.0,13,1
2024-01-05 14:00:00,621.47,28.98,3.3,71.42,Centro-Oeste,-15.0,-55.0,14,1
2024-01-05 15:00:00,418.75,28.28,3.13,89.78,Centro-Oeste,-15.0,-55.0,15,1
2024-01-05 16:00:00,234.43,27.39,2.66,85.3,Centro-Oeste,-15.0,-55.0,16,1
2024-01-05 17:00:00,74.6,26.33,1.83,80.54,Centro-Oeste,-15.0,-55.0,17,1
2024-01-05 18:00:00,0.0,25.04,1.46,73.74,Centro-Oeste,-15.0,-55.0,18,1
2024-01-05 19:00:00,0.0,24.67,1.44,66.63,Centro-Oeste,-15.0,-55.0,19,1
2024-01-05 20:00:00,0.0,24.38,1.46,81.51,Centro-Oeste,-15.0,-55.0,20,1
2024-01-05 21:00:00,0.0,24.07,1.56,79.09,Centro-Oeste,-15.0,-55.0,21,1
2024-01-05 22:00:00,0.0,23.8,1.63,40.34,Centro-Oeste,-15.0,-55.0,22,1
2024-01-05 23:00:00,0.0,23.58,1.62,49.75,Centro-Oeste,-15.0,-55.0,23,1
2024-01-06 00:00:00,0.0,23.34,1.84,82.02,Centro-Oeste,-15.0,-55.0,0,1
2024-01-06 01:00:00,0.0,23.05,2.02,68.34,Centro-Oeste,-15.0,-55.0,1,1
2024-01-06 02:00:00,0.0,22.79,2.03,55.7,Centro-Oeste,-15.0,-55.0,2,1
2024-01-06 03:00:00,0.0,22.57,2.14,91.03,Centro-Oeste,-15.0,-55.0,3,1
2024-01-06 04:00:00,0.0,22.37,2.31,93.54,Centro-Oeste,-15.0,-55.0,4,1
2024-01-06 05:00:00,19.6,22.32,2.48,78.4,Centro-Oeste,-15.0,-55.0,5,1
2024-01-06 06:00:00,160.98,22.86,3.02,62.91,Centro-Oeste,-15.0,-55.0,6,1
2024-01-06 07:00:00,344.65,24.34,3.48,49.23,Centro-Oeste,-15.0,-55.0,7,1
2024-01-06 08:00:00,571.03,26.16,3.6,34.71,Centro-Oeste,-15.0,-55.0,8,1
2024-01-06 09:00:00,757.53,27.51,3.28,30.55,Centro-Oeste,-15.0,-55.0,9,1
2024-01-06 10:00:00,880.65,28.45,3.26,25.31,Centro-Oeste,-15.0,-55.0,10,1
2024-01-06 11:00:00,920.03,29.13,3.41,38.98,Centro-Oeste,-15.0,-55.0,11,1
2024-01-06 12:00:00,883.5,29.46,3.44,44.77,Centro-Oeste,-15.0,-55.0,12,1
2024-01-06 13:00:00,820.85,29.61,3.31,34.27,Centro-Oeste,-15.0,-55.0,13,1
2024-01-06 14:00:00,621.58,29.4,3.07,47.48,Centro-Oeste,-15.0,-55.0,14,1
2024-01-06 15:00:00,443.15,28.88,2.78,46.11,Centro-Oeste,-15.0,-55.0,15,1
2024-01-06 16:00:00,227.27,28.03,2.43,56.94,Centro-Oeste,-15.0,-55.0,16,1
2024-01-06 17:00:00,65.15,26.77,1.8,69.27,Centro-Oeste,-15.0,-55.0,17,1
2024-01-06 18:00:00,0.0,25.02,1.67,81.79,Centro-Oeste,-15.0,-55.0,18,1
2024-01-06 19:00:00,0.0,24.44,1.78,96.98,Centro-Oeste,-15.0,-55.0,19,1
2024-01-06 20:00:00,0.0,23.99,1.87,88.63,Centro-Oeste,-15.0,-55.0,20,1
2024-01-06 21:00:00,0.0,23.63,1.95,63.73,Centro-Oeste,-15.0,-55.0,21,1
2024-01-06 22:00:00,0.0,23.3,2.0,85.99,Centro-Oeste,-15.0,-55.0,22,1
2024-01-06 23:00:00,0.0,23.0,2.11,99.76,Centro-Oeste,-15.0,-55.0,23,1
2024-01-07 00:00:00,0.0,22.75,2.21,99.68,Centro-Oeste,-15.0,-55.0,0,1
2024-01-07 01:00:00,0.0,22.57,2.18,90.95,Centro-Oeste,-15.0,-55.0,1,1
2024-01-07 02:00:00,0.0,22.48,2.09,95.33,Centro-Oeste,-15.0,-55.0,2,1
2024-01-07 03:00:00,0.0,22.32,1.88,94.51,Centro-Oeste,-15.0,-55.0,3,1
2024-01-07 04:00:00,0.0,22.15,1.9,86.14,Centro-Oeste,-15.0,-55.0,4,1
2024-01-07 05:00:00,13.48,22.31,2.73,91.99,Centro-Oeste,-15.0,-55.0,5,1
2024-01-07 06:00:00,92.97,23.71,3.82,95.26,Centro-Oeste,-15.0,-55.0,6,1
2024-01-07 07:00:00,192.95,25.85,4.35,97.6,Centro-Oeste,-15.0,-55.0,7,1
2024-01-07 08:00:00,248.25,27.42,4.26,100.0,Centro-Oeste,-15.0,-55.0,8,1
2024-01-07 09:00:00,421.88,28.47,3.98,100.0,Centro-Oeste,-15.0,-55.0,9,1
2024-01-07 10:00:00,561.3,29.32,3.8,97.86,Centro-Oeste,-15.0,-55.0,10,1
2024-01-07 11:00:00,669.55,30.0,3.62,91.19,Centro-Oeste,-15.0,-55.0,11,1
2024-01-07 12:00:00,708.08,30.45,3.32,84.96,Centro-Oeste,-15.0,-55.0,12,1
2024-01-07 13:00:00,653.75,30.58,2.86,76.81,Centro-Oeste,-15.0,-55.0,13,1
2024-01-07 14:00:00,503.73,30.41,2.37,86.65,Centro-Oeste,-15.0,-55.0,14,1
2024-01-07 15:00:00,376.52,29.98,1.99,77.48,Centro-Oeste,-15.0,-55.0,15,1
2024-01-07 16:00:00,195.05,29.09,1.72,84.14,Centro-Oeste,-15.0,-55.0,16,1
2024-01-07 17:00:00,55.42,28.02,1.56,91.5,Centro-Oeste,-15.0,-55.0,17,1
2024-01-07 18:00:00,0.0,26.08,1.51,99.47,Centro-Oeste,-15.0,-55.0,18,1
2024-01-07 19:00:00,0.0,25.27,1.9,99.17,Centro-Oeste,-15.0,-55.0,19,1
2024-01-07 20:00:00,0.0,24.72,2.32,98.58,Centro-Oeste,-15.0,-55.0,20,1
2024-01-07 21:00:00,0.0,24.31,2.89,98.29,Centro-Oeste,-15.0,-55.0,21,1
2024-01-07 22:00:00,0.0,24.01,3.33,98.59,Centro-Oeste,-15.0,-55.0,22,1
2024-01-07 23:00:00,0.0,23.8,3.43,99.15,Centro-Oeste,-15.0,-55.0,23,1
2024-01-08 00:00:00,0.0,23.67,3.39,99.48,Centro-Oeste,-15.0,-55.0,0,1
2024-01-08 01:00:00,0.0,23.49,3.4,99.96,Centro-Oeste,-15.0,-55.0,1,1
2024-01-08 02:00:00,0.0,23.27,3.35,100.0,Centro-Oeste,-15.0,-55.0,2,1
2024-01-08 03:00:00,0.0,23.04,3.68,100.0,Centro-Oeste,-15.0,-55.0,3,1
2024-01-08 04:00:00,0.0,22.79,3.88,100.0,Centro-Oeste,-15.0,-55.0,4,1
2024-01-08 05:00:00,12.52,22.65,3.33,99.7,Centro-Oeste,-15.0,-55.0,5,1
2024-01-08 06:00:00,111.2,23.06,3.78,97.31,Centro-Oeste,-15.0,-55.0,6,1
2024-01-08 07:00:00,242.77,23.64,4.22,97.25,Centro-Oeste,-15.0,-55.0,7,1
2024-01-08 08:00:00,373.62,24.55,4.36,97.95,Centro-Oeste,-15.0,-55.0,8,1
2024-01-08 09:00:00,488.33,25.74,4.22,99.51,Centro-Oeste,-15.0,-55.0,9,1
2024-01-08 10:00:00,657.45,26.79,3.81,92.35,Centro-Oeste,-15.0,-55.0,10,1
2024-01-08 11:00:00,799.1,27.77,3.24,54.9,Centro-Oeste,-15.0,-55.0,11,1
2024-01-08 12:00:00,876.72,28.45,2.67,46.47,Centro-Oeste,-15.0,-55.0,12,1
2024-01-08 13:00:00,816.67,28.75,2.1,32.5,Centro-Oeste,-15.0,-55.0,13,1
2024-01-08 14:00:00,734.35,28.82,1.56,20.61,Centro-Oeste,-15.0,-55.0,14,1
2024-01-08 15:00:00,528.53,28.77,1.1,18.48,Centro-Oeste,-15.0,-55.0,15,1
2024-01-08 16:00:00,278.02,28.25,1.07,39.1,Centro-Oeste,-15.0,-55.0,16,1
2024-01-08 17:00:00,75.78,27.29,1.26,60.17,Centro-Oeste,-15.0,-55.0,17,1
2024-01-08 18:00:00,0.0,25.56,1.57,99.04,Centro-Oeste,-15.0,-55.0,18,1
2024-01-08 19:00:00,0.0,24.87,1.91,98.37,Centro-Oeste,-15.0,-55.0,19,1
2024-01-08 20:00:00,0.0,24.35,2.19,97.66,Centro-Oeste,-15.0,-55.0,20,1
2024-01-08 21:00:00,0.0,23.92,2.45,98.24,Centro-Oeste,-15.0,-55.0,21,1
2024-01-08 22:00:00,0.0,23.49,2.54,98.2,Centro-Oeste,-15.0,-55.0,22,1
2024-01-08 23:00:00,0.0,23.17,2.68,98.65,Centro-Oeste,-15.0,-55.0,23,1
2024-01-09 00:00:00,0.0,22.94,2.71,99.96,Centro-Oeste,-15.0,-55.0,0,1
2024-01-09 01:00:00,0.0,22.76,2.68,99.77,Centro-Oeste,-15.0,-55.0,1,1
2024-01-09 02:00:00,0.0,22.57,2.6,100.0,Centro-Oeste,-15.0,-55.0,2,1
2024-01-09 03:00:00,0.0,22.43,2.52,100.0,Centro-Oeste,-15.0,-55.0,3,1
2024-01-09 04:00:00,0.0,22.29,2.49,100.0,Centro-Oeste,-15.0,-55.0,4,1
2024-01-09 05:00:00,11.82,22.3,2.72,100.0,Centro-Oeste,-15.0,-55.0,5,1
2024-01-09 06:00:00,106.12,22.92,3.35,98.01,Centro-Oeste,-15.0,-55.0,6,1
2024-01-09 07:00:00,224.62,24.05,3.34,99.13,Centro-Oeste,-15.0,-55.0,7,1
2024-01-09 08:00:00,328.92,25.67,3.25,100.0,Centro-Oeste,-15.0,-55.0,8,1
2024-01-09 09:00:00,429.73,27.05,3.18,100.0,Centro-Oeste,-15.0,-55.0,9,1
2024-01-09 10:00:00,586.3,28.06,3.15,97.98,Centro-Oeste,-15.0,-55.0,10,1
2024-01-09 11:00:00,696.1,28.69,3.09,90.6,Centro-Oeste,-15.0,-55.0,11,1
2024-01-09 12:00:00,708.88,28.93,2.95,86.86,Centro-Oeste,-15.0,-55.0,12,1
2024-01-09 13:00:00,638.17,28.93,2.68,85.42,Centro-Oeste,-15.0,-55.0,13,1
2024-01-09 14:00:00,512.58,28.75,2.36,89.8,Centro-Oeste,-15.0,-55.0,14,1
2024-01-09 15:00:00,282.98,28.35,2.11,94.45,Centro-Oeste,-15.0,-55.0,15,1
2024-01-09 16:00:00,156.05,27.79,1.72,95.75,Centro-Oeste,-15.0,-55.0,16,1
2024-01-09 17:00:00,35.17,26.66,1.66,97.93,Centro-Oeste,-15.0,-55.0,17,1
2024-01-09 18:00:00,0.0,25.1,1.67,99.25,Centro-Oeste,-15.0,-55.0,18,1
2024-01-09 19:00:00,0.0,24.56,1.8,99.08,Centro-Oeste,-15.0,-55.0,19,1
2024-01-09 20:00:00,0.0,24.12,1.92,99.03,Centro-Oeste,-15.0,-55.0,20,1
2024-01-09 21:00:00,0.0,23.72,2.09,99.05,Centro-Oeste,-15.0,-55.0,21,1
2024-01-09 22:00:00,0.0,23.36,2.23,99.59,Centro-Oeste,-15.0,-55.0,22,1
2024-01-09 23:00:00,0.0,23.08,2.44,100.0,Centro-Oeste,-15.0,-55.0,23,1
2024-01-10 00:00:00,0.0,22.77,2.44,99.93,Centro-Oeste,-15.0,-55.0,0,1
2024-01-10 01:00:00,0.0,22.49,2.08,100.0,Centro-Oeste,-15.0,-55.0,1,1
2024-01-10 02:00:00,0.0,22.33,1.88,100.0,Centro-Oeste,-15.0,-55.0,2,1
2024-01-10 03:00:00,0.0,22.25,1.91,100.0,Centro-Oeste,-15.0,-55.0,3,1
2024-01-10 04:00:00,0.0,22.2,1.94,99.96,Centro-Oeste,-15.0,-55.0,4,1
2024-01-10 05:00:00,7.78,22.46,2.68,100.0,Centro-Oeste,-15.0,-55.0,5,1
2024-01-10 06:00:00,71.57,23.07,3.86,100.0,Centro-Oeste,-15.0,-55.0,6,1
2024-01-10 07:00:00,173.48,23.46,4.84,100.0,Centro-Oeste,-15.0,-55.0,7,1
2024-01-10 08:00:00,298.98,23.65,5.9,98.82,Centro-Oeste,-15.0,-55.0,8,1
2024-01-10 09:00:00,463.65,24.48,6.19,99.97,Centro-Oeste,-15.0,-55.0,9,1
2024-01-10 10:00:00,578.6,25.67,6.3,99.21,Centro-Oeste,-15.0,-55.0,10,1
2024-01-10 11:00:00,655.35,26.6,6.07,97.04,Centro-Oeste,-15.0,-55.0,11,1
2024-01-10 12:00:00,782.35,27.15,5.71,68.99,Centro-Oeste,-15.0,-55.0,12,1
2024-01-10 13:00:00,681.72,27.38,5.3,73.19,Centro-Oeste,-15.0,-55.0,13,1
2024-01-10 14:00:00,446.1,27.32,4.85,86.01,Centro-Oeste,-15.0,-55.0,14,1
2024-01-10 15:00:00,233.85,26.96,4.29,97.9,Centro-Oeste,-15.0,-55.0,15,1
2024-01-10 16:00:00,127.07,26.28,3.53,98.39,Centro-Oeste,-15.0,-55.0,16,1
2024-01-10 17:00:00,31.27,25.12,2.55,99.64,Centro-Oeste,-15.0,-55.0,17,1
2024-01-10 18:00:00,0.0,23.59,2.25,98.58,Centro-Oeste,-15.0,-55.0,18,1
2024-01-10 19:00:00,0.0,23.19,2.74,99.56,Centro-Oeste,-15.0,-55.0,19,1
2024-01-10 20:00:00,0.0,22.96,3.31,99.36,Centro-Oeste,-15.0,-55.0,20,1
2024-01-10 21:00:00,0.0,22.73,3.61,100.0,Centro-Oeste,-15.0,-55.0,21,1
2024-01-10 22:00:00,0.0,22.55,3.56,100.0,Centro-Oeste,-15.0,-55.0,22,1
2024-01-10 23:00:00,0.0,22.32,3.44,100.0,Centro-Oeste,-15.0,-55.0,23,1
2024-01-11 00:00:00,0.0,22.05,3.55,100.0,Centro-Oeste,-15.0,-55.0,0,1
2024-01-11 01:00:00,0.0,21.82,3.74,100.0,Centro-Oeste,-15.0,-55.0,1,1
2024-01-11 02:00:00,0.0,21.61,3.9,100.0,Centro-Oeste,-15.0,-55.0,2,1
2024-01-11 03:00:00,0.0,21.48,3.97,100.0,Centro-Oeste,-15.0,-55.0,3,1
2024-01-11 04:00:00,0.0,21.33,3.62,100.0,Centro-Oeste,-15.0,-55.0,4,1
2024-01-11 05:00:00,4.62,21.3,3.35,100.0,Centro-Oeste,-15.0,-55.0,5,1
2024-01-11 06:00:00,37.22,21.93,4.04,100.0,Centro-Oeste,-15.0,-55.0,6,1
2024-01-11 07:00:00,82.18,22.83,4.85,100.0,Centro-Oeste,-15.0,-55.0,7,1
2024-01-11 08:00:00,129.23,24.01,5.28,100.0,Centro-Oeste,-15.0,-55.0,8,1
2024-01-11 09:00:00,192.18,25.09,5.39,100.0,Centro-Oeste,-15.0,-55.0,9,1
2024-01-11 10:00:00,294.92,25.91,5.43,100.0,Centro-Oeste,-15.0,-55.0,10,1
2024-01-11 11:00:00,334.42,26.45,5.46,100.0,Centro-Oeste,-15.0,-55.0,11,1
2024-01-11 12:00:00,374.1,26.81,5.32,99.99,Centro-Oeste,-15.0,-55.0,12,1
2024-01-11 13:00:00,401.85,26.93,5.11,99.91,Centro-Oeste,-15.0,-55.0,13,1
2024-01-11 14:00:00,295.3,26.76,4.9,99.93,Centro-Oeste,-15.0,-55.0,14,1
2024-01-11 15:00:00,333.45,26.33,4.55,96.92,Centro-Oeste,-15.0,-55.0,15,1
2024-01-11 16:00:00,181.25,25.46,3.85,96.53,Centro-Oeste,-15.0,-55.0,16,1
2024-01-11 17:00:00,55.35,24.3,2.57,97.13,Centro-Oeste,-15.0,-55.0,17,1
2024-01-11 18:00:00,0.0,23.04,1.57,98.57,Centro-Oeste,-15.0,-55.0,18,1
2024-01-11 19:00:00,0.0,22.71,1.48,99.41,Centro-Oeste,-15.0,-55.0,19,1
2024-01-11 20:00:00,0.0,22.46,1.43,99.6,Centro-Oeste,-15.0,-55.0,20,1
2024-01-11 21:00:00,0.0,22.27,1.49,100.0,Centro-Oeste,-15.0,-55.0,21,1
2024-01-11 22:00:00,0.0,22.1,1.77,99.4,Centro-Oeste,-15.0,-55.0,22,1
2024-01-11 23:00:00,0.0,21.97,2.37,99.72,Centro-Oeste,-15.0,-55.0,23,1
2024-01-12 00:00:00,0.0,21.81,2.85,100.0,Centro-Oeste,-15.0,-55.0,0,1
2024-01-12 01:00:00,0.0,21.63,3.0,99.9,Centro-Oeste,-15.0,-55.0,1,1
2024-01-12 02:00:00,0.0,21.39,2.94,99.97,Centro-Oeste,-15.0,-55.0,2,1
2024-01-12 03:00:00,0.0,21.19,2.82,99.74,Centro-Oeste,-15.0,-55.0,3,1
2024-01-12 04:00:00,0.0,21.01,2.51,98.81,Centro-Oeste,-15.0,-55.0,4,1
2024-01-12 05:00:00,9.27,21.06,2.5,99.94,Centro-Oeste,-15.0,-55.0,5,1
2024-01-12 06:00:00,74.53,21.77,3.19,99.46,Centro-Oeste,-15.0,-55.0,6,1
2024-01-12 07:00:00,149.15,23.06,3.69,99.73,Centro-Oeste,-15.0,-55.0,7,1
2024-01-12 08:00:00,278.35,24.81,3.86,99.28,Centro-Oeste,-15.0,-55.0,8,1
2024-01-12 09:00:00,569.78,26.33,3.64,98.9,Centro-Oeste,-15.0,-55.0,9,1
2024-01-12 10:00:00,706.67,27.25,3.28,91.69,Centro-Oeste,-15.0,-55.0,10,1
2024-01-12 11:00:00,663.42,27.91,3.13,98.22,Centro-Oeste,-15.0,-55.0,11,1
2024-01-12 12:00:00,733.88,28.35,3.08,100.0,Centro-Oeste,-15.0,-55.0,12,1
2024-01-12 13:00:00,709.78,28.5,2.94,86.13,Centro-Oeste,-15.0,-55.0,13,1
2024-01-12 14:00:00,552.6,28.21,2.9,71.33,Centro-Oeste,-15.0,-55.0,14,1
2024-01-12 15:00:00,423.83,27.45,2.77,58.77,Centro-Oeste,-15.0,-55.0,15,1
2024-01-12 16:00:00,229.18,26.66,2.28,70.98,Centro-Oeste,-15.0,-55.0,16,1
2024-01-12 17:00:00,69.53,25.63,1.46,84.51,Centro-Oeste,-15.0,-55.0,17,1
2024-01-12 18:00:00,0.0,24.49,1.0,98.59,Centro-Oeste,-15.0,-55.0,18,1
2024-01-12 19:00:00,0.0,24.15,0.84,95.1,Centro-Oeste,-15.0,-55.0,19,1
2024-01-12 20:00:00,0.0,23.8,0.8,98.81,Centro-Oeste,-15.0,-55.0,20,1
2024-01-12 21:00:00,0.0,23.41,1.1,97.2,Centro-Oeste,-15.0,-55.0,21,1
2024-01-12 22:00:00,0.0,23.21,1.68,99.73,Centro-Oeste,-15.0,-55.0,22,1
2024-01-12 23:00:00,0.0,22.83,2.33,99.51,Centro-Oeste,-15.0,-55.0,23,1
2024-01-13 00:00:00,0.0,22.56,2.57,99.95,Centro-Oeste,-15.0,-55.0,0,1
2024-01-13 01:00:00,0.0,22.34,2.77,99.32,Centro-Oeste,-15.0,-55.0,1,1
2024-01-13 02:00:00,0.0,22.09,3.31,99.1,Centro-Oeste,-15.0,-55.0,2,1
2024-01-13 03:00:00,0.0,21.88,3.51,98.84,Centro-Oeste,-15.0,-55.0,3,1
2024-01-13 04:00:00,0.0,21.74,3.22,98.77,Centro-Oeste,-15.0,-55.0,4,1
2024-01-13 05:00:00,14.3,21.72,2.89,98.62,Centro-Oeste,-15.0,-55.0,5,1
2024-01-13 06:00:00,138.57,22.39,3.49,97.08,Centro-Oeste,-15.0,-55.0,6,1
2024-01-13 07:00:00,320.38,24.0,3.89,97.15,Centro-Oeste,-15.0,-55.0,7,1
2024-01-13 08:00:00,509.83,26.06,4.3,97.22,Centro-Oeste,-15.0,-55.0,8,1
2024-01-13 09:00:00,673.88,27.39,4.7,96.72,Centro-Oeste,-15.0,-55.0,9,1
2024-01-13 10:00:00,768.1,28.22,5.07,89.86,Centro-Oeste,-15.0,-55.0,10,1
2024-01-13 11:00:00,816.55,28.69,5.3,84.37,Centro-Oeste,-15.0,-55.0,11,1
2024-01-13 12:00:00,805.65,28.84,5.3,66.07,Centro-Oeste,-15.0,-55.0,12,1
2024-01-13 13:00:00,649.08,28.79,5.16,66.84,Centro-Oeste,-15.0,-55.0,13,1
2024-01-13 14:00:00,607.55,28.51,4.89,50.53,Centro-Oeste,-15.0,-55.0,14,1
2024-01-13 15:00:00,455.73,28.05,4.43,44.11,Centro-Oeste,-15.0,-55.0,15,1
2024-01-13 16:00:00,243.88,27.33,3.77,58.12,Centro-Oeste,-15.0,-55.0,16,1
2024-01-13 17:00:00,67.18,26.01,2.33,75.7,Centro-Oeste,-15.0,-55.0,17,1
2024-01-13 18:00:00,0.0,24.18,1.65,97.11,Centro-Oeste,-15.0,-55.0,18,1
2024-01-13 19:00:00,0.0,23.8,1.54,97.17,Centro-Oeste,-15.0,-55.0,19,1
2024-01-13 20:00:00,0.0,23.45,1.55,95.43,Centro-Oeste,-15.0,-55.0,20,1
2024-01-13 21:00:00,0.0,23.05,1.71,99.69,Centro-Oeste,-15.0,-55.0,21,1
2024-01-13 22:00:00,0.0,22.73,1.85,99.34,Centro-Oeste,-15.0,-55.0,22,1
2024-01-13 23:00:00,0.0,22.52,2.01,97.97,Centro-Oeste,-15.0,-55.0,23,1
2024-01-14 00:00:00,0.0,22.31,2.12,96.44,Centro-Oeste,-15.0,-55.0,0,1
2024-01-14 01:00:00,0.0,22.08,2.08,99.56,Centro-Oeste,-15.0,-55.0,1,1
2024-01-14 02:00:00,0.0,21.88,2.0,99.47,Centro-Oeste,-15.0,-55.0,2,1
2024-01-14 03:00:00,0.0,21.79,1.95,99.87,Centro-Oeste,-15.0,-55.0,3,1
2024-01-14 04:00:00,0.0,21.83,1.93,99.85,Centro-Oeste,-15.0,-55.0,4,1
2024-01-14 05:00:00,16.35,22.23,2.28,81.2,Centro-Oeste,-15.0,-55.0,5,1
2024-01-14 06:00:00,180.77,23.46,3.36,60.64,Centro-Oeste,-15.0,-55.0,6,1
2024-01-14 07:00:00,390.83,24.93,4.09,44.46,Centro-Oeste,-15.0,-55.0,7,1
2024-01-14 08:00:00,590.15,26.53,5.02,27.86,Centro-Oeste,-15.0,-55.0,8,1
2024-01-14 09:00:00,758.15,27.76,5.53,30.59,Centro-Oeste,-15.0,-55.0,9,1
2024-01-14 10:00:00,886.0,28.29,5.65,29.43,Centro-Oeste,-15.0,-55.0,10,1
2024-01-14 11:00:00,953.17,28.65,5.58,31.35,Centro-Oeste,-15.0,-55.0,11,1
2024-01-14 12:00:00,941.58,28.89,5.34,30.63,Centro-Oeste,-15.0,-55.0,12,1
2024-01-14 13:00:00,831.03,29.03,5.07,26.97,Centro-Oeste,-15.0,-55.0,13,1
2024-01-14 14:00:00,704.7,28.89,4.72,35.52,Centro-Oeste,-15.0,-55.0,14,1
2024-01-14 15:00:00,491.5,28.46,4.26,50.34,Centro-Oeste,-15.0,-55.0,15,1
2024-01-14 16:00:00,272.73,27.7,3.48,65.08,Centro-Oeste,-15.0,-55.0,16,1
2024-01-14 17:00:00,79.4,26.45,2.11,79.51,Centro-Oeste,-15.0,-55.0,17,1
2024-01-14 18:00:00,0.0,24.84,1.77,97.61,Centro-Oeste,-15.0,-55.0,18,1
2024-01-14 19:00:00,0.0,24.41,1.81,98.61,Centro-Oeste,-15.0,-55.0,19,1
2024-01-14 20:00:00,0.0,24.06,1.93,98.72,Centro-Oeste,-15.0,-55.0,20,1
2024-01-14 21:00:00,0.0,23.72,2.07,98.29,Centro-Oeste,-15.0,-55.0,21,1
2024-01-14 22:00:00,0.0,23.33,2.14,98.46,Centro-Oeste,-15.0,-55.0,22,1
2024-01-14 23:00:00,0.0,22.94,2.11,98.47,Centro-Oeste,-15.0,-55.0,23,1
2024-01-15 00:00:00,0.0,22.61,2.06,99.64,Centro-Oeste,-15.0,-55.0,0,1
2024-01-15 01:00:00,0.0,22.34,2.01,99.77,Centro-Oeste,-15.0,-55.0,1,1
2024-01-15 02:00:00,0.0,22.11,2.01,99.95,Centro-Oeste,-15.0,-55.0,2,1
2024-01-15 03:00:00,0.0,21.9,2.04,100.0,Centro-Oeste,-15.0,-55.0,3,1
2024-01-15 04:00:00,0.0,21.73,2.06,99.62,Centro-Oeste,-15.0,-55.0,4,1
2024-01-15 05:00:00,12.82,22.03,2.5,90.9,Centro-Oeste,-15.0,-55.0,5,1
2024-01-15 06:00:00,129.4,23.6,3.46,82.76,Centro-Oeste,-15.0,-55.0,6,1
2024-01-15 07:00:00,295.42,25.59,3.95,75.15,Centro-Oeste,-15.0,-55.0,7,1
2024-01-15 08:00:00,511.52,27.14,4.09,65.14,Centro-Oeste,-15.0,-55.0,8,1
2024-01-15 09:00:00,686.92,28.22,3.85,71.42,Centro-Oeste,-15.0,-55.0,9,1
2024-01-15 10:00:00,802.9,29.03,3.68,60.83,Centro-Oeste,-15.0,-55.0,10,1
2024-01-15 11:00:00,697.25,29.54,3.62,80.64,Centro-Oeste,-15.0,-55.0,11,1
2024-01-15 12:00:00,439.15,29.81,3.55,98.48,Centro-Oeste,-15.0,-55.0,12,1
2024-01-15 13:00:00,257.17,29.79,3.46,99.91,Centro-Oeste,-15.0,-55.0,13,1
2024-01-15 14:00:00,197.7,29.23,3.33,100.0,Centro-Oeste,-15.0,-55.0,14,1
2024-01-15 15:00:00,184.43,28.41,2.99,100.0,Centro-Oeste,-15.0,-55.0,15,1
2024-01-15 16:00:00,84.25,27.29,2.8,100.0,Centro-Oeste,-15.0,-55.0,16,1
2024-01-15 17:00:00,29.5,25.73,2.32,100.0,Centro-Oeste,-15.0,-55.0,17,1
2024-01-15 18:00:00,0.0,24.46,2.4,99.95,Centro-Oeste,-15.0,-55.0,18,1
2024-01-15 19:00:00,0.0,23.97,2.72,98.57,Centro-Oeste,-15.0,-55.0,19,1
2024-01-15 20:00:00,0.0,23.55,3.03,99.45,Centro-Oeste,-15.0,-55.0,20,1
2024-01-15 21:00:00,0.0,23.2,3.25,99.47,Centro-Oeste,-15.0,-55.0,21,1
2024-01-15 22:00:00,0.0,22.86,3.28,99.37,Centro-Oeste,-15.0,-55.0,22,1
2024-01-15 23:00:00,0.0,22.5,3.22,99.51,Centro-Oeste,-15.0,-55.0,23,1
2024-01-16 00:00:00,0.0,22.1,3.03,99.68,Centro-Oeste,-15.0,-55.0,0,1
2024-01-16 01:00:00,0.0,21.61,2.77,99.66,Centro-Oeste,-15.0,-55.0,1,1
2024-01-16 02:00:00,0.0,21.19,2.63,99.7,Centro-Oeste,-15.0,-55.0,2,1
2024-01-16 03:00:00,0.0,20.87,2.53,99.96,Centro-Oeste,-15.0,-55.0,3,1
2024-01-16 04:00:00,0.0,20.6,2.54,99.79,Centro-Oeste,-15.0,-55.0,4,1
2024-01-16 05:00:00,13.95,20.72,2.91,75.47,Centro-Oeste,-15.0,-55.0,5,1
2024-01-16 06:00:00,175.55,22.37,3.59,46.72,Centro-Oeste,-15.0,-55.0,6,1
2024-01-16 07:00:00,407.75,25.2,4.63,27.92,Centro-Oeste,-15.0,-55.0,7,1
2024-01-16 08:00:00,663.22,27.42,5.31,3.99,Centro-Oeste,-15.0,-55.0,8,1
2024-01-16 09:00:00,853.8,28.99,5.17,1.09,Centro-Oeste,-15.0,-55.0,9,1
2024-01-16 10:00:00,974.08,30.08,4.8,6.83,Centro-Oeste,-15.0,-55.0,10,1
2024-01-16 11:00:00,998.55,30.71,4.41,20.37,Centro-Oeste,-15.0,-55.0,11,1
2024-01-16 12:00:00,925.22,30.96,4.02,26.84,Centro-Oeste,-15.0,-55.0,12,1
2024-01-16 13:00:00,796.78,30.93,3.63,45.13,Centro-Oeste,-15.0,-55.0,13,1
2024-01-16 14:00:00,690.2,30.7,3.29,38.15,Centro-Oeste,-15.0,-55.0,14,1
2024-01-16 15:00:00,507.95,30.24,2.97,35.14,Centro-Oeste,-15.0,-55.0,15,1
2024-01-16 16:00:00,293.42,29.3,2.4,31.37,Centro-Oeste,-15.0,-55.0,16,1
2024-01-16 17:00:00,105.4,28.1,1.71,19.92,Centro-Oeste,-15.0,-55.0,17,1
2024-01-16 18:00:00,0.0,26.4,1.41,11.64,Centro-Oeste,-15.0,-55.0,18,1
2024-01-16 19:00:00,0.0,25.79,1.48,0.36,Centro-Oeste,-15.0,-55.0,19,1
2024-01-16 20:00:00,0.0,24.94,1.8,0.48,Centro-Oeste,-15.0,-55.0,20,1
2024-01-16 21:00:00,0.0,24.19,2.26,0.6,Centro-Oeste,-15.0,-55.0,21,1
2024-01-16 22:00:00,0.0,23.73,2.64,0.72,Centro-Oeste,-15.0,-55.0,22,1
2024-01-16 23:00:00,0.0,23.35,2.85,6.05,Centro-Oeste,-15.0,-55.0,23,1
2024-01-17 00:00:00,0.0,22.86,2.82,5.01,Centro-Oeste,-15.0,-55.0,0,1
2024-01-17 01:00:00,0.0,22.43,2.74,1.61,Centro-Oeste,-15.0,-55.0,1,1
2024-01-17 02:00:00,0.0,22.09,2.67,28.56,Centro-Oeste,-15.0,-55.0,2,1
2024-01-17 03:00:00,0.0,21.71,2.48,27.63,Centro-Oeste,-15.0,-55.0,3,1
2024-01-17 04:00:00,0.0,21.28,2.29,59.05,Centro-Oeste,-15.0,-55.0,4,1
2024-01-17 05:00:00,14.38,21.64,2.35,47.16,Centro-Oeste,-15.0,-55.0,5,1
2024-01-17 06:00:00,180.7,23.97,2.83,32.99,Centro-Oeste,-15.0,-55.0,6,1
2024-01-17 07:00:00,406.4,26.85,3.72,24.83,Centro-Oeste,-15.0,-55.0,7,1
2024-01-17 08:00:00,659.95,28.61,3.9,11.55,Centro-Oeste,-15.0,-55.0,8,1
2024-01-17 09:00:00,850.72,29.93,3.74,7.86,Centro-Oeste,-15.0,-55.0,9,1
2024-01-17 10:00:00,946.47,30.88,3.39,18.62,Centro-Oeste,-15.0,-55.0,10,1
2024-01-17 11:00:00,974.17,31.49,2.87,31.39,Centro-Oeste,-15.0,-55.0,11,1
2024-01-17 12:00:00,951.55,31.8,2.25,27.0,Centro-Oeste,-15.0,-55.0,12,1
2024-01-17 13:00:00,818.53,31.93,1.7,32.25,Centro-Oeste,-15.0,-55.0,13,1
2024-01-17 14:00:00,741.8,31.83,1.4,21.15,Centro-Oeste,-15.0,-55.0,14,1
2024-01-17 15:00:00,523.58,31.48,1.34,29.07,Centro-Oeste,-15.0,-55.0,15,1
2024-01-17 16:00:00,297.45,30.73,1.34,50.78,Centro-Oeste,-15.0,-55.0,16,1
2024-01-17 17:00:00,92.45,29.75,1.53,72.46,Centro-Oeste,-15.0,-55.0,17,1
2024-01-17 18:00:00,0.0,27.48,1.54,99.25,Centro-Oeste,-15.0,-55.0,18,1
2024-01-17 19:00:00,0.0,26.59,1.81,99.45,Centro-Oeste,-15.0,-55.0,19,1
2024-01-17 20:00:00,0.0,25.54,2.2,99.75,Centro-Oeste,-15.0,-55.0,20,1
2024-01-17 21:00:00,0.0,24.54,2.45,98.06,Centro-Oeste,-15.0,-55.0,21,1
2024-01-17 22:00:00,0.0,23.84,2.45,94.37,Centro-Oeste,-15.0,-55.0,22,1
2024-01-17 23:00:00,0.0,23.31,2.41,58.15,Centro-Oeste,-15.0,-55.0,23,1
2024-01-18 00:00:00,0.0,22.87,2.41,28.35,Centro-Oeste,-15.0,-55.0,0,1
2024-01-18 01:00:00,0.0,22.5,2.44,18.68,Centro-Oeste,-15.0,-55.0,1,1
2024-01-18 02:00:00,0.0,22.19,2.51,24.55,Centro-Oeste,-15.0,-55.0,2,1
2024-01-18 03:00:00,0.0,21.89,2.5,28.96,Centro-Oeste,-15.0,-55.0,3,1
2024-01-18 04:00:00,0.0,21.61,2.45,18.99,Centro-Oeste,-15.0,-55.0,4,1
2024-01-18 05:00:00,15.57,22.02,2.5,15.37,Centro-Oeste,-15.0,-55.0,5,1
2024-01-18 06:00:00,188.93,24.26,2.99,11.52,Centro-Oeste,-15.0,-55.0,6,1
2024-01-18 07:00:00,432.12,27.19,3.52,7.55,Centro-Oeste,-15.0,-55.0,7,1
2024-01-18 08:00:00,664.88,29.13,3.72,4.38,Centro-Oeste,-15.0,-55.0,8,1
2024-01-18 09:00:00,859.67,30.32,3.57,0.72,Centro-Oeste,-15.0,-55.0,9,1
2024-01-18 10:00:00,983.03,31.08,3.4,4.71,Centro-Oeste,-15.0,-55.0,10,1
2024-01-18 11:00:00,959.92,31.6,3.21,27.27,Centro-Oeste,-15.0,-55.0,11,1
2024-01-18 12:00:00,870.25,31.94,3.01,49.14,Centro-Oeste,-15.0,-55.0,12,1
2024-01-18 13:00:00,763.83,31.94,2.79,56.41,Centro-Oeste,-15.0,-55.0,13,1
2024-01-18 14:00:00,546.08,31.62,2.6,78.96,Centro-Oeste,-15.0,-55.0,14,1
2024-01-18 15:00:00,450.12,31.05,2.51,58.11,Centro-Oeste,-15.0,-55.0,15,1
2024-01-18 16:00:00,246.35,30.03,2.22,67.36,Centro-Oeste,-15.0,-55.0,16,1
2024-01-18 17:00:00,74.32,28.5,2.04,78.34,Centro-Oeste,-15.0,-55.0,17,1
2024-01-18 18:00:00,0.0,26.33,1.99,91.78,Centro-Oeste,-15.0,-55.0,18,1
2024-01-18 19:00:00,0.0,25.56,2.39,99.57,Centro-Oeste,-15.0,-55.0,19,1
2024-01-18 20:00:00,0.0,24.86,2.79,97.53,Centro-Oeste,-15.0,-55.0,20,1
2024-01-18 21:00:00,0.0,24.28,3.01,93.12,Centro-Oeste,-15.0,-55.0,21,1
2024-01-18 22:00:00,0.0,23.72,2.84,95.93,Centro-Oeste,-15.0,-55.0,22,1
2024-01-18 23:00:00,0.0,23.32,2.64,99.6,Centro-Oeste,-15.0,-55.0,23,1
2024-01-19 00:00:00,0.0,22.96,2.49,99.54,Centro-Oeste,-15.0,-55.0,0,1
2024-01-19 01:00:00,0.0,22.57,2.33,99.66,Centro-Oeste,-15.0,-55.0,1,1
2024-01-19 02:00:00,0.0,22.16,2.25,99.29,Centro-Oeste,-15.0,-55.0,2,1
2024-01-19 03:00:00,0.0,21.8,2.21,99.3,Centro-Oeste,-15.0,-55.0,3,1
2024-01-19 04:00:00,0.0,21.49,2.16,99.53,Centro-Oeste,-15.0,-55.0,4,1
2024-01-19 05:00:00,13.23,21.75,2.08,74.86,Centro-Oeste,-15.0,-55.0,5,1
2024-01-19 06:00:00,180.65,23.61,2.79,48.93,Centro-Oeste,-15.0,-55.0,6,1
2024-01-19 07:00:00,423.1,26.11,3.04,24.72,Centro-Oeste,-15.0,-55.0,7,1
2024-01-19 08:00:00,672.3,28.61,3.44,2.9,Centro-Oeste,-15.0,-55.0,8,1
2024-01-19 09:00:00,836.17,30.19,3.36,18.73,Centro-Oeste,-15.0,-55.0,9,1
2024-01-19 10:00:00,987.92,31.3,3.08,4.71,Centro-Oeste,-15.0,-55.0,10,1
2024-01-19 11:00:00,1003.05,32.1,2.85,21.3,Centro-Oeste,-15.0,-55.0,11,1
2024-01-19 12:00:00,942.53,32.55,2.64,32.82,Centro-Oeste,-15.0,-55.0,12,1
2024-01-19 13:00:00,829.5,32.47,2.38,35.28,Centro-Oeste,-15.0,-55.0,13,1
2024-01-19 14:00:00,695.42,31.83,2.07,36.3,Centro-Oeste,-15.0,-55.0,14,1
2024-01-19 15:00:00,489.52,31.0,1.72,45.21,Centro-Oeste,-15.0,-55.0,15,1
2024-01-19 16:00:00,267.4,30.6,1.43,61.03,Centro-Oeste,-15.0,-55.0,16,1
2024-01-19 17:00:00,81.82,29.16,1.54,77.24,Centro-Oeste,-15.0,-55.0,17,1
2024-01-19 18:00:00,0.0,27.35,1.36,98.22,Centro-Oeste,-15.0,-55.0,18,1
2024-01-19 19:00:00,0.0,26.6,1.48,99.7,Centro-Oeste,-15.0,-55.0,19,1
2024-01-19 20:00:00,0.0,25.7,1.67,99.49,Centro-Oeste,-15.0,-55.0,20,1
2024-01-19 21:00:00,0.0,24.72,1.9,99.65,Centro-Oeste,-15.0,-55.0,21,1
2024-01-19 22:00:00,0.0,23.94,2.05,99.89,Centro-Oeste,-15.0,-55.0,22,1
2024-01-19 23:00:00,0.0,23.32,2.08,99.83,Centro-Oeste,-15.0,-55.0,23,1
2024-01-20 00:00:00,0.0,22.81,2.04,100.0,Centro-Oeste,-15.0,-55.0,0,1
2024-01-20 01:00:00,0.0,22.35,1.94,98.62,Centro-Oeste,-15.0,-55.0,1,1
2024-01-20 02:00:00,0.0,21.94,1.87,99.47,Centro-Oeste,-15.0,-55.0,2,1
2024-01-20 03:00:00,0.0,21.58,1.87,99.62,Centro-Oeste,-15.0,-55.0,3,1
2024-01-20 04:00:00,0.0,21.29,1.9,99.48,Centro-Oeste,-15.0,-55.0,4,1
2024-01-20 05:00:00,13.0,21.74,1.98,82.85,Centro-Oeste,-15.0,-55.0,5,1
2024-01-20 06:00:00,168.43,23.63,2.58,64.43,Centro-Oeste,-15.0,-55.0,6,1
2024-01-20 07:00:00,395.98,26.03,2.99,50.64,Centro-Oeste,-15.0,-55.0,7,1
2024-01-20 08:00:00,642.65,28.29,3.01,34.34,Centro-Oeste,-15.0,-55.0,8,1
2024-01-20 09:00:00,841.58,30.02,3.07,21.45,Centro-Oeste,-15.0,-55.0,9,1
2024-01-20 10:00:00,891.05,31.23,3.12,52.51,Centro-Oeste,-15.0,-55.0,10,1
2024-01-20 11:00:00,883.7,31.97,3.25,72.74,Centro-Oeste,-15.0,-55.0,11,1
2024-01-20 12:00:00,957.05,32.29,3.29,28.51,Centro-Oeste,-15.0,-55.0,12,1
2024-01-20 13:00:00,797.88,32.18,3.25,52.81,Centro-Oeste,-15.0,-55.0,13,1
2024-01-20 14:00:00,623.3,31.67,3.17,77.87,Centro-Oeste,-15.0,-55.0,14,1
2024-01-20 15:00:00,428.85,30.93,3.04,96.12,Centro-Oeste,-15.0,-55.0,15,1
2024-01-20 16:00:00,244.4,29.88,2.67,97.36,Centro-Oeste,-15.0,-55.0,16,1
2024-01-20 17:00:00,81.53,28.19,1.81,98.85,Centro-Oeste,-15.0,-55.0,17,1
2024-01-20 18:00:00,0.0,26.06,1.49,99.32,Centro-Oeste,-15.0,-55.0,18,1
2024-01-20 19:00:00,0.0,25.45,1.57,99.5,Centro-Oeste,-15.0,-55.0,19,1
2024-01-20 20:00:00,0.0,24.9,1.77,99.2,Centro-Oeste,-15.0,-55.0,20,1
2024-01-20 21:00:00,0.0,24.39,1.93,99.42,Centro-Oeste,-15.0,-55.0,21,1
2024-01-20 22:00:00,0.0,23.92,2.0,99.29,Centro-Oeste,-15.0,-55.0,22,1
2024-01-20 23:00:00,0.0,23.45,2.05,99.4,Centro-Oeste,-15.0,-55.0,23,1
2024-01-21 00:00:00,0.0,23.04,2.05,100.0,Centro-Oeste,-15.0,-55.0,0,1
2024-01-21 01:00:00,0.0,22.67,1.99,99.99,Centro-Oeste,-15.0,-55.0,1,1
2024-01-21 02:00:00,0.0,22.34,1.91,99.69,Centro-Oeste,-15.0,-55.0,2,1
2024-01-21 03:00:00,0.0,22.05,1.85,99.72,Centro-Oeste,-15.0,-55.0,3,1
2024-01-21 04:00:00,0.0,21.8,1.84,99.53,Centro-Oeste,-15.0,-55.0,4,1
2024-01-21 05:00:00,12.82,22.14,1.93,91.58,Centro-Oeste,-15.0,-55.0,5,1
2024-01-21 06:00:00,156.18,24.2,2.63,82.7,Centro-Oeste,-15.0,-55.0,6,1
2024-01-21 07:00:00,359.45,26.95,3.46,76.12,Centro-Oeste,-15.0,-55.0,7,1
2024-01-21 08:00:00,566.47,28.89,3.94,68.47,Centro-Oeste,-15.0,-55.0,8,1
2024-01-21 09:00:00,635.47,30.23,3.99,83.77,Centro-Oeste,-15.0,-55.0,9,1
2024-01-21 10:00:00,668.9,31.12,3.89,93.51,Centro-Oeste,-15.0,-55.0,10,1
2024-01-21 11:00:00,904.75,31.59,3.76,54.08,Centro-Oeste,-15.0,-55.0,11,1
2024-01-21 12:00:00,943.92,31.75,3.7,25.68,Centro-Oeste,-15.0,-55.0,12,1
2024-01-21 13:00:00,783.6,31.55,3.65,50.77,Centro-Oeste,-15.0,-55.0,13,1
2024-01-21 14:00:00,693.65,31.1,3.55,39.07,Centro-Oeste,-15.0,-55.0,14,1
2024-01-21 15:00:00,490.83,30.43,3.35,39.23,Centro-Oeste,-15.0,-55.0,15,1
2024-01-21 16:00:00,270.33,29.48,2.95,55.21,Centro-Oeste,-15.0,-55.0,16,1
2024-01-21 17:00:00,84.28,28.06,1.98,70.67,Centro-Oeste,-15.0,-55.0,17,1
2024-01-21 18:00:00,0.0,26.37,1.59,99.96,Centro-Oeste,-15.0,-55.0,18,1
2024-01-21 19:00:00,0.0,25.97,1.52,100.0,Centro-Oeste,-15.0,-55.0,19,1
2024-01-21 20:00:00,0.0,25.59,1.51,100.0,Centro-Oeste,-15.0,-55.0,20,1
2024-01-21 21:00:00,0.0,25.14,1.58,100.0,Centro-Oeste,-15.0,-55.0,21,1
2024-01-21 22:00:00,0.0,24.69,1.7,100.0,Centro-Oeste,-15.0,-55.0,22,1
2024-01-21 23:00:00,0.0,24.24,1.78,100.0,Centro-Oeste,-15.0,-55.0,23,1
2024-01-22 00:00:00,0.0,23.82,1.81,100.0,Centro-Oeste,-15.0,-55.0,0,1
2024-01-22 01:00:00,0.0,23.36,1.77,99.96,Centro-Oeste,-15.0,-55.0,1,1
2024-01-22 02:00:00,0.0,23.03,1.7,99.94,Centro-Oeste,-15.0,-55.0,2,1
2024-01-22 03:00:00,0.0,22.9,1.77,100.0,Centro-Oeste,-15.0,-55.0,3,1
2024-01-22 04:00:00,0.0,22.84,2.0,100.0,Centro-Oeste,-15.0,-55.0,4,1
2024-01-22 05:00:00,8.18,22.97,2.55,96.94,Centro-Oeste,-15.0,-55.0,5,1
2024-01-22 06:00:00,118.45,24.12,3.15,92.03,Centro-Oeste,-15.0,-55.0,6,1
2024-01-22 07:00:00,293.48,26.06,3.16,90.97,Centro-Oeste,-15.0,-55.0,7,1
2024-01-22 08:00:00,481.15,28.2,3.0,89.1,Centro-Oeste,-15.0,-55.0,8,1
2024-01-22 09:00:00,610.17,30.01,2.81,93.1,Centro-Oeste,-15.0,-55.0,9,1
2024-01-22 10:00:00,667.83,31.14,2.84,98.17,Centro-Oeste,-15.0,-55.0,10,1
2024-01-22 11:00:00,754.3,31.85,3.08,97.99,Centro-Oeste,-15.0,-55.0,11,1
2024-01-22 12:00:00,780.47,32.03,3.35,81.44,Centro-Oeste,-15.0,-55.0,12,1
2024-01-22 13:00:00,554.7,31.84,3.58,98.05,Centro-Oeste,-15.0,-55.0,13,1
2024-01-22 14:00:00,381.58,31.35,3.71,93.71,Centro-Oeste,-15.0,-55.0,14,1
2024-01-22 15:00:00,300.98,30.58,3.72,98.01,Centro-Oeste,-15.0,-55.0,15,1
2024-01-22 16:00:00,169.15,29.42,3.29,99.3,Centro-Oeste,-15.0,-55.0,16,1
2024-01-22 17:00:00,54.15,27.63,2.37,100.0,Centro-Oeste,-15.0,-55.0,17,1
2024-01-22 18:00:00,0.0,25.72,1.91,99.24,Centro-Oeste,-15.0,-55.0,18,1
2024-01-22 19:00:00,0.0,25.04,1.85,99.42,Centro-Oeste,-15.0,-55.0,19,1
2024-01-22 20:00:00,0.0,24.58,1.64,100.0,Centro-Oeste,-15.0,-55.0,20,1
2024-01-22 21:00:00,0.0,24.37,1.32,99.75,Centro-Oeste,-15.0,-55.0,21,1
2024-01-22 22:00:00,0.0,24.33,0.84,99.4,Centro-Oeste,-15.0,-55.0,22,1
2024-01-22 23:00:00,0.0,24.18,0.58,100.0,Centro-Oeste,-15.0,-55.0,23,1
2024-01-23 00:00:00,0.0,23.71,0.93,100.0,Centro-Oeste,-15.0,-55.0,0,1
2024-01-23 01:00:00,0.0,23.17,1.32,99.81,Centro-Oeste,-15.0,-55.0,1,1
2024-01-23 02:00:00,0.0,22.81,1.46,100.0,Centro-Oeste,-15.0,-55.0,2,1
2024-01-23 03:00:00,0.0,22.54,1.44,100.0,Centro-Oeste,-15.0,-55.0,3,1
2024-01-23 04:00:00,0.0,22.25,1.34,100.0,Centro-Oeste,-15.0,-55.0,4,1
2024-01-23 05:00:00,8.73,22.46,1.21,95.4,Centro-Oeste,-15.0,-55.0,5,1
2024-01-23 06:00:00,119.2,23.84,1.71,87.96,Centro-Oeste,-15.0,-55.0,6,1
2024-01-23 07:00:00,286.38,25.73,2.93,85.35,Centro-Oeste,-15.0,-55.0,7,1
2024-01-23 08:00:00,473.55,27.26,3.75,81.3,Centro-Oeste,-15.0,-55.0,8,1
2024-01-23 09:00:00,555.25,28.24,4.09,91.04,Centro-Oeste,-15.0,-55.0,9,1
2024-01-23 10:00:00,712.45,29.0,4.22,91.11,Centro-Oeste,-15.0,-55.0,10,1
2024-01-23 11:00:00,804.72,29.81,4.41,84.14,Centro-Oeste,-15.0,-55.0,11,1
2024-01-23 12:00:00,773.05,30.18,4.61,68.12,Centro-Oeste,-15.0,-55.0,12,1
2024-01-23 13:00:00,611.6,30.24,4.85,75.76,Centro-Oeste,-15.0,-55.0,13,1
2024-01-23 14:00:00,467.3,29.99,4.97,85.54,Centro-Oeste,-15.0,-55.0,14,1
2024-01-23 15:00:00,191.5,29.39,4.86,99.39,Centro-Oeste,-15.0,-55.0,15,1
2024-01-23 16:00:00,115.62,28.35,4.16,99.83,Centro-Oeste,-15.0,-55.0,16,1
2024-01-23 17:00:00,21.5,26.95,2.5,100.0,Centro-Oeste,-15.0,-55.0,17,1
2024-01-23 18:00:00,0.0,25.34,1.8,99.0,Centro-Oeste,-15.0,-55.0,18,1
2024-01-23 19:00:00,0.0,24.71,1.79,99.48,Centro-Oeste,-15.0,-55.0,19,1
2024-01-23 20:00:00,0.0,24.21,1.83,99.49,Centro-Oeste,-15.0,-55.0,20,1
2024-01-23 21:00:00,0.0,23.79,1.85,99.51,Centro-Oeste,-15.0,-55.0,21,1
2024-01-23 22:00:00,0.0,23.47,1.87,99.57,Centro-Oeste,-15.0,-55.0,22,1
2024-01-23 23:00:00,0.0,23.25,1.9,99.61,Centro-Oeste,-15.0,-55.0,23,1
2024-01-24 00:00:00,0.0,23.07,2.04,98.25,Centro-Oeste,-15.0,-55.0,0,1
2024-01-24 01:00:00,0.0,22.95,2.31,99.71,Centro-Oeste,-15.0,-55.0,1,1
2024-01-24 02:00:00,0.0,22.97,2.62,99.63,Centro-Oeste,-15.0,-55.0,2,1
2024-01-24 03:00:00,0.0,22.96,2.98,99.65,Centro-Oeste,-15.0,-55.0,3,1
2024-01-24 04:00:00,0.0,22.88,3.21,98.3,Centro-Oeste,-15.0,-55.0,4,1
2024-01-24 05:00:00,8.88,22.93,3.49,99.17,Centro-Oeste,-15.0,-55.0,5,1
2024-01-24 06:00:00,94.07,23.95,4.33,99.82,Centro-Oeste,-15.0,-55.0,6,1
2024-01-24 07:00:00,208.25,25.72,5.06,99.64,Centro-Oeste,-15.0,-55.0,7,1
2024-01-24 08:00:00,344.35,27.73,5.23,99.88,Centro-Oeste,-15.0,-55.0,8,1
2024-01-24 09:00:00,533.3,29.12,5.16,98.8,Centro-Oeste,-15.0,-55.0,9,1
2024-01-24 10:00:00,668.58,30.18,4.96,90.73,Centro-Oeste,-15.0,-55.0,10,1
2024-01-24 11:00:00,826.0,30.97,4.81,79.36,Centro-Oeste,-15.0,-55.0,11,1
2024-01-24 12:00:00,845.5,31.34,4.7,67.55,Centro-Oeste,-15.0,-55.0,12,1
2024-01-24 13:00:00,753.12,31.52,4.61,54.93,Centro-Oeste,-15.0,-55.0,13,1
2024-01-24 14:00:00,691.17,31.35,4.57,38.47,Centro-Oeste,-15.0,-55.0,14,1
2024-01-24 15:00:00,527.9,30.73,4.42,28.28,Centro-Oeste,-15.0,-55.0,15,1
2024-01-24 16:00:00,296.5,29.7,3.97,46.68,Centro-Oeste,-15.0,-55.0,16,1
2024-01-24 17:00:00,92.95,28.09,2.35,67.34,Centro-Oeste,-15.0,-55.0,17,1
2024-01-24 18:00:00,0.0,26.29,1.81,92.95,Centro-Oeste,-15.0,-55.0,18,1
2024-01-24 19:00:00,0.0,25.69,1.76,83.32,Centro-Oeste,-15.0,-55.0,19,1
2024-01-24 20:00:00,0.0,25.24,1.72,73.59,Centro-Oeste,-15.0,-55.0,20,1
2024-01-24 21:00:00,0.0,24.73,1.73,73.08,Centro-Oeste,-15.0,-55.0,21,1
2024-01-24 22:00:00,0.0,24.18,1.77,79.71,Centro-Oeste,-15.0,-55.0,22,1
2024-01-24 23:00:00,0.0,23.58,1.87,99.69,Centro-Oeste,-15.0,-55.0,23,1
2024-01-25 00:00:00,0.0,23.03,1.89,99.17,Centro-Oeste,-15.0,-55.0,0,1
2024-01-25 01:00:00,0.0,22.55,1.7,98.51,Centro-Oeste,-15.0,-55.0,1,1
2024-01-25 02:00:00,0.0,22.26,1.55,98.65,Centro-Oeste,-15.0,-55.0,2,1
2024-01-25 03:00:00,0.0,21.82,1.6,98.67,Centro-Oeste,-15.0,-55.0,3,1
2024-01-25 04:00:00,0.0,21.43,1.62,98.2,Centro-Oeste,-15.0,-55.0,4,1
2024-01-25 05:00:00,9.23,21.68,1.73,97.34,Centro-Oeste,-15.0,-55.0,5,1
2024-01-25 06:00:00,128.38,23.73,2.63,93.62,Centro-Oeste,-15.0,-55.0,6,1
2024-01-25 07:00:00,315.23,26.8,3.36,93.48,Centro-Oeste,-15.0,-55.0,7,1
2024-01-25 08:00:00,506.65,29.22,3.94,93.1,Centro-Oeste,-15.0,-55.0,8,1
2024-01-25 09:00:00,606.42,30.75,3.49,90.6,Centro-Oeste,-15.0,-55.0,9,1
2024-01-25 10:00:00,647.22,31.87,2.38,98.89,Centro-Oeste,-15.0,-55.0,10,1
2024-01-25 11:00:00,636.9,32.59,1.89,98.62,Centro-Oeste,-15.0,-55.0,11,1
2024-01-25 12:00:00,695.65,32.9,2.15,97.8,Centro-Oeste,-15.0,-55.0,12,1
2024-01-25 13:00:00,665.85,32.95,2.55,97.98,Centro-Oeste,-15.0,-55.0,13,1
2024-01-25 14:00:00,556.83,32.52,2.91,91.61,Centro-Oeste,-15.0,-55.0,14,1
2024-01-25 15:00:00,436.75,31.42,3.07,78.38,Centro-Oeste,-15.0,-55.0,15,1
2024-01-25 16:00:00,232.85,30.25,2.56,83.43,Centro-Oeste,-15.0,-55.0,16,1
2024-01-25 17:00:00,73.03,28.53,1.82,87.61,Centro-Oeste,-15.0,-55.0,17,1
2024-01-25 18:00:00,0.0,27.4,1.41,92.66,Centro-Oeste,-15.0,-55.0,18,1
2024-01-25 19:00:00,0.0,27.3,1.12,99.35,Centro-Oeste,-15.0,-55.0,19,1
2024-01-25 20:00:00,0.0,27.06,0.92,99.03,Centro-Oeste,-15.0,-55.0,20,1
2024-01-25 21:00:00,0.0,26.5,0.83,99.29,Centro-Oeste,-15.0,-55.0,21,1
2024-01-25 22:00:00,0.0,25.75,0.77,99.06,Centro-Oeste,-15.0,-55.0,22,1
2024-01-25 23:00:00,0.0,24.87,0.95,99.93,Centro-Oeste,-15.0,-55.0,23,1
2024-01-26 00:00:00,0.0,23.72,1.28,99.21,Centro-Oeste,-15.0,-55.0,0,1
2024-01-26 01:00:00,0.0,22.98,1.22,99.94,Centro-Oeste,-15.0,-55.0,1,1
2024-01-26 02:00:00,0.0,22.37,1.21,99.92,Centro-Oeste,-15.0,-55.0,2,1
2024-01-26 03:00:00,0.0,21.83,1.44,99.64,Centro-Oeste,-15.0,-55.0,3,1
2024-01-26 04:00:00,0.0,21.43,1.67,90.91,Centro-Oeste,-15.0,-55.0,4,1
2024-01-26 05:00:00,9.0,21.46,1.82,76.79,Centro-Oeste,-15.0,-55.0,5,1
2024-01-26 06:00:00,158.2,23.97,2.7,56.71,Centro-Oeste,-15.0,-55.0,6,1
2024-01-26 07:00:00,382.73,27.08,3.02,49.66,Centro-Oeste,-15.0,-55.0,7,1
2024-01-26 08:00:00,634.58,29.36,2.7,37.7,Centro-Oeste,-15.0,-55.0,8,1
2024-01-26 09:00:00,838.47,30.89,2.22,32.87,Centro-Oeste,-15.0,-55.0,9,1
2024-01-26 10:00:00,971.2,32.02,2.36,13.85,Centro-Oeste,-15.0,-55.0,10,1
2024-01-26 11:00:00,983.28,32.76,3.05,36.6,Centro-Oeste,-15.0,-55.0,11,1
2024-01-26 12:00:00,901.65,33.1,3.66,51.11,Centro-Oeste,-15.0,-55.0,12,1
2024-01-26 13:00:00,849.2,33.09,3.93,44.19,Centro-Oeste,-15.0,-55.0,13,1
2024-01-26 14:00:00,744.47,32.74,3.94,27.07,Centro-Oeste,-15.0,-55.0,14,1
2024-01-26 15:00:00,530.67,32.05,3.77,25.47,Centro-Oeste,-15.0,-55.0,15,1
2024-01-26 16:00:00,316.98,31.01,3.14,25.07,Centro-Oeste,-15.0,-55.0,16,1
2024-01-26 17:00:00,107.25,28.53,2.09,23.29,Centro-Oeste,-15.0,-55.0,17,1
2024-01-26 18:00:00,0.0,25.94,1.99,21.61,Centro-Oeste,-15.0,-55.0,18,1
2024-01-26 19:00:00,0.0,25.27,1.89,20.59,Centro-Oeste,-15.0,-55.0,19,1
2024-01-26 20:00:00,0.0,24.57,1.8,14.9,Centro-Oeste,-15.0,-55.0,20,1
2024-01-26 21:00:00,0.0,23.72,1.73,27.62,Centro-Oeste,-15.0,-55.0,21,1
2024-01-26 22:00:00,0.0,22.94,1.64,6.2,Centro-Oeste,-15.0,-55.0,22,1
2024-01-26 23:00:00,0.0,22.47,1.47,2.54,Centro-Oeste,-15.0,-55.0,23,1
2024-01-27 00:00:00,0.0,22.18,1.33,17.06,Centro-Oeste,-15.0,-55.0,0,1
2024-01-27 01:00:00,0.0,21.59,1.29,6.64,Centro-Oeste,-15.0,-55.0,1,1
2024-01-27 02:00:00,0.0,20.87,1.29,9.9,Centro-Oeste,-15.0,-55.0,2,1
2024-01-27 03:00:00,0.0,20.41,1.28,3.99,Centro-Oeste,-15.0,-55.0,3,1
2024-01-27 04:00:00,0.0,20.09,1.21,6.2,Centro-Oeste,-15.0,-55.0,4,1
2024-01-27 05:00:00,12.27,20.31,1.03,6.25,Centro-Oeste,-15.0,-55.0,5,1
2024-01-27 06:00:00,188.8,22.84,0.78,6.2,Centro-Oeste,-15.0,-55.0,6,1
2024-01-27 07:00:00,442.3,26.04,0.4,6.7,Centro-Oeste,-15.0,-55.0,7,1
2024-01-27 08:00:00,688.08,29.67,1.44,6.89,Centro-Oeste,-15.0,-55.0,8,1
2024-01-27 09:00:00,886.8,31.11,2.25,3.62,Centro-Oeste,-15.0,-55.0,9,1
2024-01-27 10:00:00,1007.0,32.16,3.0,13.68,Centro-Oeste,-15.0,-55.0,10,1
2024-01-27 11:00:00,1041.03,32.85,3.51,23.95,Centro-Oeste,-15.0,-55.0,11,1
2024-01-27 12:00:00,895.25,33.16,3.69,50.85,Centro-Oeste,-15.0,-55.0,12,1
2024-01-27 13:00:00,894.4,33.16,3.65,45.4,Centro-Oeste,-15.0,-55.0,13,1
2024-01-27 14:00:00,767.62,32.84,3.5,39.51,Centro-Oeste,-15.0,-55.0,14,1
2024-01-27 15:00:00,570.33,32.12,3.27,44.8,Centro-Oeste,-15.0,-55.0,15,1
2024-01-27 16:00:00,338.05,30.87,2.81,42.61,Centro-Oeste,-15.0,-55.0,16,1
2024-01-27 17:00:00,114.72,28.25,1.98,38.7,Centro-Oeste,-15.0,-55.0,17,1
2024-01-27 18:00:00,0.0,24.97,2.31,37.19,Centro-Oeste,-15.0,-55.0,18,1
2024-01-27 19:00:00,0.0,23.87,2.55,19.64,Centro-Oeste,-15.0,-55.0,19,1
2024-01-27 20:00:00,0.0,23.01,2.69,5.41,Centro-Oeste,-15.0,-55.0,20,1
2024-01-27 21:00:00,0.0,22.32,2.73,0.36,Centro-Oeste,-15.0,-55.0,21,1
2024-01-27 22:00:00,0.0,21.71,2.73,6.47,Centro-Oeste,-15.0,-55.0,22,1
2024-01-27 23:00:00,0.0,21.14,2.68,30.38,Centro-Oeste,-15.0,-55.0,23,1
2024-01-28 00:00:00,0.0,20.6,2.61,22.78,Centro-Oeste,-15.0,-55.0,0,1
2024-01-28 01:00:00,0.0,20.12,2.52,46.65,Centro-Oeste,-15.0,-55.0,1,1
2024-01-28 02:00:00,0.0,19.67,2.46,98.31,Centro-Oeste,-15.0,-55.0,2,1
2024-01-28 03:00:00,0.0,19.26,2.39,67.42,Centro-Oeste,-15.0,-55.0,3,1
2024-01-28 04:00:00,0.0,18.85,2.32,42.04,Centro-Oeste,-15.0,-55.0,4,1
2024-01-28 05:00:00,9.73,19.07,2.21,57.08,Centro-Oeste,-15.0,-55.0,5,1
2024-01-28 06:00:00,118.28,22.08,3.04,72.73,Centro-Oeste,-15.0,-55.0,6,1
2024-01-28 07:00:00,241.77,25.73,3.17,85.84,Centro-Oeste,-15.0,-55.0,7,1
2024-01-28 08:00:00,352.08,29.23,3.27,98.17,Centro-Oeste,-15.0,-55.0,8,1
2024-01-28 09:00:00,568.7,30.83,3.02,74.25,Centro-Oeste,-15.0,-55.0,9,1
2024-01-28 10:00:00,871.72,32.06,3.03,44.14,Centro-Oeste,-15.0,-55.0,10,1
2024-01-28 11:00:00,1067.1,32.94,3.09,8.4,Centro-Oeste,-15.0,-55.0,11,1
2024-01-28 12:00:00,1051.55,33.46,3.18,9.1,Centro-Oeste,-15.0,-55.0,12,1
2024-01-28 13:00:00,930.83,33.49,3.26,29.62,Centro-Oeste,-15.0,-55.0,13,1
2024-01-28 14:00:00,769.75,32.49,3.26,26.21,Centro-Oeste,-15.0,-55.0,14,1
2024-01-28 15:00:00,566.08,31.08,3.2,24.03,Centro-Oeste,-15.0,-55.0,15,1
2024-01-28 16:00:00,331.25,30.15,2.76,32.57,Centro-Oeste,-15.0,-55.0,16,1
2024-01-28 17:00:00,107.65,27.87,1.82,39.5,Centro-Oeste,-15.0,-55.0,17,1
2024-01-28 18:00:00,0.0,25.13,2.0,50.35,Centro-Oeste,-15.0,-55.0,18,1
2024-01-28 19:00:00,0.0,24.32,2.1,84.79,Centro-Oeste,-15.0,-55.0,19,1
2024-01-28 20:00:00,0.0,23.5,2.21,99.42,Centro-Oeste,-15.0,-55.0,20,1
2024-01-28 21:00:00,0.0,22.73,2.32,98.71,Centro-Oeste,-15.0,-55.0,21,1
2024-01-28 22:00:00,0.0,21.88,2.45,99.28,Centro-Oeste,-15.0,-55.0,22,1
2024-01-28 23:00:00,0.0,21.11,2.58,99.07,Centro-Oeste,-15.0,-55.0,23,1
2024-01-29 00:00:00,0.0,20.47,2.64,99.46,Centro-Oeste,-15.0,-55.0,0,1
2024-01-29 01:00:00,0.0,19.91,2.59,99.22,Centro-Oeste,-15.0,-55.0,1,1
2024-01-29 02:00:00,0.0,19.5,2.53,98.96,Centro-Oeste,-15.0,-55.0,2,1
2024-01-29 03:00:00,0.0,19.56,2.59,99.77,Centro-Oeste,-15.0,-55.0,3,1
2024-01-29 04:00:00,0.0,19.88,2.86,85.69,Centro-Oeste,-15.0,-55.0,4,1
2024-01-29 05:00:00,7.95,20.41,3.45,89.78,Centro-Oeste,-15.0,-55.0,5,1
2024-01-29 06:00:00,97.6,22.27,4.09,93.66,Centro-Oeste,-15.0,-55.0,6,1
2024-01-29 07:00:00,221.75,24.97,4.43,96.14,Centro-Oeste,-15.0,-55.0,7,1
2024-01-29 08:00:00,353.45,27.6,4.08,98.11,Centro-Oeste,-15.0,-55.0,8,1
2024-01-29 09:00:00,461.62,29.92,3.26,96.8,Centro-Oeste,-15.0,-55.0,9,1
2024-01-29 10:00:00,781.3,31.7,2.57,86.2,Centro-Oeste,-15.0,-55.0,10,1
2024-01-29 11:00:00,899.5,32.94,2.32,87.25,Centro-Oeste,-15.0,-55.0,11,1
2024-01-29 12:00:00,925.38,33.68,2.23,79.54,Centro-Oeste,-15.0,-55.0,12,1
2024-01-29 13:00:00,781.5,33.91,2.26,47.4,Centro-Oeste,-15.0,-55.0,13,1
2024-01-29 14:00:00,657.65,33.6,2.26,52.37,Centro-Oeste,-15.0,-55.0,14,1
2024-01-29 15:00:00,430.33,32.79,2.18,86.41,Centro-Oeste,-15.0,-55.0,15,1
2024-01-29 16:00:00,245.8,31.47,2.12,89.87,Centro-Oeste,-15.0,-55.0,16,1
2024-01-29 17:00:00,74.93,28.71,1.93,95.14,Centro-Oeste,-15.0,-55.0,17,1
2024-01-29 18:00:00,0.0,25.74,2.25,99.18,Centro-Oeste,-15.0,-55.0,18,1
2024-01-29 19:00:00,0.0,24.66,2.37,98.56,Centro-Oeste,-15.0,-55.0,19,1
2024-01-29 20:00:00,0.0,23.75,2.32,98.99,Centro-Oeste,-15.0,-55.0,20,1
2024-01-29 21:00:00,0.0,23.0,2.32,98.61,Centro-Oeste,-15.0,-55.0,21,1
2024-01-29 22:00:00,0.0,22.37,2.36,97.54,Centro-Oeste,-15.0,-55.0,22,1
2024-01-29 23:00:00,0.0,21.98,2.52,97.87,Centro-Oeste,-15.0,-55.0,23,1
2024-01-30 00:00:00,0.0,21.93,2.79,99.89,Centro-Oeste,-15.0,-55.0,0,1
2024-01-30 01:00:00,0.0,21.99,2.88,99.33,Centro-Oeste,-15.0,-55.0,1,1
2024-01-30 02:00:00,0.0,21.87,2.61,99.74,Centro-Oeste,-15.0,-55.0,2,1
2024-01-30 03:00:00,0.0,21.6,2.27,99.24,Centro-Oeste,-15.0,-55.0,3,1
2024-01-30 04:00:00,0.0,21.21,1.89,97.39,Centro-Oeste,-15.0,-55.0,4,1
2024-01-30 05:00:00,8.82,21.16,1.97,77.72,Centro-Oeste,-15.0,-55.0,5,1
2024-01-30 06:00:00,155.27,22.77,2.66,52.83,Centro-Oeste,-15.0,-55.0,6,1
2024-01-30 07:00:00,383.17,25.75,2.55,38.45,Centro-Oeste,-15.0,-55.0,7,1
2024-01-30 08:00:00,628.58,28.89,2.22,22.53,Centro-Oeste,-15.0,-55.0,8,1
2024-01-30 09:00:00,847.4,31.03,1.96,3.64,Centro-Oeste,-15.0,-55.0,9,1
2024-01-30 10:00:00,924.35,32.56,1.96,29.14,Centro-Oeste,-15.0,-55.0,10,1
2024-01-30 11:00:00,929.42,33.52,2.11,71.75,Centro-Oeste,-15.0,-55.0,11,1
2024-01-30 12:00:00,805.75,34.09,2.31,93.85,Centro-Oeste,-15.0,-55.0,12,1
2024-01-30 13:00:00,737.15,34.02,2.42,94.07,Centro-Oeste,-15.0,-55.0,13,1
2024-01-30 14:00:00,648.85,33.56,2.46,56.53,Centro-Oeste,-15.0,-55.0,14,1
2024-01-30 15:00:00,427.58,32.51,2.47,70.04,Centro-Oeste,-15.0,-55.0,15,1
2024-01-30 16:00:00,236.5,30.9,2.44,78.93,Centro-Oeste,-15.0,-55.0,16,1
2024-01-30 17:00:00,73.0,28.82,1.99,87.99,Centro-Oeste,-15.0,-55.0,17,1
2024-01-30 18:00:00,0.0,26.97,1.72,98.26,Centro-Oeste,-15.0,-55.0,18,1
2024-01-30 19:00:00,0.0,26.17,1.71,97.94,Centro-Oeste,-15.0,-55.0,19,1
2024-01-30 20:00:00,0.0,25.45,1.77,99.76,Centro-Oeste,-15.0,-55.0,20,1
2024-01-30 21:00:00,0.0,24.78,1.87,99.8,Centro-Oeste,-15.0,-55.0,21,1
2024-01-30 22:00:00,0.0,24.13,1.93,99.57,Centro-Oeste,-15.0,-55.0,22,1
2024-01-30 23:00:00,0.0,23.55,1.89,99.55,Centro-Oeste,-15.0,-55.0,23,1
2024-01-31 00:00:00,0.0,23.1,1.87,100.0,Centro-Oeste,-15.0,-55.0,0,1
2024-01-31 01:00:00,0.0,22.65,1.74,98.95,Centro-Oeste,-15.0,-55.0,1,1
2024-01-31 02:00:00,0.0,22.24,1.63,99.19,Centro-Oeste,-15.0,-55.0,2,1
2024-01-31 03:00:00,0.0,22.0,1.54,98.18,Centro-Oeste,-15.0,-55.0,3,1
2024-01-31 04:00:00,0.0,21.91,1.46,98.68,Centro-Oeste,-15.0,-55.0,4,1
2024-01-31 05:00:00,7.55,22.23,1.61,79.6,Centro-Oeste,-15.0,-55.0,5,1
2024-01-31 06:00:00,141.05,23.7,2.21,52.88,Centro-Oeste,-15.0,-55.0,6,1
2024-01-31 07:00:00,358.58,26.25,2.38,37.88,Centro-Oeste,-15.0,-55.0,7,1
2024-01-31 08:00:00,606.35,28.99,2.73,23.23,Centro-Oeste,-15.0,-55.0,8,1
2024-01-31 09:00:00,677.2,31.25,2.76,71.53,Centro-Oeste,-15.0,-55.0,9,1
2024-01-31 10:00:00,787.9,32.78,2.57,86.13,Centro-Oeste,-15.0,-55.0,10,1
2024-01-31 11:00:00,841.7,33.76,2.35,83.45,Centro-Oeste,-15.0,-55.0,11,1
2024-01-31 12:00:00,831.85,34.37,2.11,53.43,Centro-Oeste,-15.0,-55.0,12,1
2024-01-31 13:00:00,719.97,34.49,1.93,56.9,Centro-Oeste,-15.0,-55.0,13,1
2024-01-31 14:00:00,492.55,34.17,1.85,67.59,Centro-Oeste,-15.0,-55.0,14,1
2024-01-31 15:00:00,286.08,33.42,1.87,85.49,Centro-Oeste,-15.0,-55.0,15,1
2024-01-31 16:00:00,163.68,32.01,1.83,88.7,Centro-Oeste,-15.0,-55.0,16,1
2024-01-31 17:00:00,46.33,30.08,1.6,94.49,Centro-Oeste,-15.0,-55.0,17,1
2024-01-31 18:00:00,0.0,27.62,1.52,98.95,Centro-Oeste,-15.0,-55.0,18,1
2024-01-31 19:00:00,0.0,26.75,1.55,95.68,Centro-Oeste,-15.0,-55.0,19,1
2024-01-31 20:00:00,0.0,26.07,1.47,85.16,Centro-Oeste,-15.0,-55.0,20,1
2024-01-31 21:00:00,0.0,25.42,1.42,96.7,Centro-Oeste,-15.0,-55.0,21,1
2024-01-31 22:00:00,0.0,24.83,1.4,98.49,Centro-Oeste,-15.0,-55.0,22,1
2024-01-31 23:00:00,0.0,24.23,1.46,98.76,Centro-Oeste,-15.0,-55.0,23,1
